tree
version=v4
num_class=1
num_tree_per_iteration=1
label_index=0
max_feature_idx=19
objective=binary sigmoid:1
feature_names=slaHitRate firstTimeFixRate acceptanceRate reworkRate avgResponseMinutes csat dataSufficiency utilizationPct openJobs priority estimatedLabourHours notToExceedUsd isRecall riskTier safetyRisk slaSensitivity distanceKm isAfterHours slaHoursRemaining certMatch
feature_infos=[0.30773006626635008:0.99830522924215936] [0.15148780763415373:0.99669080958125666] [0.13933183805659449:0.99650489062781611] [0.00032735393905369917:0.48577996095294007] [20.005912437666545:219.99571571421671] [3.2000642811912279:4.9998782285578063] [0:2] [0.10015356687419745:0.97980376376457112] [0:25] [0:2] [1.0010189084887799:7.9977466324521869] [403.50038523672492:8999.0947794961958] [0:1] [0:2] [0:1] [0:2] [1.0237567062120272:89.977615860008314] [0:1] [2.0018827403095347:47.994089673335502] none
tree_sizes=1665 1695 1702 1707 1715 1705 1705 1724 1696 1708 1699 1715 1705 1718 1718 1709 1713 1720 1716 1697 1713 1722 1711 1712 1693 1717 1720 1723 1716 1728 1718 1721 1723 1724 1709 1710 1703 1713 1719 1722 1713 1706 1713 1719 1720 1705 1721 1714 1715 1709 1708 1713 1716 1722 1715 1729 1720 1720 1724 1712 1712 1717 1716 1713 1721 1725 1710 1721 1730 1710 1703 1708 1722 1717 1719 1712 1705 1707 1721 1704 1729 1732 1718 1715 1732 1715 1711 1713 1708 1728 1708 1691 1717 1713 1711 1709 1722 1711 1706 1727 1720 1703 1731 1700 1712 1713 1734 1706 1717 1715 1714 1715 1729 1713 1706 1713 1727 1719 1716 1717 1718 1721 1707 1717 1710 1704 1724 1726 1724 1731 1708 1718 1705 1707 1720 1720 1717 1713 1725 1702 1705 1717 1724 1711 1704 1705 1709 1727 1729 1713

Tree=0
num_leaves=15
num_cat=0
split_feature=16 0 7 3 4 18 1 3 10 1 0 3 0 18
split_gain=147.645 76.211 65.2508 48.817 38.5742 32.4604 28.0563 27.3076 23.8409 23.4303 30.1623 29.2755 27.4833 21.6983
threshold=32.956297189779768 0.86237511384741294 0.31993491589302309 0.11758726838713723 86.780669389093546 17.351244543707001 0.80586381763878823 0.12521158995875278 1.8443465607786613 0.76282587689861459 0.7466140431188184 0.057817635664088436 0.95673475931212149 16.327662549912734
decision_type=2 2 2 2 2 2 2 2 2 2 2 2 2 2
left_child=1 6 3 5 8 -3 -1 -8 -4 -2 -11 12 -12 -14
right_child=9 2 4 -5 -6 -7 7 -9 -10 10 11 -13 13 -15
leaf_value=-2.4445338770972467 -2.4832888795907269 -1.8545105138304947 -2.0115906736092892 -2.3632462313062841 -2.380043051044193 -2.1451088094212647 -2.3154595344227502 -2.4661403314568249 -2.2697752296426259 -2.491870814063712 -2.3785243386756627 -2.4397152238278186 -1.9686741299554402 -2.3411473421610696
leaf_weight=38.919030763208866 81.692179135978222 3.8541176095604879 2.796124540269374 4.1564013436436644 28.490241937339306 6.8013840168714523 32.873356081545353 10.050934158265589 12.620345897972582 39.296885430812836 38.843459829688072 81.012040734291077 1.9648442715406407 2.0404152050614357
leaf_count=515 1081 51 37 55 377 90 435 133 167 520 514 1072 26 27
internal_value=-2.4108 -2.34545 -2.2759 -2.13071 -2.32488 -2.04 -2.39534 -2.35074 -2.22295 -2.44832 -2.4308 -2.41143 -2.35795 -2.15842
internal_weight=385.412 140.562 58.7186 14.8119 43.9067 10.6555 81.8433 42.9243 15.4165 244.85 163.158 123.861 42.8487 4.00526
internal_count=5100 1860 777 196 581 141 1083 568 204 3240 2159 1639 567 53
is_linear=0
shrinkage=1


Tree=1
num_leaves=15
num_cat=0
split_feature=16 0 7 3 6 1 3 4 1 0 16 7 1 16
split_gain=121.757 63.9219 45.9704 38.9363 33.1677 28.1996 20.2818 18.8781 18.5859 27.1717 20.2564 18.3919 18.3062 21.167
threshold=36.716701944174581 0.77514679461090841 0.612099368809772 0.12003067497249061 1.5000000000000002 0.80714004592778998 0.055792876046383132 115.85224699651137 0.86112905087120362 0.85049387113106312 19.513700929842241 0.28053601429439523 0.76282587689861459 69.657309998146047
decision_type=2 2 2 2 2 2 2 2 2 2 2 2 2 2
left_child=1 -1 3 4 -3 7 12 -6 10 -10 -7 -11 -2 -14
right_child=6 2 -4 -5 5 8 -8 -9 9 11 -12 -13 13 -15
leaf_value=-0.026377767420508461 -0.061250892078249006 0.061925624701137515 0.02395186376813984 0.019130611899949232 0.21090352946849522 0.48126580388024365 -0.056262328073775604 0.038404224945874386 0.033059961449793292 0.43931436596409629 0.21365542882235705 0.19804600715670082 0.061517173012907954 -0.045101788226598591
leaf_weight=47.308457918465137 25.17052236199379 15.431901685893534 48.04397264122963 16.516784377396107 8.0140758231282252 4.2092522308230427 146.52942971885204 8.2302244976162893 3.9708927124738684 3.1688206493854505 3.1762003898620605 5.5879504233598709 32.226556912064552 18.909763932228088
leaf_count=623 354 183 610 214 95 48 2022 103 49 31 37 67 418 246
internal_value=-0.00036485 0.0520301 0.0839111 0.126084 0.160194 0.201904 -0.0388455 0.123506 0.265222 0.206641 0.366177 0.285354 -0.00540049 0.0220904
internal_weight=386.495 163.659 116.35 68.3061 51.7893 36.3574 222.836 16.2443 20.1131 12.7277 7.38545 8.75677 76.3068 51.1363
internal_count=5100 2060 1437 827 613 430 3040 198 232 147 85 98 1018 664
is_linear=0
shrinkage=0.08


Tree=2
num_leaves=15
num_cat=0
split_feature=16 0 4 7 3 0 1 1 7 1 7 7 4 6
split_gain=101.09 48.8042 36.0471 24.3196 18.7062 17.8788 17.5584 17.37 13.9535 13.8457 24.5881 13.7464 18.2679 13.497
threshold=36.716701944174581 0.77514679461090841 145.20459391210031 0.61858232013379566 0.060611547934944131 0.94802377813342453 0.71896184189506795 0.84634776622874319 0.38228958243350836 0.92847902642710001 0.33869549614403643 0.14401146604876661 120.42118537312142 1.0000000180025095e-35
decision_type=2 2 2 2 2 2 2 2 2 2 2 2 2 2
left_child=1 9 3 6 5 11 8 -7 -3 -1 -11 12 -2 -8
right_child=4 2 -4 -5 -6 7 13 -9 -10 10 -12 -13 -14 -15
leaf_value=-0.040331935401652065 0.2810318704851289 0.12505207127630144 0.014326171223665673 0.046556185383885021 -0.055947730899539777 -0.0077283622004828845 -0.0041712045307924972 0.20768252567032222 -0.054584317799644601 0.32273746973789019 -0.037450334809284926 -0.029295666810240921 -0.049143777013107411 0.1773206939041953
leaf_weight=41.118029534816742 2.1743537411093703 6.7048623934388143 45.205522820353508 29.736654154956341 131.13432714343071 5.0197799801826459 2.8314463272690764 4.5831589922308922 4.7125052809715271 1.9501507580280293 3.2087478935718536 70.695959821343422 2.116244837641716 35.522046871483326
leaf_count=556 30 73 546 365 1900 67 32 52 55 25 42 962 29 366
internal_value=-0.000611658 0.0453308 0.0713659 0.103797 -0.0370272 -0.0076957 0.137997 0.09508 0.0509074 -0.0248321 0.0987067 -0.0208574 0.11818 0.163922
internal_weight=386.714 170.99 124.713 79.5075 215.724 84.5895 49.7709 9.60294 11.4174 46.2769 5.1589 74.9866 4.2906 38.3535
internal_count=5100 2060 1437 891 3040 1140 526 119 128 623 67 1021 59 398
is_linear=0
shrinkage=0.08


Tree=3
num_leaves=15
num_cat=0
split_feature=16 0 1 3 4 4 1 0 16 3 7 2 11 5
split_gain=84.8063 39.2345 32.2652 22.3736 22.2548 19.176 18.6563 23.8601 21.8427 26.7866 21.4988 22.5377 16.1332 14.4271
threshold=36.716701944174581 0.73153734747836452 0.8045878181822016 0.12003067497249061 102.2557701737628 170.35560462749035 0.76282587689861459 0.7485346714309562 64.450986319380789 0.10912843855464667 0.29081306206837143 0.90839364517270516 8293.3153523094406 3.8310442227028352
decision_type=2 2 2 2 2 2 2 2 2 2 2 2 2 2
left_child=1 -1 4 5 -3 12 -2 -8 9 10 11 -9 13 -4
right_child=6 2 3 -5 -6 -7 7 8 -10 -11 -12 -13 -14 -15
leaf_value=-0.042495277794436868 -0.070362412043654496 0.066520444988484195 0.062662431917302489 0.013498471894330833 -0.028526385728624662 0.028328719222989695 -0.078882806389389479 0.12233207708810674 -0.038917199123962617 -0.052836758282658658 0.039021929823822826 0.47370607260483732 0.31721661750425617 0.15567716136796911
leaf_weight=30.579901859164238 66.261122606694698 28.688975639641285 16.176581270992756 18.903977774083614 35.001860499382019 13.628509491682051 32.80905644595623 6.4817440807819358 51.847058311104774 16.767589375376701 33.537345334887505 1.4251666218042371 2.9374777302145949 31.364693231880665
leaf_count=420 1014 316 166 231 435 155 494 86 734 250 443 19 30 307
internal_value=-0.00076964 0.039936 0.0571187 0.0899818 0.0142866 0.112535 -0.0352764 -0.0190038 -0.00115357 0.0324811 0.0669991 0.185665 0.13527 0.124028
internal_weight=386.411 177.282 146.702 83.0112 63.6908 64.1073 209.129 142.868 110.059 58.2118 41.4443 7.90691 50.4788 47.5413
internal_count=5100 2060 1640 889 751 658 3040 2026 1532 798 548 105 503 473
is_linear=0
shrinkage=0.08


Tree=4
num_leaves=15
num_cat=0
split_feature=16 0 3 0 1 16 7 7 6 0 3 4 0 13
split_gain=71.8573 30.2442 26.4947 21.3658 25.8314 22.0846 19.2205 18.273 16.0754 13.258 13.7387 12.4575 13.9803 13.0168
threshold=32.956297189779768 0.77784913236788122 0.12455678055257875 0.7466140431188184 0.76282587689861459 64.450986319380789 0.64350773169943565 0.54885752793911946 1.0000000180025095e-35 0.96793767164216582 0.10912843855464667 194.88939552853071 0.85516700707467164 1.0000000180025095e-35
decision_type=2 2 2 2 2 2 2 2 2 2 2 2 2 2
left_child=1 -1 6 -2 -5 7 8 9 -3 10 11 12 13 -6
right_child=3 2 -4 4 5 -7 -8 -9 -10 -11 -12 -13 -14 -15
leaf_value=-0.020188571008539873 -0.078907766621859235 -0.051242776131963964 -0.013845677431279065 -0.064580194476794792 0.26727738157715841 -0.037493913542072106 0.027379286068717153 -0.0087896575919444424 0.11226901237426548 0.2600310533427167 -0.028321692673430255 -0.060961300168589888 0.057912626482710831 0.063151721923353804
leaf_weight=41.864150293171406 46.896829627454281 4.1030085608363143 25.789641998708248 52.820953715592623 5.3994737938046544 50.617197029292583 33.051135875284672 34.64778982847929 61.93363893032074 2.2803712263703337 8.2765934839844686 2.9942700862884513 11.990381255745886 3.1750277653336525
leaf_count=572 755 42 308 846 66 741 376 466 562 24 124 38 141 39
internal_value=-0.000918415 0.0386565 0.0583838 -0.0310362 -0.0179991 0.00261102 0.077183 0.0321323 0.10211 0.073692 0.0603447 0.0914942 0.113692 0.191692
internal_weight=385.84 166.742 124.877 219.099 172.202 119.381 99.0878 68.7639 66.0366 34.1161 31.8357 23.5592 20.5649 8.5745
internal_count=5100 1860 1288 3240 2485 1639 980 898 604 432 408 284 246 105
is_linear=0
shrinkage=0.08


Tree=5
num_leaves=15
num_cat=0
split_feature=16 0 4 7 3 1 1 3 7 0 16 1 11 15
split_gain=61.2406 26.9921 23.9434 19.0282 17.0365 16.9825 16.6681 16.6285 14.387 15.25 12.6028 13.455 12.5847 15.429
threshold=36.716701944174581 0.73153734747836452 158.28746793466948 0.34264819822823506 0.055792876046383132 0.72870017645417695 0.93001798104315869 0.12354292200145874 0.14401146604876661 0.89260548510230409 69.657309998146047 0.76282587689861459 1410.3077304269248 1.0000000180025095e-35
decision_type=2 2 2 2 2 2 2 2 2 2 2 2 2 2
left_child=1 -1 3 6 8 -5 -3 -7 9 -2 11 -10 13 -13
right_child=4 2 -4 5 -6 7 -8 -9 10 -11 -12 12 -14 -15
leaf_value=-0.039392694170928701 0.022335804111072985 0.089927822486988468 -0.0059044586249479315 -0.028294316405044279 -0.049975741942170859 0.082673302535159532 0.2458850615090179 -0.01965906837157921 -0.058510484120599074 0.32154233765657325 -0.058480824804363653 0.025500700061232236 0.022387122835999588 0.34271072267749703
leaf_weight=28.859913881868124 2.8957774043083182 30.752634257078171 43.396904788911343 17.239899009466171 125.048076082021 49.08252939581871 5.1153994575142852 12.81630304828286 11.934201866388319 1.748464375734329 23.148268859833479 2.0846870020031925 28.875108659267426 1.8541985824704168
leaf_count=420 38 268 507 203 2022 469 39 154 204 20 359 24 351 22
internal_value=-0.00101641 0.0317642 0.0447284 0.0638344 -0.032084 0.0419272 0.11217 0.0614851 -0.00124173 0.134981 -0.0105596 0.0142301 0.0406852 0.174825
internal_weight=384.852 187.264 158.404 115.007 197.589 79.1387 35.868 61.8988 72.5407 4.64424 67.8965 44.7482 32.814 3.93889
internal_count=5100 2060 1640 1133 3040 826 307 623 1018 58 960 601 397 46
is_linear=0
shrinkage=0.08


Tree=6
num_leaves=15
num_cat=0
split_feature=16 0 0 1 7 1 3 7 10 4 10 16 7 7
split_gain=52.0651 21.8427 20.3662 22.8981 19.5273 17.6898 17.2822 17.0791 15.6961 14.0381 18.5751 13.954 15.5175 12.9128
threshold=32.956297189779768 0.86237511384741294 0.7466140431188184 0.76282587689861459 0.54885752793911946 0.68840639121699321 0.14745972217349487 0.612099368809772 2.0365859000832169 50.481219744837503 5.031463837492379 69.657309998146047 0.53616172303421172 0.75149948569176162
decision_type=2 2 2 2 2 2 2 2 2 2 2 2 2 2
left_child=1 5 -2 -4 11 -1 9 -3 -9 10 -7 12 -5 -11
right_child=2 7 3 4 -6 6 -8 8 -10 13 -12 -13 -14 -15
leaf_value=-0.076373817586969164 -0.077592381383543019 0.086475726529616714 -0.06197206502017312 0.051120894240822612 -0.030839833952233598 0.04151737594624505 -0.078779286116411135 0.1633975045406299 -0.011370347289741909 0.040737987481210249 0.26782533620431814 -0.01967546216513372 0.30272313403191048 -0.048134561640830478
leaf_weight=14.764297120273111 42.404175631701946 55.262211583554745 48.119400832802057 39.965643744915724 55.76517316326499 6.6613071449100953 9.974549785256384 3.7724365219473865 25.658885203301907 41.577854786068201 3.5626160055398941 20.476981598883867 1.6329140476882447 13.981783512979744
leaf_count=202 755 459 846 491 808 71 140 37 281 461 37 321 19 172
internal_value=-0.00108444 0.0310566 -0.0281122 -0.0154696 0.00351931 0.00373517 0.0193474 0.0602584 0.011031 0.034226 0.120376 0.0343856 0.0609973 0.0183729
internal_weight=383.58 175.216 208.364 165.96 117.841 90.5224 75.7581 84.6935 29.4313 65.7836 10.2239 62.0755 41.5986 55.5596
internal_count=5100 1860 3240 2485 1639 1083 881 777 318 741 108 831 510 633
is_linear=0
shrinkage=0.08


Tree=7
num_leaves=15
num_cat=0
split_feature=16 0 4 1 3 16 2 1 7 0 7 6 3 7
split_gain=46.9457 34.4339 24.2376 16.2754 19.5974 16.8698 13.6564 18.3751 14.6884 9.9117 9.47505 9.28154 9.12439 11.5806
threshold=61.997486069500134 0.83803667998118825 147.35533960595373 0.76935091685052759 0.08550455999614949 11.373022056837653 0.94932331819486993 0.89930734032301363 0.61858232013379566 0.65617084879630139 0.52461367821720495 1.0000000180025095e-35 0.05007361898903441 0.46455632498333743
decision_type=2 2 2 2 2 2 2 2 2 2 2 2 2 2
left_child=1 3 6 -1 5 -5 8 -8 11 -7 -11 -3 13 -2
right_child=12 2 -4 4 -6 9 7 -9 -10 10 -12 -13 -14 -15
leaf_value=-0.059329532588572577 0.041305911647071904 -0.036713058044772991 -0.0058925280489250534 0.12837927480255196 -0.043701401394124109 -0.086129707621102281 0.080828246479718077 0.3539413189760115 0.011356579366187598 0.070036898005025452 -0.011084977087924712 0.083144006825434755 -0.065977534896595025 -0.059918887064692575
leaf_weight=38.832378972321749 13.674168635159733 4.4273330345749846 51.071830421686172 9.8091319501399976 34.712396558374166 5.7034220919013014 5.0374717116355887 2.2948360368609428 35.108558256179094 17.439787968993187 19.538501337170601 62.617275562137365 66.643207792192698 15.356466900557278
leaf_count=624 203 46 624 99 494 89 47 19 425 191 237 565 1189 248
internal_value=-0.00114939 0.0150489 0.0396176 -0.0162493 0.00293475 0.0337754 0.0608467 0.166306 0.0532771 0.0120335 0.0271739 0.0752292 -0.0496716 -0.0122394
internal_weight=382.267 286.593 160.557 126.036 87.2032 52.4908 109.485 7.33231 102.153 42.6817 36.9783 67.0446 95.6738 29.0306
internal_count=5100 3460 1726 1734 1110 616 1102 66 1036 517 428 611 1640 451
is_linear=0
shrinkage=0.08


Tree=8
num_leaves=15
num_cat=0
split_feature=16 0 4 1 0 3 3 2 7 7 2 7 0 1
split_gain=41.0602 29.6894 21.1335 17.3367 13.792 12.7979 11.3241 14.3011 12.3995 11.056 10.53 10.1049 9.18074 8.78768
threshold=61.997486069500134 0.74365888487818432 149.24064725740598 0.81611537241760357 0.96793767164216582 0.049063606320913583 0.15057002880295411 0.90706204412300206 0.26343812412544382 0.79875958351830134 0.71768265272018839 0.3469885129035884 0.83803667998118825 0.97240044111303503
decision_type=2 2 2 2 2 2 2 2 2 2 2 2 2 2
left_child=1 13 3 9 6 10 7 -5 -9 -3 -4 -12 -10 -1
right_child=-2 2 5 4 -6 -7 -8 8 12 -11 11 -13 -14 -15
leaf_value=-0.0497257027468547 -0.047864970161041603 0.025739797927481489 0.1321396452452222 0.04833710526826758 0.16212991428778689 -0.033042316208616945 -0.028945472333919541 0.27879004792570561 -0.016215964526706279 -0.056337829981493427 0.10723246248392319 -0.02816460441628816 0.14833823509781247 0.16318179042986264
leaf_weight=46.476035229861736 91.607260290533304 58.636660680174828 5.7663090117275742 64.459433656185865 8.2340828329324705 50.849205579608679 9.4361907839775068 3.1313244849443427 3.1683068573474866 12.795396998524664 4.8108414821326759 13.226297933608292 6.8858736082911491 1.274746611714362
leaf_count=772 1640 656 65 601 62 669 120 21 33 176 48 160 59 18
internal_value=-0.00119119 0.0135958 0.0249969 0.0408349 0.063166 -0.0103794 0.0538083 0.0638654 0.139778 0.0110375 0.0380333 0.00794832 0.0964834 -0.044042
internal_weight=380.758 289.151 241.4 166.747 95.3152 74.6527 87.0811 77.6449 13.1855 71.4321 23.8034 18.0371 10.0542 47.7508
internal_count=5100 3460 2670 1728 896 942 834 714 113 832 273 208 92 790
is_linear=0
shrinkage=0.08


Tree=9
num_leaves=15
num_cat=0
split_feature=16 1 0 1 3 4 16 7 10 11 1 3 1 5
split_gain=36.3938 16.5277 15.3294 17.0174 14.1389 13.4192 12.1284 12.007 10.7817 11.0944 15.5949 10.6284 13.3054 11.6068
threshold=36.716701944174581 0.71896184189506795 0.7485346714309562 0.76282587689861459 0.078324928703627547 48.86629952012624 77.485429352902912 0.52461367821720495 1.9978638015993788 5609.782039375541 0.84634776622874319 0.084370455894635626 0.93750633942323847 4.0404402259735681
decision_type=2 2 2 2 2 2 2 2 2 2 2 2 2 2
left_child=1 -1 -2 -4 6 -3 8 11 9 10 -5 13 -13 -7
right_child=2 5 3 4 -6 7 -8 -9 -10 -11 -12 12 -14 -15
leaf_value=-0.024066543441936178 -0.075092721178628696 0.08511929250519866 -0.060454046324312539 0.36749495947680094 -0.03179698931087413 0.025934945713158113 -0.053556910246147942 -0.0021864677190158769 0.026520395546434209 0.01095336112368517 0.079723279116444515 -0.015182636318179286 0.13477441739005264 0.1111530281615646
leaf_weight=39.154006753116846 34.521671280264854 27.198701549321413 39.835390601307154 2.1038961447775346 47.326820150017738 18.858398482203484 9.9929410107433778 62.073609229177237 41.280326455831528 3.1798428744077682 2.821566142141819 23.915531348437074 4.4992301389574996 22.353520389646292
leaf_count=487 715 231 793 25 783 153 168 712 490 36 30 256 41 180
internal_value=-0.00120997 0.0224897 -0.0271335 -0.0158354 0.000821653 0.0339615 0.0268199 0.0233964 0.0430837 0.127441 0.202644 0.046204 0.00856176 0.0721576
internal_weight=379.115 198.053 181.062 146.541 106.705 158.899 59.3786 131.7 49.3856 8.10531 4.92546 69.6267 28.4148 41.2119
internal_count=5100 2060 3040 2325 1532 1573 749 1342 581 91 55 630 297 333
is_linear=0
shrinkage=0.08


Tree=10
num_leaves=15
num_cat=0
split_feature=16 0 3 1 7 16 10 3 16 4 10 18 1 2
split_gain=32.2922 23.7521 16.8755 16.1413 14.971 11.2657 13.1296 19.4352 10.234 10.1609 10.8395 10.9329 13.1661 11.1071
threshold=61.997486069500134 0.74365888487818432 0.11837116751152428 0.76439490776774244 0.37814815626088472 11.373022056837653 4.585778925251355 0.07945102054095067 3.4044146255159284 194.88939552853071 1.7681963185066303 24.092621555661346 0.92070064389787321 0.85660008483364691
decision_type=2 2 2 2 2 2 2 2 2 2 2 2 2 2
left_child=1 -1 3 4 -3 6 -5 8 -8 10 11 12 -7 -13
right_child=-2 2 -4 5 -6 9 7 -9 -10 -11 -12 13 -14 -15
leaf_value=-0.041773737760939136 -0.044626047910632183 0.049798217300033622 -0.019565801729496256 0.039729481122696614 -0.039232094588703935 -0.092303071870350625 0.068655136873740127 -0.0244617625093414 0.24455583418998741 -0.038505177808018376 0.032490398402704825 0.10208146587654665 0.16150448097851136 0.31275962662481577
leaf_weight=45.435569070279598 85.020137786865234 19.168567582964897 51.529951959848404 16.063605464994911 32.7246876321733 2.8059411048889142 2.8910878524184209 3.2973449528217307 7.9046019613742828 11.109552402049301 90.21782985329628 4.3787478618323803 2.4503515809774399 2.5251572132110596
leaf_count=790 1640 218 704 118 457 27 23 27 60 132 831 32 20 21
internal_value=-0.00122791 0.0113864 0.0211625 0.0318956 -0.00634567 0.0457107 0.0891725 0.145529 0.19745 0.0341618 0.0420473 0.112951 0.0260156 0.179139
internal_weight=377.523 292.503 247.067 195.537 51.8933 143.644 30.1566 14.093 10.7957 113.488 102.378 12.1602 5.25629 6.90391
internal_count=5100 3460 2670 1966 675 1291 228 110 83 1063 931 100 47 53
is_linear=0
shrinkage=0.08


Tree=11
num_leaves=15
num_cat=0
split_feature=16 0 4 1 3 16 7 0 5 3 7 11 18 3
split_gain=28.166 21.705 14.4541 12.7066 15.7473 12.1418 9.92432 9.74181 10.1766 9.4362 10.9757 9.45598 9.11652 8.96289
threshold=61.997486069500134 0.83803667998118825 102.2557701737628 0.72414334052058138 0.08550455999614949 19.743201413423836 0.82804751072245109 0.84082152401205967 4.7558983067820364 0.05007361898903441 0.46455632498333743 2171.5599918455987 3.9898070240926793 0.11758726838713723
decision_type=2 2 2 2 2 2 2 2 2 2 2 2 2 2
left_child=1 3 7 -1 5 6 -5 -3 12 10 11 -2 -9 -4
right_child=9 2 13 4 -6 -7 -8 8 -10 -11 -12 -13 -14 -15
leaf_value=-0.068237810736732907 0.18412202029664537 0.20264203899206426 0.020794512516072162 0.091382074939790878 -0.044038434866288848 -0.0043083601063457749 -0.063542149695782979 0.16004638478365485 0.12326020721675476 -0.061334631927081835 -0.05452816502835648 0.014582927167242332 0.030007324453517427 -0.038506212659817969
leaf_weight=23.504849918186665 2.6511509530246284 2.7102925032377234 69.952361539006233 18.86815527826548 37.158465418964624 40.272605448961258 3.0780203454196444 3.6486475318670264 10.0857369415462 55.754922524094582 13.095708981156347 10.22898982092738 63.481465354561806 21.272521678358316
leaf_count=436 41 26 724 173 580 509 36 26 88 1189 248 162 567 295
internal_value=-0.00123732 0.0103102 0.0287276 -0.0153416 -0.00283045 0.0217799 0.0696535 0.0535651 0.0483325 -0.0427806 -0.00295586 0.0494796 0.0370752 0.00696631
internal_weight=375.764 294.033 171.151 122.882 99.3772 62.2188 21.9462 79.9261 77.2158 81.7308 25.9758 12.8801 67.1301 91.2249
internal_count=5100 3460 1726 1734 1298 718 209 707 681 1640 451 203 593 1019
is_linear=0
shrinkage=0.08


Tree=12
num_leaves=15
num_cat=0
split_feature=16 0 7 6 1 3 1 1 0 4 0 0 1 3
split_gain=25.4334 21.4303 17.4546 17.9564 14.8173 12.1209 13.8292 10.4837 9.08856 8.72132 11.1516 8.4502 13.7315 11.7649
threshold=77.485429352902912 0.74365888487818432 0.64350773169943565 1.5000000000000002 0.97978161616822168 0.075003635586150461 0.91369729393983212 0.954261429658392 0.92716117673525567 79.105250559584263 0.76716528731742761 0.88327541775414609 0.69580591940154035 0.066299183368101353
decision_type=2 2 2 2 2 2 2 2 2 2 2 2 2 2
left_child=1 4 3 7 -1 11 -7 -3 -8 10 -4 12 -5 -14
right_child=-2 2 9 5 -6 6 8 -9 -10 -11 -12 -13 13 -15
leaf_value=-0.049487696292482654 -0.065940573008877068 -0.019602248832991442 0.20857551184340831 -0.087744997301250224 0.22809134126100752 -0.0045992761548383802 0.046160826742356255 0.13008134874784663 0.1943325174466006 -0.031600276470201485 0.0080227591059337262 0.089726042113766058 0.03691708104262767 0.17278638512427066
leaf_weight=49.296811155974865 35.222430892288685 52.090958010405302 1.8890281692147279 4.9125867895781985 1.2622846700251091 46.746112532913685 9.1670819409191591 3.1773217543959609 3.7263295091688624 62.73686657845974 29.252192679792643 39.30043625831604 30.656781565397978 4.704666666686534
leaf_count=954 780 592 27 77 18 585 108 31 33 897 354 322 278 44
internal_value=-0.0012393 0.00548483 0.0139082 0.027583 -0.0425575 0.0428993 0.0156324 -0.0109971 0.088984 -0.014421 0.0201883 0.0633354 0.0375827 0.0549938
internal_weight=374.142 338.919 288.36 194.482 50.5591 139.214 59.6395 55.2683 12.8934 93.8781 31.1412 79.5745 40.274 35.3614
internal_count=5100 4320 3348 2070 972 1447 726 623 141 1278 381 721 399 322
is_linear=0
shrinkage=0.08


Tree=13
num_leaves=15
num_cat=0
split_feature=16 0 1 7 0 6 7 1 7 8 3 4 4 1
split_gain=23.6014 15.5311 16.2314 12.4779 11.3588 11.6731 10.8012 10.3866 9.14502 11.5931 9.44484 8.35791 7.97472 7.83009
threshold=32.956297189779768 0.7466140431188184 0.76282587689861459 0.54885752793911946 0.65617084879630139 1.5000000000000002 0.74441927462751367 0.75657191049877959 0.50957587065848087 10.500000000000002 0.086962794841761767 155.28904157618538 79.105250559584263 0.86503660693378848
decision_type=2 2 2 2 2 2 2 2 2 2 2 2 2 2
left_child=4 -2 -3 8 -1 7 -7 -6 10 -10 11 -4 -5 -11
right_child=1 2 3 12 5 6 -8 -9 9 13 -12 -13 -14 -15
leaf_value=-0.062650814663744323 -0.073329550657218412 -0.055721577500764577 0.065959524512540252 0.020542626298337831 -0.070673129823255701 0.048509746097096719 -0.0094298856901763213 0.012399098195944014 0.26373213510041266 0.16015438433676196 -0.02703967619032913 -0.015277439369459085 -0.047337550363239576 -0.057335673188039865
leaf_weight=10.347850289195774 30.81547973304987 39.04738711938262 26.108632642775774 16.274866241961718 12.957040779292582 100.19004320725799 25.919224828481674 37.542057577520609 2.2563218623399726 1.9129067212343214 20.165125370025635 11.75444161146879 34.679653126746416 2.3744585514068604
leaf_count=178 755 846 276 245 160 854 310 358 29 23 334 142 563 27
internal_value=-0.00124341 -0.0214696 -0.0111309 0.00394056 0.0188132 0.0235864 0.0366014 -0.00891554 0.0272961 0.11695 0.0171861 0.0407398 -0.0256566 0.0397025
internal_weight=372.345 185.389 154.574 115.526 186.956 176.608 126.109 50.4991 64.5719 6.54369 58.0282 37.8631 50.9545 4.28737
internal_count=5100 3240 2485 1639 1860 1682 1164 518 831 79 752 418 808 50
is_linear=0
shrinkage=0.08


Tree=14
num_leaves=15
num_cat=0
split_feature=16 0 4 7 6 0 6 3 10 1 15 1 4 5
split_gain=21.7764 17.4437 14.7337 11.8925 12.6528 12.5102 11.4615 10.6262 12.2012 9.28973 9.85986 8.82444 8.80993 13.3402
threshold=77.485429352902912 0.6775528346316354 83.974949492150799 0.54885752793911946 1.0000000180025095e-35 0.95979619523254078 1.5000000000000002 0.11462751627191824 1.8124436649580771 0.81611537241760357 1.5000000000000002 0.90483268049024645 37.432341746262971 4.7203801428471728
decision_type=2 2 2 2 2 2 2 2 2 2 2 2 2 2
left_child=1 -1 6 4 -4 7 -3 8 -6 12 -11 -7 -8 -14
right_child=-2 2 3 -5 5 11 9 -9 -10 10 -12 -13 13 -15
leaf_value=-0.063335079436549396 -0.063988025560767922 -0.0086030461339283784 -0.088811678600057606 -0.026195922556856759 0.13274594929330277 0.06120641514095243 -0.046114404825782829 -0.039620113810235814 0.016049393606905233 0.052180361775380081 0.14213812162420181 0.23661815069578968 0.012270273353510672 0.15226522004139484
leaf_weight=22.480442401021719 32.310465835034847 32.434478402137756 7.2460115775465956 85.710480183362961 6.2548030652105799 6.631904222071169 10.259341172873972 20.180673718452454 68.883295372128487 39.343763221055269 9.7253614142537099 2.5378776788711548 21.117334302514795 5.4885129109024993
leaf_count=482 780 380 100 1285 60 65 125 318 730 354 87 17 256 61
internal_value=-0.00123954 0.00475357 0.00960029 -0.00377876 0.0134172 0.0205065 0.0319172 0.0119208 0.0257637 0.0472109 0.0700097 0.109754 0.0168647 0.0411498
internal_weight=370.605 338.294 315.814 197.445 111.735 104.489 118.369 95.3188 75.1381 85.9343 49.0691 9.16978 36.8652 26.6058
internal_count=5100 4320 3838 2575 1290 1190 1263 1108 790 883 441 82 442 317
is_linear=0
shrinkage=0.08


Tree=15
num_leaves=15
num_cat=0
split_feature=16 0 1 3 4 1 7 0 16 10 4 18 8 5
split_gain=19.5276 15.4762 13.7366 13.731 10.9455 12.2306 9.68432 10.5387 9.67367 13.762 10.5704 10.3668 9.57158 9.23323
threshold=77.485429352902912 0.6775528346316354 0.72266128418282982 0.073382080167301425 149.24064725740598 0.86606956165075233 0.40099084442870453 0.8392793774894548 11.373022056837653 4.6885688992913446 83.974949492150799 15.551449389918949 19.500000000000004 4.8029600118872784
decision_type=2 2 2 2 2 2 2 2 2 2 2 2 2 2
left_child=1 -1 6 8 5 -5 7 -3 9 -4 13 -11 -12 -10
right_child=-2 2 3 4 -6 -7 -8 -9 10 11 12 -13 -14 -15
leaf_value=-0.061809806903408336 -0.062563268584405099 -0.073238428578878176 0.016213282228793958 -0.018066695245856544 -0.042428230149572012 0.044112372247836477 -0.05474546801244369 0.048781417280105099 0.039680541842980276 0.038365834915143719 -0.011979158713346122 0.18278785917445212 0.054714530367578375 0.14860140869283764
leaf_weight=21.243492737412453 30.4781887345016 6.3657285235822227 12.738787699490787 42.346689008176327 33.967336636036634 38.792825225740671 33.270983081310987 15.70977223291993 39.871737115085125 4.9393214508891097 56.200733553618193 8.9354050420224649 18.242123991250992 5.692011769860982
leaf_count=482 780 120 92 550 541 435 609 178 359 34 617 63 194 46
internal_value=-0.00123105 0.00429423 0.00872311 0.0163803 -0.00430031 0.0116611 -0.027487 0.0135956 0.032616 0.0762516 0.0229391 0.131374 0.00436404 0.0532874
internal_weight=368.795 338.317 317.073 261.727 115.107 81.1395 55.3465 22.0755 146.62 26.6135 120.007 13.8747 74.4429 45.5637
internal_count=5100 4320 3838 2931 1526 985 907 298 1405 189 1216 97 811 405
is_linear=0
shrinkage=0.08


Tree=16
num_leaves=15
num_cat=0
split_feature=16 1 7 3 6 7 11 4 2 4 1 16 4 7
split_gain=17.7571 12.0812 10.8762 10.144 8.4604 8.25978 9.53602 8.33215 8.42722 8.1431 7.89106 8.39434 7.45612 7.14091
threshold=36.716701944174581 0.86503660693378848 0.16032948742140371 0.055435369898579029 1.5000000000000002 0.74441927462751367 8634.5402789411564 213.22790332245401 0.56340833697644843 84.599404446409821 0.75657191049877959 11.731035005182767 92.360892894209272 0.65955699445319904
decision_type=2 2 2 2 2 2 2 2 2 2 2 2 2 2
left_child=4 3 9 13 10 7 -7 8 12 -3 -1 -12 -6 -2
right_child=1 2 -4 -5 5 6 -8 -9 -10 -11 11 -13 -14 -15
leaf_value=-0.064745967821242728 0.013508988116700728 0.25080177340252158 -0.0044027429127840943 -0.060723055632027914 0.19301819098238621 -0.024568707752737718 0.15997009604952173 0.16302849312739337 0.025005340157072765 0.04329488296562025 0.051348353396957494 -0.022101755397529298 0.027291816526877347 -0.063275452628221748
leaf_weight=13.705476373434065 28.102851992473006 1.8394967466592778 61.045855147764087 56.865970643237233 3.7239359579980365 28.284042168408636 1.913375250995158 3.1188196726143351 108.06653362140059 3.5386710856109858 15.784487813711165 26.978726133704185 3.2570453658699989 10.703963181003926
leaf_count=199 440 18 1008 1311 25 359 24 32 958 47 148 279 36 216
internal_value=-0.0012224 -0.0210056 0.00520574 -0.0392038 0.0144333 0.0244639 -0.0128759 0.0340061 0.0305084 0.114269 -0.0119207 0.00500969 0.115697 -0.00767023
internal_weight=366.929 162.097 66.424 95.6728 204.832 148.364 30.1974 118.166 115.048 5.37817 56.4687 42.7632 6.98098 38.8068
internal_count=5100 3040 1073 1967 2060 1434 383 1051 1019 65 626 427 61 656
is_linear=0
shrinkage=0.08


Tree=17
num_leaves=15
num_cat=0
split_feature=16 0 7 3 1 1 0 16 3 3 1 4 16 16
split_gain=16.693 13.6597 11.0582 10.5795 12.0885 9.48676 8.20081 8.01207 7.35701 9.16727 7.85037 7.65417 6.7856 6.13261
threshold=77.485429352902912 0.6775528346316354 0.64350773169943565 0.086962794841761767 0.91369729393983212 0.56197329725999834 0.92716117673525567 11.373022056837653 0.053544143083032826 0.051811234115113021 0.76935091685052759 31.421381335560458 36.417506849672726 36.936889334119407
decision_type=2 2 2 2 2 2 2 2 2 2 2 2 2 2
left_child=1 -1 3 5 -5 -3 13 -7 9 10 -4 -12 -10 -6
right_child=-2 2 8 4 6 7 -8 -9 12 -11 11 -13 -14 -15
leaf_value=-0.060297303779166041 -0.060480696543433389 -0.088239594598082477 -0.065628331182678898 -0.024382063504186268 0.063204970753556314 0.072573371526867908 0.13537763073790582 0.024535086048240794 -0.0092778011159463398 0.17732003064548496 0.17167465336946294 0.01275516194715874 -0.062702603583712893 -0.053481506263640621
leaf_weight=20.055307006463408 28.064095189794898 4.1798371765762559 7.8521822951734057 57.059448001906276 7.0439743325114268 27.725649166852236 5.2590753994882098 111.90388778783381 37.798861160874367 2.085161928087472 2.11031221225858 23.985018510371447 25.46656765602529 4.8793899901211262
leaf_count=482 780 67 143 822 61 178 44 1106 470 26 20 270 547 84
internal_value=-0.0011974 0.00373357 0.00778008 0.0178576 -0.00666751 0.0305188 0.052159 0.0340738 -0.0143495 0.0145045 0.00450384 0.0256069 -0.0307832 0.0154534
internal_weight=365.469 337.405 317.349 218.051 74.2419 143.809 17.1824 139.63 99.2981 36.0327 33.9475 26.0953 63.2654 11.9234
internal_count=5100 4320 3838 2362 1011 1351 189 1284 1476 459 433 290 1017 145
is_linear=0
shrinkage=0.08


Tree=18
num_leaves=15
num_cat=0
split_feature=0 4 1 3 7 16 8 1 11 1 7 0 10 16
split_gain=15.0904 10.8399 10.4493 14.6483 8.95595 8.39327 7.69621 9.91336 7.08175 7.00687 6.31032 8.86131 7.69969 7.83943
threshold=0.83803667998118825 147.35533960595373 0.72414334052058138 0.08550455999614949 0.7479375214952485 19.743201413423836 23.500000000000004 0.87905939806398681 611.46873486794436 0.56197329725999834 0.3937166408259295 0.84082152401205967 1.9978638015993788 46.154031125473153
decision_type=2 2 2 2 2 2 2 2 2 2 2 2 2 2
left_child=2 9 -1 4 5 -4 -7 -8 -5 -2 -11 -12 13 -13
right_child=1 -3 3 8 -6 6 7 -9 -10 10 11 12 -14 -15
leaf_value=-0.068054210241997509 -0.07110762433617604 -0.015499571112565086 0.065477587667124415 0.12043609547704787 -0.043499450246584311 -0.0080780185148058396 0.0074622271592661429 0.2647704549044485 -0.055190381970831988 0.046510199397321622 0.14980570802857904 0.095688364417631122 -0.0028534364153163538 -0.042083917316625759
leaf_weight=24.992830943316221 4.8177168201655141 63.481373181566596 20.072512947022915 1.5234891995787609 16.459253501147032 38.918568992987275 2.4489660970866671 1.5743123479187486 41.388186672702432 61.512352965772152 2.9265099689364424 10.730452846735714 69.156162392348051 3.5072075910866252
leaf_count=628 84 912 159 24 281 571 34 21 842 534 28 79 838 65
internal_value=-0.00117703 0.0122828 -0.020916 -0.0112897 0.00904769 0.0227729 0.00281127 0.108147 -0.0489551 0.0238364 0.0269305 0.0129779 0.00817626 0.0617505
internal_weight=363.51 216.132 147.378 122.385 79.4736 63.0144 42.9418 4.02328 42.9117 152.65 147.833 86.3203 83.3938 14.2377
internal_count=5100 2540 2560 1932 1066 785 626 55 866 1628 1544 1010 982 144
is_linear=0
shrinkage=0.08


Tree=19
num_leaves=15
num_cat=0
split_feature=16 0 6 5 0 4 10 11 5 2 0 10 11 7
split_gain=14.5282 11.722 10.9354 10.7663 12.9113 13.4861 11.3092 10.6742 11.1271 10.271 11.4437 10.6596 10.2707 8.3516
threshold=77.485429352902912 0.65617084879630139 1.5000000000000002 3.7271761235922178 0.94110347444780518 102.2557701737628 4.3151914987665725 1295.0101533911391 4.585462778199628 0.60221949285691212 0.89260548510230409 4.6885688992913446 1073.7413152993211 0.5944072463767982
decision_type=2 2 2 2 2 2 2 2 2 2 2 2 2 2
left_child=1 -1 -3 4 5 6 -4 8 12 10 -9 -12 13 -5
right_child=-2 2 3 7 -6 -7 -8 9 -10 -11 11 -13 -14 -15
leaf_value=-0.06723184105190784 -0.058598016872280285 -0.017412697756076879 -0.045693160113111184 0.13492749333371085 0.068810553112500228 -0.065385380737142798 0.060955122242162173 0.021179219607855463 -0.025657982919905186 0.012139501223413871 0.039360400275874008 0.23997692315663588 0.24181140983526625 -0.01996530771925795
leaf_weight=14.42397517710924 26.142273936420679 88.677954467013478 11.320822831243278 6.3264795914292353 10.602801509201525 28.730289461091161 14.532644765451549 9.2548725660890359 4.3375933635979882 133.51643652096391 2.8950245194137088 4.0895722508430481 3.400881763547658 3.438834335654974
leaf_count=380 780 1194 133 58 97 406 150 132 56 1575 29 33 27 50
internal_value=-0.00115551 0.00331979 0.00648876 0.0156071 -0.0119718 -0.0276636 0.0142555 0.0263556 0.0854693 0.0194462 0.07952 0.156824 0.12208 0.0803823
internal_weight=361.69 335.548 321.124 232.446 65.1866 54.5838 25.8535 167.26 17.5038 149.756 16.2395 6.9846 13.1662 9.76531
internal_count=5100 4320 3940 2746 786 689 283 1960 191 1769 194 62 135 108
is_linear=0
shrinkage=0.08


Tree=20
num_leaves=15
num_cat=0
split_feature=16 0 3 4 3 7 2 12 2 11 10 7 7 11
split_gain=12.9883 10.4942 9.43491 9.44802 10.0159 8.85618 8.68496 8.5342 8.34174 8.08767 7.45658 6.9844 11.7917 8.4072
threshold=77.485429352902912 0.65617084879630139 0.14745972217349487 153.49443566008213 0.049063606320913583 0.16751240539926313 0.71768265272018839 1.0000000180025095e-35 0.66857484583332993 487.13911553831866 5.9567143526373929 0.33223227830625562 0.25394377948688457 7542.5527959845631
decision_type=2 2 2 2 2 2 2 2 2 2 2 2 2 2
left_child=1 -1 3 7 5 -5 8 9 10 -3 -7 12 -11 -14
right_child=-2 2 -4 4 -6 6 -8 -9 -10 11 -12 -13 13 -15
leaf_value=-0.065934163668747811 -0.057055571615715117 0.18641360537697993 -0.033015537714841718 0.18571474512271585 -0.037338892510897448 -0.046073329143882277 -0.014993558320661259 -0.038375259170023358 0.19658846759532392 0.019991914647270827 0.16605769331799639 0.011719964277874433 0.073632344461270677 0.223596251448583
leaf_weight=13.566525565460323 24.758411180227995 1.943504437804221 35.485350025817752 1.9667174722999359 45.362053235992789 3.3216752558946636 22.05689107067883 15.11320038884878 2.7153292540460825 42.443193649873137 1.5578824654221533 129.02374225482345 18.040728209540251 2.7583410181105128
leaf_count=380 780 18 615 21 717 37 265 175 27 367 19 1500 149 30
internal_value=-0.00113939 0.00298876 0.00589453 0.0107172 -0.0132471 0.0213166 0.0104125 0.0195303 0.0841961 0.0240364 0.0216531 0.0223951 0.0441739 0.0935203
internal_weight=360.114 335.355 321.789 286.303 76.9805 31.6185 29.6518 209.323 7.59489 194.21 4.87956 192.266 63.2423 20.7991
internal_count=5100 4320 3940 3325 1086 369 348 2239 83 2064 56 2046 546 179
is_linear=0
shrinkage=0.08


Tree=21
num_leaves=15
num_cat=0
split_feature=16 3 7 3 15 5 13 6 4 1 16 16 10 10
split_gain=11.7208 8.92124 8.3806 8.27906 8.90652 11.3642 8.036 8.4586 7.98468 7.00144 9.36179 8.67505 8.4157 9.82549
threshold=62.719894319947841 0.14532247418206382 0.54885752793911946 0.037054776602302969 1.0000000180025095e-35 4.6658769524291426 1.5000000000000002 1.0000000180025095e-35 117.83502423152429 0.92553135397597019 11.373022056837653 13.800143574537945 5.9046507852715715 1.8907316853300185
decision_type=2 2 2 2 2 2 2 2 2 2 2 2 2 2
left_child=1 6 3 4 -2 -6 7 -1 -8 10 12 -11 13 -9
right_child=2 -3 -4 -5 5 -7 8 9 -10 11 -12 -13 -14 -15
leaf_value=-0.044207686684069582 -0.015864548619664801 -0.03310674678412083 -0.067718390284892613 -0.031252145535331295 0.029677702482881898 0.28498198153400184 0.0067785244391060174 0.11567914196926066 -0.069361444841214523 -0.017246597836920792 0.0033406512688422662 0.075503406325361552 0.096666184716144771 -0.0026012374237764212
leaf_weight=13.947297548875211 5.3622320070862752 33.887232070788741 25.649550437927246 26.851877421140671 2.6810978651046753 1.9113115686923263 21.576117375865579 5.6208684872835901 14.90355436131358 8.541711036115883 134.68621883541346 26.404840232804418 14.206394692882894 22.435760138556361
leaf_count=194 87 580 758 684 46 25 219 40 209 62 1631 249 116 200
internal_value=-0.00111935 0.00552129 -0.0326139 -0.00815046 0.0541646 0.135933 0.0105113 0.0161388 -0.024328 0.0201109 0.0136484 0.0528333 0.0464977 0.0210951
internal_weight=358.666 296.21 62.4561 36.8065 9.95464 4.59241 262.323 225.843 36.4797 211.896 176.949 34.9466 42.263 28.0566
internal_count=5100 3500 1600 842 158 71 2920 2492 428 2298 1987 311 356 240
is_linear=0
shrinkage=0.08


Tree=22
num_leaves=15
num_cat=0
split_feature=0 1 3 0 7 4 0 5 10 2 1 16 11 18
split_gain=11.1458 9.45924 12.0037 7.41053 7.45492 7.34514 7.27404 6.15363 5.7916 11.676 7.1757 11.5751 6.6778 6.51797
threshold=0.83803667998118825 0.72414334052058138 0.08550455999614949 0.82843636121717001 0.7479375214952485 147.35533960595373 0.8392793774894548 3.330036703072722 1.9978638015993788 0.71768265272018839 0.88505517817838697 13.049814588984018 3994.8492938790864 40.551969910195922
decision_type=2 2 2 2 2 2 2 2 2 2 2 2 2 2
left_child=1 -1 3 4 7 6 -2 -3 9 -8 11 12 -10 -11
right_child=5 2 -4 -5 -6 -7 8 -9 10 13 -12 -13 -14 -15
leaf_value=-0.066080208380614985 0.18403902245578618 -0.058955726753503496 -0.045637486086625545 -0.067293903355781129 -0.035854671324648563 -0.013153382837400404 -0.035045496956071391 0.036956260546169691 0.10464845570181909 0.066189720373618949 0.037184938855824572 -0.018663760502707773 0.0096729047079281011 0.19786431246938313
leaf_weight=22.564115785062313 1.7020286172628392 4.6595864817500106 39.371658142656088 7.4839139077812424 14.047729231417177 61.254400927573442 6.9282775875180986 52.719781858846545 8.5455336421728152 15.02091618999839 43.851556925103068 65.588537763804197 10.633565187454222 2.8648295048624268
leaf_count=628 14 56 866 77 261 912 66 672 58 137 398 848 85 22
internal_value=-0.00109763 -0.0186128 -0.00955766 0.00844392 0.0163795 0.0103029 0.0195644 0.0291676 0.0177399 0.0531261 0.010913 -0.00267784 0.0519907 0.0872806
internal_weight=357.236 140.847 118.283 78.911 71.4271 216.39 155.135 57.3794 153.433 24.814 128.619 84.7676 19.1791 17.8857
internal_count=5100 2560 1932 1066 989 2540 1628 728 1614 225 1389 991 143 159
is_linear=0
shrinkage=0.08


Tree=23
num_leaves=15
num_cat=0
split_feature=16 0 1 6 5 4 0 11 10 10 2 11 5 11
split_gain=10.4799 8.97961 8.8698 7.83266 8.67328 10.2245 11.8815 9.41164 11.4607 8.12306 8.08884 7.93348 11.1165 8.30739
threshold=77.485429352902912 0.65617084879630139 0.56197329725999834 1.5000000000000002 3.7271761235922178 102.2557701737628 0.94802377813342453 3578.708339590065 4.3151914987665725 6.958625270303969 0.59526950903782483 1295.0101533911391 4.6301916353700525 1073.7413152993211
decision_type=2 2 2 2 2 2 2 2 2 2 2 2 2 2
left_child=1 -1 -3 -4 5 7 -7 -5 -9 -10 -6 12 13 -12
right_child=-2 2 3 4 10 6 -8 8 9 -11 11 -13 -14 -15
leaf_value=-0.064153774117186743 -0.054077314370171478 -0.076604120920711907 -0.01370057170937208 -0.034691970996982582 0.078544647515860003 -0.062975538265509556 0.086228793710334206 -0.023640975514015256 0.13249702770415972 -0.028830149408229647 0.066831150675913192 0.01212131592418463 -0.057573836216554652 0.21173418872756966
leaf_weight=12.457137418910859 22.369824158027768 8.2892697528004629 83.706335732713342 12.186711588874457 16.002118822187185 26.491776678711179 3.9213610328733912 7.5592743735760477 10.178740497678517 2.4851880334317675 10.223772419616582 132.99386209249496 3.4775126110762349 3.3657572828233233
leaf_count=380 780 172 1130 125 179 397 41 87 83 25 104 1529 43 25
internal_value=-0.00107035 0.00248686 0.00507395 0.00723988 0.014898 -0.0104211 -0.0437377 0.0208428 0.0543087 0.100838 0.0244765 0.0187108 0.0700589 0.10272
internal_weight=355.709 333.339 320.882 312.592 228.886 62.8231 30.4131 32.4099 20.2232 12.6639 166.063 150.061 17.067 13.5895
internal_count=5100 4320 3940 3768 2638 758 438 320 195 108 1880 1701 172 129
is_linear=0
shrinkage=0.08


Tree=24
num_leaves=15
num_cat=0
split_feature=16 0 1 10 7 4 4 7 2 0 7 5 16 4
split_gain=9.38384 11.5079 10.617 7.91167 6.26699 7.15563 11.2893 7.51676 12.0772 7.14826 6.1593 5.77122 5.76363 6.13073
threshold=32.956297189779768 0.7466140431188184 0.76282587689861459 7.8014361773549536 0.54885752793911946 32.786709582724427 38.685847927557951 0.50957587065848087 0.65910545200232484 0.75607491703842145 0.53616172303421172 3.7964462843253077 31.48667644723464 83.290433512064297
decision_type=2 2 2 2 2 2 2 2 2 2 2 2 2 2
left_child=11 3 -3 -2 5 -4 -7 -8 -9 -6 -10 -1 -13 -14
right_child=1 2 4 -5 9 6 7 8 10 -11 -12 12 13 -15
leaf_value=-0.010153079952255064 -0.079182360655542447 -0.048066951195235158 -0.077112514893872594 0.14924716758670989 0.17218282716692909 0.19583008435549812 0.010622195706331643 0.28753617952263383 -0.03574390536192406 -0.02348669905410989 0.14796979301795532 0.016620369957155812 0.17724944358294409 0.014955691536416196
leaf_weight=57.259252058342099 21.1254414934665 31.031373044475913 4.47848274745047 1.0171039421111334 1.2283872067928303 2.4519505742937318 52.698129944503307 1.665758043527602 2.9120887145400047 43.84043219126761 1.9500899352133272 126.55019479244947 3.0173541493713847 2.9422490298748016
leaf_count=586 726 846 50 29 21 27 682 16 37 787 19 1218 22 34
internal_value=-0.00105008 -0.0150407 -0.00669019 -0.0686896 0.00485374 0.0205274 0.0276171 0.0206531 0.101629 -0.0181536 0.0379388 0.0110702 0.0202411 0.0971252
internal_weight=354.168 164.399 142.257 22.1425 111.225 66.1565 61.678 59.2261 6.52794 45.0688 4.86218 189.769 132.51 5.9596
internal_count=5100 3240 2485 755 1639 831 781 754 72 808 56 1860 1274 56
is_linear=0
shrinkage=0.08


Tree=25
num_leaves=15
num_cat=0
split_feature=16 1 0 7 6 13 1 1 0 7 0 15 16 7
split_gain=8.91001 7.93041 7.60304 6.54592 7.576 7.47774 7.96273 11.2691 9.08005 13.5707 7.48693 6.87378 7.18393 6.70739
threshold=77.485429352902912 0.56197329725999834 0.65617084879630139 0.16751240539926313 1.5000000000000002 1.5000000000000002 0.92553135397597019 0.95041323712718528 0.87553643301069217 0.36045813405100791 0.92624794394888166 1.0000000180025095e-35 30.975336348888948 0.51651939458928775
decision_type=2 2 2 2 2 2 2 2 2 2 2 2 2 2
left_child=1 -1 -3 -4 -5 6 -6 8 9 -8 -10 -7 -13 -9
right_child=-2 2 3 4 5 11 7 13 10 -11 -12 12 -14 -15
leaf_value=-0.075793927317534843 -0.051799509536517928 -0.061378626171492971 0.040350163520883484 -0.019645041567550002 0.0085698068860093294 -0.066444522137294695 0.19109149949272833 0.054616855185105423 0.237951815395195 -0.024838540461748018 0.081686220348224342 0.060975056261034936 -0.05208129521326086 -0.05232255167760741
leaf_weight=8.1488570272922498 20.818546567112207 10.960977433249353 32.576134981587529 73.278251811861992 146.50349479913712 14.458029767498376 2.7001514248549991 7.7316769286990148 3.9731047488749018 6.0064458791166544 3.877117644995451 8.1975339204072935 6.4096815176308146 7.2957089841365814
leaf_count=195 780 357 296 1027 1775 185 21 66 32 78 28 76 110 74
internal_value=-0.00103015 0.00215229 0.0041129 0.0064063 0.00246322 0.0102838 0.0164242 0.0528571 0.0983824 0.0421272 0.160774 -0.0273397 0.0113657 0.00269839
internal_weight=352.936 332.117 323.968 313.007 280.431 207.153 178.088 31.5842 16.5568 8.7066 7.85022 29.0652 14.6072 15.0274
internal_count=5100 4320 4125 3768 3472 2445 2074 299 159 99 60 371 186 140
is_linear=0
shrinkage=0.08


Tree=26
num_leaves=15
num_cat=0
split_feature=0 1 3 0 7 1 8 8 10 6 2 1 0 7
split_gain=8.0428 8.15128 10.3708 6.67263 6.53913 7.9881 8.4205 9.61985 6.30582 7.50699 7.46621 8.87852 7.72855 7.35325
threshold=0.83803667998118825 0.72414334052058138 0.08550455999614949 0.82843636121717001 0.31656789824107229 0.84406929606529768 20.500000000000004 3.5000000000000004 1.9978638015993788 1.0000000180025095e-35 0.68812555319057567 0.78477332757859863 0.85957131351517557 0.61858232013379566
decision_type=2 2 2 2 2 2 2 2 2 2 2 2 2 2
left_child=1 -1 3 4 5 -3 7 -7 10 -10 -2 -12 -13 -11
right_child=8 2 -4 -5 -6 6 -8 -9 9 13 11 12 -14 -15
leaf_value=-0.063515240762337791 -0.035845503837600039 -0.00021013640678626779 -0.043065575388024503 -0.065539508419492534 0.00056917199395146772 0.21850529892173159 0.24482097839703496 0.019878271538993821 -0.064350425676089257 0.017664675681530791 -0.013048351840916267 -0.036642197363763035 0.11058461482454135 -0.017985107764712481
leaf_weight=19.967421531677246 6.5037519372999659 9.2051330953836459 36.944161457940936 7.1048173978924742 50.989126678556204 2.0386758949607593 2.1041893884539595 6.6536267232149839 10.075410068035124 120.16095487214625 7.5896437149494913 2.6616782657802132 15.994732173159717 53.523277090862393
leaf_count=628 78 118 866 77 755 22 23 71 162 1220 99 27 137 817
internal_value=-0.00100774 -0.016332 -0.00814246 0.00837839 0.0157762 0.0545425 0.101225 0.0664639 0.00854792 0.00278421 0.0408881 0.0599027 0.08958 0.00667869
internal_weight=351.517 135.007 115.04 78.0956 70.9908 20.0016 10.7965 8.6923 216.509 183.76 32.7498 26.2461 18.6564 173.684
internal_count=5100 2560 1932 1066 989 234 116 93 2540 2199 341 263 164 2037
is_linear=0
shrinkage=0.08


Tree=27
num_leaves=15
num_cat=0
split_feature=16 1 0 4 5 12 18 10 2 10 16 11 18 16
split_gain=7.89018 6.91357 6.6063 6.47687 7.90447 8.83742 7.63382 7.47338 7.21691 9.48716 5.9814 5.98133 7.96037 7.95673
threshold=76.172470572692674 0.56197329725999834 0.65617084879630139 83.974949492150799 3.987511041989888 1.0000000180025095e-35 38.363338109227357 4.7092610863607716 0.86909720880775343 5.9046507852715715 20.112478526956149 1861.145160332431 32.792740647993746 26.721044670487299
decision_type=2 2 2 2 2 2 2 2 2 2 2 2 2 2
left_child=1 -1 -3 4 7 6 11 -4 -9 -10 -5 -6 13 -13
right_child=-2 2 3 10 5 -7 -8 8 9 -11 -12 12 -14 -15
leaf_value=-0.074389371115409955 -0.045886034027262899 -0.059552885585687283 -0.031805918742536472 0.015887559733056233 0.11752675992118949 -0.063596346477366394 -0.0066254459543609832 0.0026127687210214102 0.19843188725541575 0.0079940162560748519 -0.013970895091620901 -0.015523069017866755 0.1172486673530985 0.063790030873634218
leaf_weight=7.3677619695663443 23.375378189608455 10.137552956119178 27.526485661044717 66.855834254994988 9.5226250942796451 5.0763326771557322 13.851084060966967 18.330849183723334 3.2260556034743777 3.4804242048412561 120.02619815804064 14.233793940395115 8.295586518943308 18.770367348566651
leaf_count=192 860 352 285 656 79 60 136 185 31 35 1824 109 73 223
internal_value=-0.000985861 0.00222674 0.00399445 0.00607797 0.02039 0.0380448 0.0460227 -0.00303699 0.0285921 0.0996014 -0.00328923 0.0603714 0.0471929 0.0295845
internal_weight=350.076 326.701 319.333 309.196 122.314 69.7498 64.6735 52.5638 25.0373 6.70648 186.882 50.8224 41.2997 33.0042
internal_count=5100 4240 4048 3696 1216 680 620 536 251 66 2480 484 405 332
is_linear=0
shrinkage=0.08


Tree=28
num_leaves=15
num_cat=0
split_feature=4 16 8 2 5 7 1 12 10 1 3 6 8 16
split_gain=7.30674 7.86758 7.68752 7.26727 8.47296 7.119 6.84013 6.09707 7.64647 6.49059 8.70158 8.60639 8.70173 6.54539
threshold=153.49443566008213 19.743201413423836 7.5000000000000009 0.80422520378333917 4.1550853720649172 0.12572387739115701 0.8737008625788123 1.0000000180025095e-35 1.9978638015993788 0.86503660693378848 0.075003635586150461 1.5000000000000002 1.5000000000000002 36.417506849672726
decision_type=2 2 2 2 2 2 2 2 2 2 2 2 2 2
left_child=7 2 3 4 -2 -3 -5 9 -9 10 11 -1 -13 -12
right_child=1 5 -4 6 -6 -7 -8 8 -10 -11 13 12 -14 -15
leaf_value=-0.029921673891116694 0.22300290927530456 0.096546540682161147 -0.014164552339071792 -0.090678319052236084 0.017518156980636676 -0.042060625430119673 0.10858180152807245 0.07470363167878584 -0.061855449800290757 0.024743920932432287 -0.00495678928692804 0.12678573687192826 0.020748911516605406 -0.061283500647559198
leaf_weight=20.215895763598382 3.0163736827671546 2.4696230124682179 21.265220040455461 2.5116057395935059 2.2364886328577995 59.702287771739066 1.9653070159256456 3.1703828889876631 15.23308835737407 101.71815318800509 35.348247351124883 5.4585870476439586 53.480185213498771 21.075704540126026
leaf_count=298 31 33 258 34 30 1274 20 39 248 1082 431 57 635 630
internal_value=-0.000959921 -0.0201403 0.0127851 0.0716859 0.135515 -0.0365548 -0.00320569 0.00602863 -0.0383303 0.00946887 -0.00199127 0.0151202 0.0305695 -0.0259962
internal_weight=348.867 93.1669 30.995 9.72978 5.25286 62.1719 4.47691 255.7 18.4035 237.297 135.579 79.1547 58.9388 56.424
internal_count=5100 1680 373 115 61 1307 54 3420 287 3133 2051 990 692 1061
is_linear=0
shrinkage=0.08


Tree=29
num_leaves=15
num_cat=0
split_feature=0 16 7 6 1 3 13 1 1 7 4 5 2 2
split_gain=6.97258 6.33738 6.15588 6.72377 6.4431 6.44127 7.63399 7.16112 7.86264 7.29579 6.79792 9.58486 10.3762 9.03942
threshold=0.65617084879630139 82.055632860816957 0.16751240539926313 1.5000000000000002 0.71896184189506795 0.010635701534368058 1.5000000000000002 0.81611537241760357 0.81890313301115192 0.74441927462751367 83.974949492150799 3.6591740188471342 0.63124189556152854 0.78083145391283626
decision_type=2 2 2 2 2 2 2 2 2 2 2 2 2 2
left_child=-1 2 -2 4 -4 -5 7 9 -9 -7 13 -12 -13 -10
right_child=1 -3 3 5 -6 6 -8 8 10 -11 11 12 -14 -15
leaf_value=-0.062070830244771877 0.034750199731896469 -0.059686458947399816 -0.077946854934988929 0.088385587748783176 -0.011603706489497571 0.0036214578152278516 -0.034516085002882287 0.18088774720215026 0.0023052644654967622 -0.059277271069307497 -0.0563464275407475 0.11116144524733447 0.00543036419891154 0.077096940782042045
leaf_weight=11.545509019866584 35.171725435182452 10.609892938286064 10.970330731943248 5.9784507229924193 64.174152513034642 57.638423297554255 28.239501218311489 1.9872716572135676 18.039614306762815 14.841335757635532 13.388996908441184 6.8709962498396626 43.857967212796211 24.238086236640811
leaf_count=460 337 439 275 58 887 785 400 18 157 322 192 75 490 205
internal_value=-0.000942292 0.00115814 0.00314204 -0.000688479 -0.0212891 0.00650894 0.004168 0.010208 0.0232257 -0.00925802 0.0202809 0.00386058 0.0197511 0.0451838
internal_weight=347.552 336.007 325.397 290.225 75.1445 215.081 209.102 180.863 108.383 72.4798 106.396 64.118 50.729 42.2777
internal_count=5100 4640 4201 3864 1162 2702 2644 2244 1137 1107 1119 757 565 362
is_linear=0
shrinkage=0.08


Tree=30
num_leaves=15
num_cat=0
split_feature=0 1 16 16 4 3 12 16 16 7 8 7 7 4
split_gain=6.52318 8.68096 8.13909 7.41299 5.8484 6.57506 5.69258 7.32447 5.70498 5.55457 7.45494 5.41098 6.40478 10.2353
threshold=0.74365888487818432 0.97978161616822168 29.231486144137133 26.721044670487299 158.28746793466948 0.049063606320913583 1.0000000180025095e-35 6.3377326421868974 1.648194608334677 0.27672652492547778 11.500000000000002 0.32389968477189884 0.25394377948688457 114.43169507470155
decision_type=2 2 2 2 2 2 2 2 2 2 2 2 2 2
left_child=1 2 3 -1 6 9 8 -8 -2 10 -6 12 -10 -14
right_child=4 -3 -4 -5 5 -7 7 -9 11 -11 -12 -13 13 -15
leaf_value=-0.016407325366889606 -0.088536178412530406 0.15312120510632496 -0.074971959780812017 0.16532125669570172 -0.013605231297777964 -0.035916382980975457 0.11909640405739916 -0.055354214855348534 0.015729177579777768 -0.003957135719962512 0.17279191240792369 0.0054187703560539995 0.031832553294825205 0.14831780037703379
leaf_weight=16.958038080483679 3.5088525526225558 1.5666361358016718 19.593782391399145 1.5695299617946137 2.5878915432840612 44.583531003445387 1.725180778652432 14.374779280275105 47.085818441584706 23.385334819555283 2.9257650561630726 143.49328428786248 15.801391899585726 6.9515608288347712
leaf_count=344 25 19 770 27 23 857 15 213 435 304 28 1825 141 74
internal_value=-0.000924621 -0.0314417 -0.0390265 -0.00101251 0.00302796 -0.0166499 0.00923546 -0.0366611 0.0126432 0.0130731 0.0853045 0.0143074 0.0325702 0.0674215
internal_weight=346.111 39.688 38.1214 18.5276 306.423 73.4825 232.941 16.1 216.841 28.899 5.51366 213.332 69.8388 22.753
internal_count=5100 1160 1141 371 3940 1212 2728 228 2500 355 51 2475 650 215
is_linear=0
shrinkage=0.08


Tree=31
num_leaves=15
num_cat=0
split_feature=16 3 11 7 18 17 3 4 11 8 18 16 0 7
split_gain=6.17964 6.23144 6.63163 5.65644 6.32752 6.03648 6.61216 6.65514 5.79651 5.50059 7.67506 5.49286 5.0405 5.92642
threshold=64.450986319380789 0.14532247418206382 487.13911553831866 0.53945104112964526 46.603095880387123 1.0000000180025095e-35 0.03592160050693053 54.499984027588248 8257.8907118421612 2.5000000000000004 34.5957144692292 2.2538289210429761 0.97157020172848763 0.94875747459508653
decision_type=2 2 2 2 2 2 2 2 2 2 2 2 2 2
left_child=1 2 -1 4 5 8 -7 -8 9 10 -2 -4 13 -3
right_child=3 12 11 -5 -6 6 7 -9 -10 -11 -12 -13 -14 -15
leaf_value=0.13351646070212092 -0.023576686089595372 -0.045460418587729319 -0.062019936040138231 -0.061678152499111905 0.21655323978502708 0.17737407060150281 0.19673330075317519 -0.057151936382087383 0.11936828871260652 -0.057000691088554233 0.24546275113401655 0.0081769254145220866 0.086968885933604773 0.15267371154200601
leaf_weight=2.6451293257996431 2.3129518982023138 28.513860622420914 7.3401925079524508 18.786498394794762 0.79744385369121928 2.0344338137656441 0.84830936230719123 2.9892813209444284 1.5565957948565472 18.822285709902644 0.96041220240294922 254.17291668243706 2.1928008180111638 1.0000572027638543
leaf_count=24 51 546 65 716 21 31 21 101 40 500 19 2921 23 21
internal_value=-0.000903162 0.00345907 0.00748144 -0.0271846 -0.0058133 -0.0118194 0.0607803 -0.00102995 -0.0298433 -0.040355 0.0553601 0.00620663 -0.0300524 -0.0387468
internal_weight=344.973 295.865 264.158 49.1082 30.3217 29.5243 5.87202 3.83759 23.6522 22.0956 3.27336 261.513 31.7067 29.5139
internal_count=5100 3600 3010 1500 784 763 153 122 610 570 70 2986 590 567
is_linear=0
shrinkage=0.08


Tree=32
num_leaves=15
num_cat=0
split_feature=1 0 11 10 3 1 0 16 4 8 8 1 18 3
split_gain=6.09867 6.0184 6.49698 6.85683 6.84698 8.63813 6.66926 6.95027 5.49015 7.17437 6.15089 9.35205 8.85482 5.47368
threshold=0.56197329725999834 0.83803667998118825 1205.1810800649537 1.6656623433965778 0.090979276475343734 0.72414334052058138 0.82843636121717001 20.112478526956149 155.28904157618538 1.0000000180025095e-35 20.500000000000004 0.87090723128638536 12.726637272480893 0.021641039116841326
decision_type=2 2 2 2 2 2 2 2 2 2 2 2 2 2
left_child=-1 2 3 -2 5 -4 7 13 9 -9 -11 12 -12 -7
right_child=1 -3 4 -5 -6 6 -8 8 -10 10 11 -13 -14 -15
leaf_value=-0.073538783790184331 0.17758033523947231 0.0089856582787945765 -0.083885196454337368 0.015876639382747599 -0.050357233492511366 0.1588461589982689 -0.073788916066442639 0.18262562127575716 -0.05481264838077661 -0.017810423932192759 0.17345202232728227 0.18951296896170314 -0.088397810739037935 0.032297595778857074
leaf_weight=7.2386345276609054 1.9752668933942903 210.10090103186667 8.3606185410171729 11.162107570096849 32.360881951637566 2.4645234122872379 6.7516679977998129 1.4479486886411894 11.977705233730374 24.536423404701058 1.1931653451174491 2.539230527356267 2.6897601364180446 19.459572732448578
leaf_count=231 23 2421 269 205 924 18 81 22 253 380 15 32 53 173
internal_value=-0.000883911 0.000676597 -0.0130782 0.0401896 -0.0192286 -0.00685636 0.00195843 0.0096712 -0.00853222 0.00857338 0.00043287 0.070133 -0.00793525 0.0465231
internal_weight=344.258 337.02 126.919 13.1374 113.781 81.4206 73.06 66.3083 44.3842 32.4065 30.9586 6.42216 3.88293 21.9241
internal_count=5100 4869 2448 228 2220 1296 1027 946 755 502 480 100 68 191
is_linear=0
shrinkage=0.08


Tree=33
num_leaves=15
num_cat=0
split_feature=0 1 16 7 16 5 3 7 7 2 8 0 4 4
split_gain=5.62054 5.39886 5.01013 4.46035 5.36232 5.20887 5.39509 4.54766 6.12974 9.11259 8.27813 4.98778 5.38064 4.41973
threshold=0.65617084879630139 0.56197329725999834 82.055632860816957 0.16751240539926313 46.154031125473153 3.2238588019336132 0.010635701534368058 0.24768683598658212 0.28347079629217359 0.76893856868734678 14.500000000000002 0.969589607140113 69.499757154676075 88.564821965797663
decision_type=2 2 2 2 2 2 2 2 2 2 2 2 2 2
left_child=-1 -2 3 -3 -5 -6 -7 -8 9 -9 -11 13 -13 -10
right_child=1 2 -4 4 5 6 7 8 11 10 -12 12 -14 -15
leaf_value=-0.059296145146335986 -0.071938484169371195 0.030950752340716738 -0.055984553023408976 0.0077411057269552077 0.14107138623316862 0.085002690663949956 -0.079864661230491948 -0.087535316554828102 -0.0035509246069771023 0.023769302342613916 0.26147104432491519 -0.088618728699194793 0.10747923361043796 -0.047972430493618219
leaf_weight=10.22361738514155 6.3835910009220234 35.044132780283689 9.159040052443741 200.42780084908009 1.3202789528295387 3.0635478589683762 8.1257831053808314 1.7307972852140654 24.231485278345644 2.0182923506945376 1.7512787040323017 1.2119174823164929 3.4299283940345049 35.097418746910989
leaf_count=460 205 323 415 2067 16 34 141 32 465 28 19 21 41 833
internal_value=-0.000869606 0.000924205 0.0023483 0.0040313 0.000690858 -0.0165457 -0.0191256 -0.0232366 -0.0166131 0.0644277 0.134201 -0.0235812 0.0562809 -0.0298295
internal_weight=343.219 332.995 326.612 317.453 282.409 81.9807 80.6604 77.5969 69.4711 5.50037 3.76957 63.9707 4.64185 59.3289
internal_count=5100 4640 4435 4020 3697 1630 1614 1580 1439 79 47 1360 62 1298
is_linear=0
shrinkage=0.08


Tree=34
num_leaves=15
num_cat=0
split_feature=10 10 8 7 18 6 10 4 4 8 8 10 8 5
split_gain=5.06522 7.26106 7.18435 6.97298 7.13906 5.90132 5.56818 8.20035 6.20759 6.58624 11.1418 9.75357 10.5656 7.10069
threshold=1.9978638015993788 3.0561696200399124 2.5000000000000004 0.19735898234491747 26.134883348492263 1.0000000180025095e-35 3.3114073171136593 55.871781565162649 49.385825303929984 13.500000000000002 9.5000000000000018 5.9953447072514878 15.500000000000002 4.7763492662181077
decision_type=2 2 2 2 2 2 2 2 2 2 2 2 2 2
left_child=2 3 -1 4 -2 -3 7 -7 9 10 -8 12 -11 -14
right_child=1 5 -4 -5 -6 6 8 -9 -10 11 -12 -13 13 -15
leaf_value=0.10070657954534719 -0.051869666493541397 -0.05160432433876723 0.010891007324742408 -0.047165102463404648 0.11906867942548821 -0.093674233465993351 0.035477178219619057 0.088346515123260722 -0.0059715431162182609 0.276015847519133 -0.085918646496846829 -0.011726344468857933 0.038299770102489583 0.19720257488352874
leaf_weight=6.5191391883417955 2.8071160800755015 13.179219345562158 45.354709272272885 38.786493514664471 3.5299795409664512 1.9014044757932413 16.053573233075443 9.4909469541162235 177.69973781984299 1.9477613614872122 6.926319151185452 7.2707890160381785 8.203978553414343 2.3055615983903399
leaf_count=73 38 271 627 646 36 31 191 132 2727 29 84 100 94 21
internal_value=-0.000846225 -0.0049633 0.0221784 -0.0344534 0.0433489 0.000468591 0.00342925 0.0579669 0.000610325 0.0279962 -0.00111247 0.0619029 0.104877 0.0731595
internal_weight=341.977 290.103 51.8738 45.1236 6.3371 244.979 231.8 11.3924 220.408 42.708 22.9799 19.7281 12.4573 10.5095
internal_count=5100 4400 700 720 74 3680 3409 163 3246 519 275 244 144 115
is_linear=0
shrinkage=0.08


Tree=35
num_leaves=15
num_cat=0
split_feature=0 1 6 5 11 2 0 11 0 4 4 5 1 16
split_gain=5.03589 4.86414 4.45067 6.05844 8.0094 7.91069 8.16061 9.10856 7.83236 6.55901 8.28192 5.65767 5.95598 5.37685
threshold=0.65617084879630139 0.56197329725999834 1.5000000000000002 3.7271761235922178 8810.0674150692739 0.55747463493498106 0.89260548510230409 2373.5734538869838 0.94110347444780518 102.2557701737628 93.051419904079268 3.3212482482067411 0.91369729393983212 63.971311669031756
decision_type=2 2 2 2 2 2 2 2 2 2 2 2 2 2
left_child=-1 -2 13 4 8 6 7 -5 9 10 -4 -10 -13 -3
right_child=1 2 3 5 -6 -7 -8 -9 11 -11 -12 12 -14 -15
leaf_value=-0.057817569088264874 -0.070789527750589734 -0.0055627593305276959 -0.019571848340814518 0.19934609280522697 0.14668710615686789 0.010739048229659794 0.14977806791242831 -0.032894144176883529 0.14760304333065982 -0.061305702612297348 0.12492998853345322 -0.02928229422999416 0.11738055182614771 -0.063903096696162245
leaf_weight=9.6442861594259721 5.960748507641255 72.223737114109099 23.394305549561981 1.3760976381599883 1.939788570627569 165.56134673859924 5.4962020423263311 5.0370889790356159 2.5154309980571261 24.741974581032991 2.8473817706108084 6.3601411851122958 2.4566014185547829 11.756159397773443
leaf_count=460 205 949 282 17 23 2056 48 75 23 455 33 64 16 394
internal_value=-0.000831502 0.000825552 0.00213618 0.00764826 -0.0134 0.0152691 0.0782441 0.0169384 -0.0183833 -0.0317547 -0.00389253 0.0417751 0.0115822 -0.0137297
internal_weight=341.311 331.667 325.706 241.726 64.2556 177.471 11.9094 6.41319 62.3158 50.9837 26.2417 11.3322 8.81674 83.9799
internal_count=5100 4640 4435 3092 896 2196 140 92 873 770 315 103 80 1343
is_linear=0
shrinkage=0.08


Tree=36
num_leaves=15
num_cat=0
split_feature=16 1 16 7 0 1 3 3 1 2 11 5 8 7
split_gain=4.81096 7.61057 6.29109 6.0398 5.72673 5.03524 6.48502 4.92919 7.98415 7.77744 6.88239 6.10594 5.67443 6.64897
threshold=11.373022056837653 0.93386563577449422 1.648194608334677 0.93620971124855334 0.6775528346316354 0.94054464951552841 0.11165668830191026 0.062544804438461804 0.93001798104315869 0.6712229103840387 4022.0963321455188 3.430105446868525 5.5000000000000009 0.30670085252155549
decision_type=2 2 2 2 2 2 2 2 2 2 2 2 2 2
left_child=2 4 -1 7 -2 6 -3 8 9 -4 -11 -12 13 -9
right_child=1 5 3 -5 -6 -7 -8 12 -10 10 11 -13 -14 -15
leaf_value=-0.07294935103575656 -0.074002033638761011 0.045331387040885032 -0.043711797389267178 0.15336048386291723 -0.0086724953420217552 0.011019857566217881 0.21496679627722082 0.15022861749234645 -0.081064171870111598 0.13092212002566161 0.15941017627072321 0.016458928816610506 -0.022963927663419367 0.00086550458267953343
leaf_weight=4.5088422726839772 8.9322766391560418 7.5273996936157328 4.1275436207652154 2.25753448344767 222.48893170058727 32.115117330104113 1.7841691076755521 2.9719284772872943 2.9680548310279837 8.8108514882624167 2.2958930991590014 11.445661689154802 22.657530852593482 5.3252479005604982
leaf_count=42 457 80 32 24 3508 407 28 21 21 57 17 88 258 60
internal_value=-0.000813948 -0.00554108 0.0183312 0.0248785 -0.0111941 0.026038 0.0778349 0.0200924 0.0434054 0.0572522 0.0757306 0.0403427 -0.00223643 0.0543652
internal_weight=340.217 272.848 67.3691 62.8602 231.421 41.4267 9.31157 60.6027 29.648 26.6799 22.5524 13.7416 30.9547 8.29718
internal_count=5100 4480 620 578 3965 515 108 554 215 194 162 105 339 81
is_linear=0
shrinkage=0.08


Tree=37
num_leaves=15
num_cat=0
split_feature=16 1 3 7 11 4 8 7 9 8 18 4 16 5
split_gain=4.55375 4.38904 3.9572 4.81113 4.22236 4.55101 4.39036 8.73678 6.69442 5.61037 8.61293 5.55666 4.30742 6.81486
threshold=82.055632860816957 0.56197329725999834 0.14745972217349487 0.95138694869893192 487.13911553831866 194.88939552853071 22.500000000000004 0.32389968477189884 1.5000000000000002 24.500000000000004 19.867184383567288 31.421381335560458 32.591708545043346 3.8106356484654218
decision_type=2 2 2 2 2 2 2 2 2 2 2 2 2 2
left_child=1 -1 4 -4 -3 6 -6 9 11 10 -8 -9 13 -7
right_child=-2 2 3 -5 5 12 7 8 -10 -11 -12 -13 -14 -15
leaf_value=-0.069595416499078938 -0.05607700021983112 0.098036007941308581 -0.030425404311566168 0.14695285561521618 0.003353479754178879 -0.089102402345347165 0.038910609222286764 -0.099503462925326538 -0.076222743770805138 0.021568731953171522 0.23614552868270014 0.047922109619150437 -0.064555716752366016 0.031956330738984615
leaf_weight=5.5779963722452512 9.2732065869495255 3.0818887623026958 30.849835051223639 1.010710285976528 232.09756959788501 4.0340696433559087 2.5360005628317612 1.8423941200599134 4.7677155006676903 3.5833263043314219 3.2112506534904242 14.623477365821598 11.476952148601411 11.347647044807671
leaf_count=206 480 32 673 18 2849 62 26 20 81 33 28 182 284 126
internal_value=-0.000787514 0.000765963 0.00197558 -0.0247984 0.00489092 0.00389941 0.00710677 0.0356085 0.00725525 0.100132 0.149115 0.0314264 -0.0274667 0.00020699
internal_weight=339.314 330.041 324.463 31.8605 292.602 289.52 262.662 30.5642 21.2336 9.33058 5.74725 16.4659 26.8587 15.3817
internal_count=5100 4620 4414 691 3723 3691 3219 370 283 87 54 202 472 188
is_linear=0
shrinkage=0.08


Tree=38
num_leaves=15
num_cat=0
split_feature=10 10 7 18 8 0 2 1 12 10 4 4 17 5
split_gain=4.47392 6.26261 5.89026 5.66424 5.26296 5.33354 6.34611 8.94457 5.0912 5.03035 8.28852 6.80027 6.5135 5.71428
threshold=1.9978638015993788 3.0561696200399124 0.19735898234491747 26.134883348492263 2.5000000000000004 0.8448559816593274 0.68812555319057567 0.78477332757859863 1.0000000180025095e-35 3.3114073171136593 55.871781565162649 158.28746793466948 1.0000000180025095e-35 4.6232896130497805
decision_type=2 2 2 2 2 2 2 2 2 2 2 2 2 2
left_child=4 2 3 -2 -1 -6 -7 -8 9 10 -3 -11 13 -12
right_child=1 8 -4 -5 5 6 7 -9 -10 11 12 -13 -14 -15
leaf_value=0.085871733302697012 -0.050257779173070588 -0.0929165269495104 -0.044927016428560132 0.10134992018813459 -0.023961503847946188 -0.043124877776809692 -0.032148788718773982 0.082758937852706826 -0.041630422070367032 0.0085441222608518413 0.090590193008299777 -0.025233784683498395 0.18679310039895214 -0.063764824920445412
leaf_weight=6.9043603828176847 2.7165446868166319 2.0495635066181412 37.05817424505949 3.7603635983541608 17.323359240777791 5.6399379502981928 5.9236807050183442 16.171056101098657 17.199808274395764 163.83570906333625 5.0215275408700091 49.721846795640886 2.81749386806041 2.2107447143644094
leaf_count=73 38 33 646 36 342 68 78 139 315 2224 69 977 38 24
internal_value=-0.000765422 -0.00468386 -0.0326249 0.0377626 0.0208311 0.0108648 0.0326176 0.0519518 0.000324925 0.00352281 0.0537041 0.000679732 0.0836061 0.0434073
internal_weight=338.354 286.392 43.5351 6.47691 51.9624 45.058 27.7347 22.0947 242.857 225.657 12.0993 213.558 10.0498 7.23227
internal_count=5100 4400 720 74 700 627 285 217 3680 3365 164 3201 131 93
is_linear=0
shrinkage=0.08


Tree=39
num_leaves=15
num_cat=0
split_feature=16 0 10 1 16 7 8 7 7 8 13 0 4 13
split_gain=4.28291 6.6016 6.12316 5.59274 4.08457 3.83194 8.97254 6.71869 8.46976 5.77093 5.18614 6.36097 4.73813 7.12371
threshold=36.716701944174581 0.7485346714309562 7.8014361773549536 0.76282587689861459 1.648194608334677 0.16449525311429625 14.500000000000002 0.25087860450301291 0.29081306206837143 16.500000000000004 1.5000000000000002 0.75607491703842145 77.563600877088447 1.0000000180025095e-35
decision_type=2 2 2 2 2 2 2 2 2 2 2 2 2 2
left_child=4 2 -2 -3 -1 6 12 -7 9 -9 11 -10 -5 -14
right_child=1 3 -4 5 -6 7 -8 8 10 -11 -12 -13 13 -15
leaf_value=-0.070869140151502766 -0.076737511694683638 -0.041462713117505684 0.12304612383008907 0.18381942510809715 0.0082725658128430524 -0.061277531595934347 -0.088817266988811303 0.041694442537348449 0.16658468980099567 0.20461551493316832 -0.060694420138795002 0.0017039196922414388 0.12890266580399504 -0.060103252880658105
leaf_weight=4.2633749153465024 13.655507391318677 22.593921219930053 1.0578916426748026 2.4256234876811487 198.3076932374388 10.941152945160864 2.2988843247294426 4.3394148480147114 1.5357124712318171 2.048245245590806 8.5443247538059932 60.163581808097661 3.0004249140620232 2.220939515158534
leaf_count=42 687 793 28 18 2018 143 36 56 21 20 166 1021 27 24
internal_value=-0.000746445 -0.0117946 -0.0623731 -0.00559893 0.00660692 0.00271032 0.0497667 -0.00263402 0.0057389 0.0939362 -0.00228139 0.00580785 0.0914287 0.0485078
internal_weight=337.397 134.826 14.7134 120.112 202.571 97.5183 9.94587 87.5724 76.6313 6.38766 70.2436 61.6993 7.64699 5.22136
internal_count=5100 3040 715 2325 2060 1532 105 1427 1284 76 1208 1042 69 51
is_linear=0
shrinkage=0.08


Tree=40
num_leaves=15
num_cat=0
split_feature=6 5 0 4 4 2 0 18 10 13 5 10 7 5
split_gain=4.16116 5.23808 6.94851 7.87726 6.77772 6.3404 7.03943 7.95638 5.91396 6.00725 5.61559 6.73705 7.81985 7.26992
threshold=1.5000000000000002 3.7271761235922178 0.94110347444780518 102.2557701737628 93.051419904079268 0.59526950903782483 0.91140350993556807 40.759551321893618 1.9757549207396272 1.0000000180025095e-35 4.9230694763673624 1.6656623433965778 0.56605749918278536 4.8902411238460548
decision_type=2 2 2 2 2 2 2 2 2 2 2 2 2 2
left_child=-1 2 3 4 -2 6 7 8 -3 -10 11 12 -7 -13
right_child=1 5 -4 -5 -6 10 -8 -9 9 -11 -12 13 -14 -15
leaf_value=-0.015821577620228698 -0.012944755748546338 0.17344546180494294 0.040764467368291875 -0.060451389236698211 0.10807082894501895 0.11028304661182672 0.13212232189361697 -0.1122473277205801 0.078767050971869174 -0.054337610792045153 -0.05757059923394639 0.0012377298171100013 -0.0060702010618251161 0.10761965420049437
leaf_weight=86.783376108389348 25.167989806272093 2.087299668230119 11.703430652618406 24.64619817212224 3.3570556715130797 8.6545042842626554 5.4427236923947921 2.2707522064447394 5.266050889156757 3.6910761892795563 8.3410995309241098 138.29210657440126 6.4532635556533924 4.2372159617952994
leaf_count=1549 339 30 109 533 37 79 49 31 71 60 120 1947 87 59
internal_value=-0.000731674 0.00451471 -0.0150414 -0.0273247 0.00129733 0.0113823 0.0554688 0.0241359 0.0521765 0.0239169 0.00639992 0.00978481 0.0605829 0.00440033
internal_weight=336.394 249.611 64.8747 53.1712 28.525 184.736 18.7579 13.3152 11.0444 8.95713 165.978 157.637 15.1078 142.529
internal_count=5100 3551 1018 909 376 2533 241 192 161 131 2292 2172 166 2006
is_linear=0
shrinkage=0.08


Tree=41
num_leaves=15
num_cat=0
split_feature=0 1 3 0 1 2 4 10 5 4 16 5 5 1
split_gain=3.94453 5.46496 6.55964 6.20099 4.93178 5.22551 4.58116 6.1281 4.94713 5.76735 5.26804 4.23085 6.42656 4.94036
threshold=0.83803667998118825 0.72414334052058138 0.090979276475343734 0.82843636121717001 0.96362653510537422 0.86782814729363467 68.776374934466432 1.1503975185217399 4.2003625787374714 39.209476364472231 36.716701944174581 3.8920623325709838 4.0531109223423085 0.8045878181822016
decision_type=2 2 2 2 2 2 2 2 2 2 2 2 2 2
left_child=1 -1 3 11 6 -6 8 -8 -4 -10 -11 -3 13 -13
right_child=-2 2 4 -5 5 -7 7 -9 9 10 -12 12 -14 -15
leaf_value=-0.057004658948134557 0.005875534818693318 -0.014041343456243971 -0.065353850716375936 -0.066348577043117654 -0.030866441314293148 0.20982274703600862 0.19492949207685992 -0.079901549344484998 -0.08688522249832771 0.20250731869561345 -0.014660081813541065 0.1981391519246436 0.014434994946334531 0.05323581898232544
leaf_weight=15.218013663776217 212.65163985732943 24.623920966871083 3.7834695465862804 6.9226511670276514 1.3538068206980818 1.0064751142635939 0.53533195331692951 17.281231537461281 1.2134641171433029 1.8710411153733733 1.1569335171952841 2.1462761200964442 40.636530521325767 5.0465976158156991
leaf_count=628 2540 394 102 86 32 17 9 553 28 24 37 29 554 67
internal_value=-0.000716703 -0.0121328 -0.00578522 0.00598983 -0.038927 0.0717686 -0.0490376 -0.0716437 0.00115171 0.0604763 0.119532 0.0129015 0.0267724 0.0964734
internal_weight=335.447 122.796 107.578 79.376 28.2018 2.36028 25.8415 17.8166 8.02491 4.24144 3.02797 72.4533 47.8294 7.19287
internal_count=5100 2560 1932 1130 802 49 753 562 191 89 61 1044 650 96
is_linear=0
shrinkage=0.08


Tree=42
num_leaves=15
num_cat=0
split_feature=1 16 0 1 16 7 4 2 4 18 1 6 2 5
split_gain=3.86006 4.03829 6.03653 5.58374 4.87184 4.68349 5.95557 9.78608 10.032 9.08279 5.31411 5.1539 7.14458 6.54128
threshold=0.56197329725999834 11.373022056837653 0.65617084879630139 0.93386563577449422 1.648194608334677 0.73765500090851466 48.86629952012624 0.78692889715614933 38.685847927557951 2.8387854913690531 0.84282778998403785 1.5000000000000002 0.55747463493498106 3.667550264629079
decision_type=2 2 2 2 2 2 2 2 2 2 2 2 2 2
left_child=-1 4 -3 5 -2 11 7 -7 10 -8 -9 -4 13 -13
right_child=1 2 3 -5 -6 6 9 8 -10 -11 -12 12 -14 -15
leaf_value=-0.068490851081897342 -0.068077895111930381 -0.081806746164917565 -0.02607385484576262 0.025021351606544024 0.023557650332954636 -0.069422397737821426 0.23434407165450136 -0.087671665693642598 0.25114437166892939 -0.050756261631839411 0.11059547698785446 -0.054593942556759097 0.0012368353518493538 0.10715454015274993
leaf_weight=5.291141503956168 3.9494047258049241 6.2384739848785093 40.777668533381075 40.701205511577427 62.077974294312298 3.862175196874885 0.73002795036882062 1.6123208245262506 1.8051276244223116 35.116442545317113 1.867073214612901 2.0292798401787859 121.00121103972197 7.5669612120836973
leaf_count=231 38 388 742 466 553 63 10 37 27 809 18 37 1605 76
internal_value=-0.00070307 0.000386017 -0.00405007 -0.0021631 0.0180765 -0.00727678 -0.0302477 0.0273718 0.0981134 -0.0449501 0.0187202 -0.00124595 0.0065063 0.0729502
internal_weight=334.626 329.335 263.308 257.069 66.0274 216.368 44.9932 9.1467 5.28452 35.8465 3.47939 171.375 130.597 9.59624
internal_count=5100 4869 4278 3890 591 3424 964 145 82 819 55 2460 1718 113
is_linear=0
shrinkage=0.08


Tree=43
num_leaves=15
num_cat=0
split_feature=16 7 6 13 8 0 9 4 5 1 3 7 0 7
split_gain=3.73149 3.57309 4.30027 4.18436 7.91075 6.54111 9.19907 6.62329 5.17817 3.89382 3.83561 6.78437 4.41085 4.86207
threshold=82.055632860816957 0.16751240539926313 1.0000000180025095e-35 1.5000000000000002 13.500000000000002 0.8709691153367366 1.0000000180025095e-35 85.137229860399898 4.1427247181552849 0.56197329725999834 0.16614351407837663 0.94875747459508653 0.93643623793071074 0.37814815626088472
decision_type=2 2 2 2 2 2 2 2 2 2 2 2 2 2
left_child=1 2 -1 9 -5 -6 -7 -8 -9 -3 -11 12 -12 -14
right_child=-2 3 -4 4 5 6 7 8 -10 10 11 -13 13 -15
leaf_value=-0.089926331796280498 -0.053326512990037878 -0.08293581599817465 0.030559031370602386 -0.060836396203146882 -0.03376246931509997 -0.074986061254452327 0.19520150867108452 -0.0883253923176371 0.11926255193147238 0.0052478878936405501 -0.071448287004463554 0.18201802534249925 -0.092035314688182893 0.10999467974233643
leaf_weight=2.0042358338832846 8.4040612983517331 3.4508942444808772 35.062678158748895 20.530165649019182 9.5581073146313447 2.2811906449496728 3.1210920792073011 1.3414112804457548 1.802355784922838 230.09011821914464 11.580158595927054 0.86605411954224187 1.2217779438942682 2.0275450982153416
leaf_count=32 480 154 338 344 189 27 25 25 27 3074 322 14 14 35
internal_value=-0.000695469 0.000665759 0.0240443 -0.00234451 -0.0268422 0.0117074 0.0625619 0.112647 0.030687 0.00145288 0.00263772 -0.0356262 -0.0483368 0.0340294
internal_weight=333.342 324.938 37.0669 287.871 38.6343 18.1042 8.54605 6.26486 3.14377 249.237 245.786 15.6955 14.8295 3.24932
internal_count=5100 4620 370 4250 637 293 104 77 52 3613 3459 385 371 49
is_linear=0
shrinkage=0.08


Tree=44
num_leaves=15
num_cat=0
split_feature=16 7 7 2 18 3 3 18 16 0 13 4 11 16
split_gain=3.41937 4.56329 4.69425 6.50257 5.0394 6.1742 3.95041 4.78828 5.30686 6.45179 4.02198 5.64697 4.4108 3.86153
threshold=64.450986319380789 0.53945104112964526 0.50957587065848087 0.77449054171852649 46.603095880387123 0.054028819243622093 0.14532247418206382 29.284060816097888 18.842828724315051 0.8709691153367366 1.5000000000000002 117.83502423152429 487.13911553831866 2.2538289210429761
decision_type=2 2 2 2 2 2 2 2 2 2 2 2 2 2
left_child=6 2 4 -4 5 -2 10 8 9 -8 12 -12 -1 -14
right_child=1 -3 3 -5 -6 -7 7 -9 -10 -11 11 -13 13 -15
leaf_value=0.10825097517284389 0.021853972646464759 -0.056836444425422149 0.2827598235024647 0.0088165022811524871 0.17044287865525803 -0.058379527120883616 -0.03177721212341128 -0.063536878259764423 -0.033045436184334483 0.13109456561690586 0.0045891644715723191 -0.064810784134422025 -0.055010007010089089 0.0098028456480799813
leaf_weight=2.8478836230933657 11.898594236932704 15.270932184532283 0.84593173861503546 1.6099823107942937 0.92731242626905341 12.679490995127706 2.7618791321292582 12.2621559407562 10.311719818506388 3.5667689181864262 20.478703759610653 11.843302199617026 6.045563136227428 219.12396532855928
leaf_count=21 213 716 18 37 20 496 62 244 244 40 228 213 58 2490
internal_value=-0.000681447 -0.0216665 -0.00245866 0.103175 -0.0126302 -0.0195374 0.00245514 -0.0256045 0.00234754 0.0600159 0.00557028 -0.0208401 0.00931402 0.00806269
internal_weight=332.474 43.2322 27.9613 2.45591 25.5054 24.5781 289.242 28.9025 16.6404 6.32865 260.339 32.322 228.017 225.17
internal_count=5100 1500 784 55 729 709 3600 590 346 102 3010 441 2569 2548
is_linear=0
shrinkage=0.08


Tree=45
num_leaves=15
num_cat=0
split_feature=6 7 16 5 8 5 7 1 5 18 5 8 18 2
split_gain=3.37249 3.85152 4.20482 4.6384 4.44275 7.07269 5.13546 5.00612 4.4101 4.113 4.60403 5.5937 3.99773 4.37947
threshold=1.0000000180025095e-35 0.16449525311429625 46.154031125473153 3.2238588019336132 22.500000000000004 4.7203801428471728 0.40099084442870453 0.8045878181822016 4.8637741051902346 5.8219312610590936 4.5276757999233004 8.5000000000000018 42.487620909758789 0.65437573740223332
decision_type=2 2 2 2 2 2 2 2 2 2 2 2 2 2
left_child=-1 9 -3 -4 -5 6 7 -6 -7 -2 12 -12 13 -11
right_child=1 2 3 4 5 8 -8 -9 -10 10 11 -13 -14 -15
leaf_value=-0.034615672995095853 0.10630956814754887 0.0045231020690572046 0.12912779014264855 -0.02708134936202963 -0.084457957444244572 0.26959777509093641 -0.056750913173789733 0.11194955652053104 0.045633323635083656 -0.097972882301120348 0.14722149766161338 0.010031437658630318 0.097810455711164299 0.0035504095305586405
leaf_weight=17.728482539765537 3.6920832041651002 196.51353694824502 1.3683567624539126 69.839922440238297 1.1230100765824298 1.084632211364805 5.3042765166610479 3.1891827126964927 1.1693152720108626 3.2257099859416583 3.3946121186017981 4.3262008978053927 2.3476966600865117 17.3244693512097
leaf_count=395 27 2202 20 1861 38 18 162 36 24 35 32 45 23 182
internal_value=-0.000668812 0.00124842 -0.00185586 -0.0169446 -0.0193908 0.0258569 -0.00403912 0.0607998 0.153408 0.0265447 0.0169264 0.0703498 -0.00108717 -0.0123854
internal_weight=331.631 313.903 279.592 83.0787 81.7103 11.8704 9.61647 4.31219 2.25395 34.3108 30.6187 7.72081 22.8979 20.5502
internal_count=5100 4705 4361 2159 2139 278 236 74 42 344 317 77 240 217
is_linear=0
shrinkage=0.08


Tree=46
num_leaves=15
num_cat=0
split_feature=0 16 0 1 4 3 11 11 11 2 5 16 0 12
split_gain=3.24651 3.93012 5.95547 3.12271 2.96357 7.24229 6.21116 9.93412 7.51445 7.39813 6.3876 4.8482 3.86408 3.37702
threshold=0.65617084879630139 10.674431202733452 0.61466507000564119 0.52758683094524239 149.24064725740598 0.049063606320913583 7693.8797454712831 8199.1125191555184 2050.5466719366232 0.71768265272018839 3.2885791724491509 50.376451421209076 0.85348986998429222 1.0000000180025095e-35
decision_type=2 2 2 2 2 2 2 2 2 2 2 2 2 2
left_child=1 2 -1 -2 13 6 8 -8 9 -6 -10 -7 -11 -5
right_child=3 -3 -4 4 5 11 7 -9 10 12 -12 -13 -14 -15
leaf_value=0.22023347334763282 -0.08298105991646669 -0.081802997305966796 -0.084303892825396312 0.0084530068430778444 0.18797439515009376 -0.015906325378384385 0.19657826756645735 -0.013493254718865975 0.15275243084388626 0.096996248876835625 -0.032631427214059178 -0.07214133889408221 -0.055273632297325473 -0.030385658568557978
leaf_weight=0.7686883583664883 2.8373006051406255 6.0547234723344445 0.88314110971987247 220.30600651679561 2.4005873575806644 37.410267034545541 2.9159184154123059 2.8477095756679773 1.2645055102184439 1.9282801738008855 20.060780602507293 13.299995956011115 2.3868062691763043 15.324655910953878
leaf_count=20 130 414 26 2693 18 607 32 36 14 25 277 530 36 242
internal_value=-0.000647604 -0.051963 0.0574143 0.000576811 0.00131735 -0.0115347 0.0171481 0.0927855 0.00160129 0.0753994 -0.0216389 -0.0306553 0.0127711 0.00592707
internal_weight=330.689 7.70655 1.65183 322.983 320.146 84.5149 33.8046 5.76363 28.041 6.71567 21.3253 50.7103 4.31509 235.631
internal_count=5100 460 46 4640 4510 1575 438 68 370 79 291 1137 61 2935
is_linear=0
shrinkage=0.08


Tree=47
num_leaves=15
num_cat=0
split_feature=10 10 7 4 13 1 9 3 5 1 0 7 2 8
split_gain=3.24404 5.28565 4.72934 4.80451 5.55255 7.1822 4.75582 4.25313 5.39324 4.06006 6.71299 6.75461 4.13484 3.70397
threshold=1.9978638015993788 3.0060806892892509 0.19735898234491747 59.196181924044268 1.0000000180025095e-35 0.88134082062848107 1.5000000000000002 0.18507603440636486 4.8977401159492722 0.66486761973672925 0.8868296156918295 0.32885140280957714 0.62871893997492312 2.5000000000000004
decision_type=2 2 2 2 2 2 2 2 2 2 2 2 2 2
left_child=13 2 6 4 -4 -6 -2 9 -9 10 -3 -12 -13 -1
right_child=1 7 3 -5 5 -7 -8 8 -10 -11 11 12 -14 -15
leaf_value=0.070793165350384796 -0.012763490551232822 -0.077876481747549506 -0.040025962245054281 -0.06064883616597367 -0.029828027507567214 0.22705775329513536 0.13804468629254144 -0.069250891052425906 0.11512770863842349 0.0057151242698578577 0.1092783166389952 0.13548500925987758 -0.08432966448452113 0.0091195989686707994
leaf_weight=7.2560257008299223 4.6078341426327816 9.8202971997670847 4.8202924625948063 25.018540298100561 1.3592602736316624 1.4287015814334152 1.8861130680888889 9.3880729875527305 1.1384585630148638 211.71098478371277 3.2462909519672385 0.65956863295286927 3.2284190668724477 44.17462016409263
leaf_count=73 51 332 71 489 33 15 21 260 18 2964 40 11 95 627
internal_value=-0.000637954 -0.00404902 -0.0313101 -0.0437195 0.0119498 0.101814 0.0310375 0.000409627 -0.0493101 0.00269846 -0.0349705 0.0240892 -0.0470397 0.0178207
internal_weight=329.743 278.313 39.1207 32.6268 7.60825 2.78796 6.49395 239.192 10.5265 228.666 16.9546 7.13428 3.88799 51.4306
internal_count=5100 4400 680 608 119 48 72 3720 278 3442 478 146 106 700
is_linear=0
shrinkage=0.08


Tree=48
num_leaves=15
num_cat=0
split_feature=0 7 18 16 8 4 2 2 11 5 3 4 10 2
split_gain=3.01997 4.36801 4.29474 4.6502 4.3254 7.02289 4.58489 3.47628 4.73825 3.43669 4.46707 4.7489 7.04848 7.41492
threshold=0.83803667998118825 0.82287142339627317 47.621725980179171 76.749972445762452 1.0000000180025095e-35 116.5681728693455 0.77580930891071975 0.6712229103840387 3945.387095894579 3.667550264629079 0.048530651882267781 159.07511026056085 3.282533222115632 0.78083145391283626
decision_type=2 2 2 2 2 2 2 2 2 2 2 2 2 2
left_child=1 2 3 4 5 -1 -7 8 -3 10 11 12 -6 -14
right_child=-2 7 -4 -5 9 6 -8 -9 -10 -11 -12 -13 13 -15
leaf_value=0.21386634139649607 0.0051287023211666295 0.095357492517071846 0.13597482718407136 -0.081981516314653155 -0.089809219832567067 0.12390859824492477 -0.094291721024883604 -0.072548056556392251 -0.08511484750127199 0.0017075468414052158 -0.065022839007638777 -0.088624719263256616 -0.0023194658984103662 0.21493472150136456
leaf_weight=1.5206197844818223 210.37220455054194 2.114115078002214 1.3661961653269816 5.0083710569888344 1.6282844832167054 1.0550089767202737 1.4821281637996433 11.527386461384593 1.6637910460121927 72.393330534454435 12.564750772435216 2.1692891297861934 1.9895387552678583 2.0326265953481197
leaf_count=19 2540 38 22 344 25 17 25 368 53 1245 308 45 22 29
internal_value=-0.000625182 -0.0108387 -0.00492437 -0.00681448 -0.00292681 0.0779203 -0.00355824 -0.0507214 0.0158774 -0.00646276 -0.0354787 0.0119927 0.0506212 0.107471
internal_weight=328.888 118.515 103.21 101.844 96.8356 4.05776 2.53714 15.3053 3.77791 92.7778 20.3845 7.81974 5.65045 4.02217
internal_count=5100 2560 2101 2079 1735 61 42 459 91 1674 429 121 76 51
is_linear=0
shrinkage=0.08


Tree=49
num_leaves=15
num_cat=0
split_feature=6 7 1 10 16 4 2 2 10 1 5 5 10 7
split_gain=2.88047 3.08265 7.71523 7.47096 6.0478 5.4285 8.07932 4.79837 4.54733 4.39261 4.18135 12.369 5.48115 3.77888
threshold=1.0000000180025095e-35 0.74441927462751367 0.82682518855445752 1.4372601896394694 6.3377326421868974 48.091984284733066 0.81801836665083283 0.829985760242684 3.0982281026807867 0.86868484046638972 4.0883329362190439 3.8352920573325475 4.9181758170536698 0.71277187580540902
decision_type=2 2 2 2 2 2 2 2 2 2 2 2 2 2
left_child=-1 13 -3 -4 -5 6 -6 8 -7 -10 11 12 -11 -2
right_child=1 2 3 4 5 7 -8 -9 9 10 -12 -13 -14 -15
leaf_value=-0.032597470214864178 0.0030708184374934992 -0.051536880343260684 0.11965485275796961 0.10076926524446522 -0.059977501328955844 -0.08769729057004938 0.12419842594318342 -0.079190123431754036 -0.062486293340130832 0.15229175435938028 -0.0075574223738645377 0.29990573457515607 -0.08810622424373761 0.055003769480427574
leaf_weight=17.08446517214179 242.98890667967498 22.979414920322597 3.4556251880712798 3.1758782565593711 2.5513934064656523 3.2122592399828163 3.7869074488990009 8.9807139784097654 2.9406054345890862 0.98997199395671565 3.8121585012413561 1.4110887707211075 1.5690908897668121 9.3108120588585717
leaf_count=395 3272 659 43 29 36 63 35 186 56 18 73 19 34 182
internal_value=-0.000614821 0.00114118 -0.0153437 0.00783261 -0.00408275 -0.0154656 0.050061 -0.0335896 -0.00420178 0.0208109 0.0522854 0.109747 0.00489159 0.00498734
internal_weight=328.249 311.165 58.8651 35.8857 32.4301 29.2542 6.3383 22.9159 13.9352 10.7229 7.78231 3.97015 2.55906 252.3
internal_count=5100 4705 1251 592 549 520 71 449 263 200 144 71 52 3454
is_linear=0
shrinkage=0.08


Tree=50
num_leaves=15
num_cat=0
split_feature=1 16 0 1 18 5 5 18 10 8 7 1 1 5
split_gain=2.81199 2.91737 4.95075 4.42137 5.19559 4.36275 5.74425 5.38436 6.03298 6.55471 6.03967 5.08044 4.34187 4.14968
threshold=0.52758683094524239 11.373022056837653 0.65617084879630139 0.93386563577449422 33.857171988902905 4.3766120606131933 4.298237905697877 11.076086264443576 4.6085169054205481 17.500000000000004 0.3137439560464978 0.77258296848022845 0.93386563577449422 4.9171833451833988
decision_type=2 2 2 2 2 2 2 2 2 2 2 2 2 2
left_child=-1 3 -3 5 -5 6 7 -2 9 10 -9 -7 -4 -14
right_child=1 2 12 4 -6 11 -8 8 -10 -11 -12 -13 13 -15
leaf_value=-0.082665213032831947 -0.034082319026666766 -0.08156252889542312 -0.0068022379256548254 -0.10029072437308532 0.028368832613629668 -0.070229975292402061 0.15986510151193048 0.11653094054328073 0.080269499165739139 -0.071417415405478565 -0.0062989819068030445 0.019117173040068675 0.027010523402961485 -0.10055763321287987
leaf_weight=2.6513338675722471 6.8159776823595157 5.1339785051532081 212.42926315963268 4.3213627226650697 3.7536366283893585 5.9360771141946342 2.322256567887961 4.298204507678749 15.177672268822787 4.5492397043853989 6.3427713718265295 12.977809846401213 39.110406596213579 1.703023051843046
leaf_count=147 62 395 3495 36 29 76 18 30 134 44 67 101 444 22
internal_value=-0.000611229 5.84279e-05 -0.00378747 0.0150023 -0.0404838 0.0226717 0.0377985 0.0301751 0.0445974 0.00895483 0.0433157 -0.00892421 -0.00221074 0.0216875
internal_weight=327.523 324.872 258.377 66.495 8.075 58.42 39.5061 37.1839 30.3679 15.1902 10.641 18.9139 253.243 40.8134
internal_count=5100 4953 4356 597 65 532 355 337 275 141 97 177 3961 466
is_linear=0
shrinkage=0.08


Tree=51
num_leaves=15
num_cat=0
split_feature=6 1 7 1 10 1 2 16 8 7 8 2 5 11
split_gain=2.74928 3.99685 5.77212 5.31076 4.90843 5.81613 5.43807 4.01598 6.65846 5.57258 3.70656 5.82149 3.59405 6.04426
threshold=1.5000000000000002 0.86503660693378848 0.12572387739115701 0.88627577005521607 6.1251412854044007 0.88134082062848107 0.68096922322645004 11.731035005182767 14.500000000000002 0.44645279817254407 15.500000000000002 0.88976477903209084 3.7271761235922178 8810.0674150692739
decision_type=2 2 2 2 2 2 2 2 2 2 2 2 2 2
left_child=1 7 -3 4 5 6 -4 8 9 -1 -9 -12 13 -2
right_child=12 2 3 -5 -6 -7 -8 10 -10 -11 11 -13 -14 -15
leaf_value=0.13060121978078879 -0.017748024559534888 0.15831445183178008 -0.08818217805307399 -0.017269237310070091 -0.037627992908304243 0.21714126397260361 0.10868551933724017 -0.064864923184235312 -0.061977841470468635 -0.01637041403549104 -0.040761525068506395 0.082990182801672197 0.0093023950350199277 0.11992536648253506
leaf_weight=3.5946743693202716 59.572329628514126 1.5265730442479242 1.3466048780828694 27.830422594677657 2.5230043632909656 1.7657077987678347 2.6955665247514844 20.23796884668991 4.6151502272114158 3.0536802280694246 9.8639741931110603 3.2292970209382466 182.68563268985599 2.1133055519312611
leaf_count=32 993 15 24 412 35 19 37 529 58 47 257 84 2533 25
internal_value=-0.000594018 -0.0132422 0.00593728 -0.000495426 0.0555397 0.0960128 0.0431012 -0.0294511 0.0118473 0.0630951 -0.0434069 -0.0102397 0.00366476 -0.0130314
internal_weight=326.654 82.2826 37.6879 36.1613 8.33088 5.80788 4.04217 44.5947 11.2635 6.64835 33.3312 13.0933 244.371 61.6856
internal_count=5100 1549 542 527 115 80 61 1007 137 79 870 341 3551 1018
is_linear=0
shrinkage=0.08


Tree=52
num_leaves=15
num_cat=0
split_feature=10 10 12 0 16 18 7 11 11 0 4 2 4 15
split_gain=2.67811 4.51498 4.01941 4.01721 4.20332 4.2384 3.95719 4.36668 5.19708 13.6359 4.11687 4.09299 3.84513 5.30805
threshold=1.9978638015993788 3.0060806892892509 1.0000000180025095e-35 0.8691331696289798 18.621523552364938 13.049441345642682 0.19735898234491747 7294.7132049178763 7969.7960450032515 0.86354400226360861 56.46967431007581 0.79977528927188735 158.28746793466948 1.5000000000000002
decision_type=2 2 2 2 2 2 2 2 2 2 2 2 2 2
left_child=-1 6 12 -4 -5 -6 11 10 9 -9 -8 -2 -3 -14
right_child=1 2 3 4 5 -7 7 8 -10 -11 -12 -13 13 -15
leaf_value=0.016165909012148375 0.087013471734891629 0.008899088308760409 -0.079321965443266709 0.078736754497337927 0.070972644470234977 -0.088963120297354148 0.0022232453524568818 -0.088099949372926006 -0.035964665222125922 0.30101754918904516 -0.075132745695672021 -0.039844269840091179 -0.0032480259742213723 -0.067949638381149507
leaf_weight=51.454592086840421 3.4467636095359913 170.50677324691787 7.8290503425523621 2.8736479431390762 1.4993143263272939 3.622886008117348 5.7575504458509448 1.1140967044048005 4.2409327700734138 1.1941722831688819 18.716943413717672 3.0843384126201272 40.552905825898051 10.145027731079606
leaf_count=700 36 2357 192 24 29 72 86 29 80 14 399 36 843 203
internal_value=-0.00058334 -0.003722 0.000361305 -0.0385877 0.00129677 -0.0421485 -0.029494 -0.0414091 0.0166114 0.113208 -0.056935 0.0271044 0.0031477 -0.0161953
internal_weight=326.039 274.584 237.03 15.8249 7.99585 5.1222 37.5548 31.0237 6.5492 2.30827 24.4745 6.5311 221.205 50.6979
internal_count=5100 4400 3720 317 125 101 680 608 123 43 485 72 3403 1046
is_linear=0
shrinkage=0.08


Tree=53
num_leaves=15
num_cat=0
split_feature=1 16 2 0 3 16 16 0 8 3 11 7 11 17
split_gain=2.59531 2.57017 2.61025 5.77045 2.91341 2.50945 3.02383 4.63656 4.94737 6.57937 4.35653 8.14736 6.38087 5.32392
threshold=0.52758683094524239 82.055632860816957 0.71994557994584751 0.91409810399112512 0.15057002880295411 1.648194608334677 11.373022056837653 0.94905045012035683 17.500000000000004 0.073382080167301425 1620.4769100560732 0.25087860450301291 7542.5527959845631 1.0000000180025095e-35
decision_type=2 2 2 2 2 2 2 2 2 2 2 2 2 2
left_child=-1 5 3 4 -3 -2 -7 -8 10 -10 -9 -12 13 -13
right_child=1 2 -4 -5 -6 6 7 8 9 -11 11 12 -14 -15
leaf_value=-0.082545910272286652 -0.064708947104724773 -0.081501215758953388 -0.081735458312387627 0.28440810922867282 0.19521668362809572 0.017536672667470991 -0.0064649029521671765 0.12121824678957477 0.03627131320736042 -0.095929112098835784 -0.066398354651349176 0.0074975023659987388 0.16177012684086481 0.13371934110945199
leaf_weight=2.4533442053943864 3.6638206886127582 1.5844029204454266 4.7365917852148414 0.43525677267462004 0.28772431099787343 63.055064543150365 214.4113532830961 3.9316286873072412 5.3446030644699913 4.3869983190670609 4.4679257776588228 10.942372974008324 2.9604760771617284 2.658205257728695
leaf_count=147 40 105 322 19 19 557 3532 29 48 65 39 121 29 28
internal_value=-0.000574633 4.82366e-05 -0.0477456 0.0220286 -0.0389729 0.00111421 0.00188678 -0.00207464 0.0250589 -0.0233245 0.0439225 0.0294711 0.0553353 0.0321673
internal_weight=325.32 322.866 7.04398 2.30738 1.87213 315.822 312.159 249.104 34.6922 9.7316 24.9606 21.029 16.5611 13.6006
internal_count=5100 4953 465 143 124 4488 4448 3891 359 113 246 217 178 149
is_linear=0
shrinkage=0.08


Tree=54
num_leaves=15
num_cat=0
split_feature=0 16 0 6 16 11 7 1 0 6 11 0 10 4
split_gain=2.46305 3.23012 5.66396 2.46975 3.73247 3.81892 3.9699 4.75745 5.16531 4.08857 4.41535 7.46591 4.26658 3.28337
threshold=0.65617084879630139 10.674431202733452 0.60233994360405019 1.5000000000000002 63.971311669031756 8257.8907118421612 0.32389968477189884 0.72541837945334764 0.95188725723811796 1.0000000180025095e-35 5105.75792866963 0.86622981059054072 6.5568103126380368 83.290433512064297
decision_type=2 2 2 2 2 2 2 2 2 2 2 2 2 2
left_child=1 2 -1 4 5 6 9 -8 -9 -2 12 -12 13 -11
right_child=3 -3 -4 -5 -6 -7 7 8 -10 10 11 -13 -14 -15
leaf_value=0.20427707602143894 -0.04739767830257155 -0.081565225578419748 -0.084112985996566816 0.0045077479022050887 -0.059289583826727422 -0.075370802104911275 -0.084014472092267187 -0.015467521427202592 0.072130466276087588 -0.084842184457054909 0.022738361746471734 0.19328071538199887 0.1014328095362991 0.021920442606985731
leaf_weight=0.78662437107413896 3.7692963262088623 4.9575569122098386 0.977423838339746 238.88678319961764 9.3431169704999757 4.6633409885689607 5.4585526054725042 33.500001394189894 4.9439129624515763 2.882987351156773 3.8633341873064628 2.8583354279398918 2.5980834662914276 5.1134949917905033
leaf_count=15 59 414 31 3220 416 71 182 473 41 28 44 22 24 60
internal_value=-0.000560551 -0.0484838 0.0444859 0.000452787 -0.0118098 -0.0054408 -0.00042284 -0.0141257 -0.00420236 0.028108 0.0445437 0.0952601 0.0123669 -0.0165709
internal_weight=324.603 6.72161 1.76405 317.881 78.9945 69.6513 64.988 43.9025 38.4439 21.0855 17.3162 6.72167 10.5946 7.99648
internal_count=5100 460 46 4640 1420 1004 933 696 514 237 178 66 112 88
is_linear=0
shrinkage=0.08


Tree=55
num_leaves=15
num_cat=0
split_feature=1 12 0 18 3 16 3 16 4 3 15 16 18 0
split_gain=2.36321 2.29365 4.64989 4.47191 7.09047 3.31433 3.0089 2.86599 2.75422 5.52582 5.23044 5.78167 5.50994 6.31217
threshold=0.52758683094524239 1.0000000180025095e-35 0.8691331696289798 17.351244543707001 0.078324928703627547 1.648194608334677 0.041349015423664016 7.1891917715495373 158.28746793466948 0.026314411283412224 1.5000000000000002 50.670105291132707 4.9007939117812693 0.91743221977965017
decision_type=2 2 2 2 2 2 2 2 2 2 2 2 2 2
left_child=-1 5 6 4 -4 -2 -3 -5 -7 -10 11 12 -11 -14
right_child=1 2 3 7 -6 8 -8 -9 9 10 -12 -13 13 -15
leaf_value=-0.082411148585662591 -0.079353599557832846 0.021610660610870764 -0.026228192005021637 0.071623040773948612 0.15436996572120956 0.0068320523380156995 -0.088980774682524744 -0.062545625850030942 0.038991860897094534 0.13094858032874002 -0.073068484432679409 -0.062200742112144769 -0.023445899359943578 0.058906168898340827
leaf_weight=2.2412041015923014 3.1829518992453805 1.9790980624966339 2.8917332915589196 1.2612070515751836 2.6814910368993878 230.82773277978413 7.7019114014692605 5.3046890641562641 11.369788093026726 2.116400775499641 10.494899350916965 10.430812181439249 23.332460344303403 7.9988501090556374
leaf_count=147 37 39 30 9 35 3112 214 95 160 31 239 452 412 88
internal_value=-0.000547262 2.3287e-05 -0.0250186 0.0079613 0.0606645 0.00184617 -0.0663725 -0.0367739 0.00271765 -0.0117282 -0.0223341 -0.0101994 0.00601748 -0.0024215
internal_weight=323.815 321.574 21.8201 12.1391 5.57322 299.754 9.68101 6.5659 296.571 65.7432 54.3734 43.8785 33.4477 31.3313
internal_count=5100 4953 422 169 65 4531 253 104 4494 1382 1222 983 531 500
is_linear=0
shrinkage=0.08


Tree=56
num_leaves=15
num_cat=0
split_feature=10 10 3 5 7 11 2 4 18 0 17 9 8 1
split_gain=2.27357 3.96678 3.63244 4.60718 3.4855 3.91727 4.49756 3.85369 3.72417 3.52624 3.40959 3.98543 6.23182 6.44514
threshold=1.9978638015993788 3.0060806892892509 0.18507603440636486 4.8977401159492722 0.19735898234491747 7294.7132049178763 0.88865182650136265 56.46967431007581 26.134883348492263 0.86354400226360861 1.0000000180025095e-35 1.0000000180025095e-35 16.500000000000004 0.96098426495569189
decision_type=2 2 2 2 2 2 2 2 2 2 2 2 2 2
left_child=10 4 -3 -4 8 7 9 -6 -2 -7 11 -1 13 -13
right_child=1 2 3 -5 5 6 -8 -9 -10 -11 -12 12 -14 -15
leaf_value=0.064810034245331383 -0.05181435749194524 0.0024216334820025796 -0.067658404298954089 0.098286446084581564 0.0018444532472125673 -0.018680871826282825 -0.089139519691055172 -0.073662538832247035 0.072174111378176961 0.1214112282764626 -0.028275996422313196 0.019128104122599153 -0.043080187324654372 0.16485460895261944
leaf_weight=11.507182965520768 2.5116064832545808 225.39451844617724 8.6585089680738729 1.2218470759689797 5.7431037891656223 2.1148790046572676 1.8825215750839559 17.531391538213938 4.0512191848829389 2.5202166736125946 9.5414639897644502 18.438813611865051 9.7747022965922934 2.1710914373397818
leaf_count=148 37 3442 260 18 86 49 38 399 35 36 125 254 157 16
internal_value=-0.000539501 -0.00345985 0.000340423 -0.047137 -0.0280537 -0.0396798 0.0151386 -0.0550308 0.0247235 0.0574907 0.0148835 0.0247136 0.00952844 0.0344792
internal_weight=323.063 271.63 235.275 9.88036 36.3549 29.7921 6.51762 23.2745 6.56283 4.6351 51.4333 41.8918 30.3846 20.6099
internal_count=5100 4400 3720 278 680 608 123 485 72 85 700 575 427 270
is_linear=0
shrinkage=0.08


Tree=57
num_leaves=15
num_cat=0
split_feature=0 16 8 16 11 4 1 18 1 11 11 16 16 16
split_gain=2.22327 5.8845 5.24726 5.19973 3.96796 5.52269 3.50922 2.77841 2.67669 2.40924 3.62838 2.73147 2.93874 5.57069
threshold=0.74365888487818432 29.231486144137133 1.0000000180025095e-35 26.721044670487299 7942.2878261116184 126.35441540161531 0.97978161616822168 6.0983548438084823 0.93112471464303459 487.13911553831866 611.46873486794436 1.648194608334677 11.373022056837653 9.6620356208423033
decision_type=2 2 2 2 2 2 2 2 2 2 2 2 2 2
left_child=1 3 -3 4 7 -6 -4 -1 -9 -2 -11 -12 13 -13
right_child=9 2 6 -5 5 -7 -8 8 -10 10 11 12 -14 -15
leaf_value=0.084790673597064325 0.067831999045531208 0.16608987213392098 -0.083282067491360523 0.1444165131796091 -0.031143597153917714 0.20131901112493214 0.055994377503899635 -0.053552872615814949 0.044679691787261895 -0.077067898333515877 -0.073959802814443767 0.0080534092418243185 -0.0013411249107289367 0.076998019326332032
leaf_weight=1.3897143471986115 3.4784147068858138 0.63118739542551239 12.096775088226421 1.6751193273812521 1.2986829504370683 1.3177351169288156 1.2803478818386782 9.3662820998579246 2.190464047715067 3.774570843204855 3.0065838918089858 46.087975820526481 225.80356878298335 8.9583833757787925
leaf_count=31 36 29 741 27 25 18 16 245 28 52 34 369 3382 67
internal_value=-0.000525058 -0.0208041 -0.0593161 0.0104924 -0.00392265 0.0859341 -0.0699517 -0.0220823 -0.0349339 0.0016516 0.000851256 0.00188738 0.00269935 0.0192736
internal_weight=322.356 31.2463 14.0083 17.238 15.5629 2.61642 13.3771 12.9465 11.5567 291.109 287.631 283.857 280.85 55.0464
internal_count=5100 1160 786 374 347 43 757 304 273 3940 3904 3852 3818 436
is_linear=0
shrinkage=0.08


Tree=58
num_leaves=15
num_cat=0
split_feature=16 5 0 11 3 2 2 2 2 3 4 18 18 18
split_gain=2.18731 2.19735 4.26067 5.24837 5.31016 3.72086 5.21819 6.31537 3.85077 5.79478 4.67174 3.98241 4.59136 5.39164
threshold=87.688302383424045 3.7156726014394321 0.94110347444780518 4930.8240638221441 0.095095216523611872 0.92476677025715837 0.69276599778672721 0.70791371952474047 0.87955357106787113 0.017782784883776277 115.04403552256757 5.8219312610590936 26.757583915202328 33.141511036539264
decision_type=2 2 2 2 2 2 2 2 2 2 2 2 2 2
left_child=1 2 5 -4 -5 6 -1 -8 10 -10 -9 -11 -13 -14
right_child=-2 -3 3 4 -6 -7 7 8 9 11 -12 12 13 -15
leaf_value=-0.056018049570844532 -0.081516469940104155 0.0038150898192753835 -0.022345444114262408 0.13107745669384957 -0.0083081220479508475 -0.077687261642588351 0.12374360194412842 0.003923241486478231 0.22019863220995309 0.18316516807986813 -0.058520559159577622 -0.066623412553118058 0.18669283426777966 -0.010647691917416043
leaf_weight=14.19548282236792 2.1194365997798732 240.85483341338113 6.7848295746371132 4.3801930202171206 2.9122878257185221 6.4978165826760224 2.4814892769791177 19.328222691314295 0.99265982024371524 0.82090770592912843 12.710545084672047 3.667508986312896 1.3589520822279157 2.5463646231219172
leaf_count=276 160 3560 67 39 35 155 34 281 10 13 315 88 21 46
internal_value=-0.000513857 2.34285e-05 -0.011584 0.0282965 0.0754131 -0.0202746 -0.0138538 -0.000221714 -0.0076476 0.0374154 -0.0208497 0.0157991 -0.00234368 0.0580219
internal_weight=321.652 319.532 78.6773 14.0773 7.29248 64.5999 58.1021 43.9067 41.4252 9.38639 32.0388 8.39373 7.57283 3.90532
internal_count=5100 4940 1380 141 74 1239 1084 808 774 178 596 168 155 67
is_linear=0
shrinkage=0.08


Tree=59
num_leaves=15
num_cat=0
split_feature=13 8 3 1 11 10 4 5 5 2 6 1 7 7
split_gain=2.14694 5.70832 9.2848 4.73335 4.32026 4.33661 2.98795 3.49385 2.45368 2.43567 2.3355 3.09277 5.40973 9.48928
threshold=1.5000000000000002 15.500000000000002 0.015431295429419576 0.85612570936570043 3801.5533738615504 3.7031862083179443 48.86629952012624 4.585462778199628 4.9538647392579431 0.64790180435288913 1.5000000000000002 0.81611537241760357 0.74441927462751367 0.73290349311809788
decision_type=2 2 2 2 2 2 2 2 2 2 2 2 2 2
left_child=8 6 -3 -4 -5 -6 7 -2 10 -10 -1 12 13 -12
right_child=1 2 3 4 5 -7 -8 -9 9 -11 11 -13 -14 -15
leaf_value=-0.010020118173927341 -0.0318786086925755 0.20584046418581647 -0.04048282083308706 -0.028792666699167895 0.010803100209212265 0.19456417693107811 -0.05502655315690673 0.10399562306415451 0.017757138227467988 -0.094312207196160541 -0.00034929526434431419 0.014924137420218949 -0.053808820351125643 0.22176837788812434
leaf_weight=66.605067092226818 3.8337415889836874 1.5670137205161143 7.7594285872764868 2.2873270693235099 1.4644286297261717 1.8732860996387897 20.052638938417658 1.7705508079379795 1.9933412638492871 3.2890983386896551 67.036325552733615 127.88104984979145 12.348953682929276 1.2539949920028437
leaf_count=1284 59 16 184 36 22 25 398 13 23 66 1055 1505 388 26
internal_value=-0.000505048 -0.0176969 0.0215944 2.33804e-05 0.0558994 0.113939 -0.0405938 0.0110478 0.00198467 -0.0520226 0.00302161 0.00718737 -0.00508191 0.00372939
internal_weight=321.016 40.6084 14.9515 13.3845 5.62504 3.33771 25.6569 5.60429 280.408 5.28244 275.125 208.52 80.6393 68.2903
internal_count=5100 753 283 267 83 47 470 72 4347 89 4258 2974 1469 1081
is_linear=0
shrinkage=0.08


Tree=60
num_leaves=15
num_cat=0
split_feature=1 0 16 0 11 13 8 3 18 16 5 18 4 2
split_gain=2.11971 2.0363 2.80332 3.94592 1.97314 1.96899 5.37098 6.72428 4.35671 5.72182 4.64785 3.25921 3.13502 3.10881
threshold=0.52758683094524239 0.65617084879630139 10.674431202733452 0.60233994360405019 8957.2275691769592 1.5000000000000002 15.500000000000002 0.015431295429419576 30.400275123244182 51.478584557836612 4.6893768056818077 22.553758474561572 48.86629952012624 0.77580930891071975
decision_type=2 2 2 2 2 2 2 2 2 2 2 2 2 2
left_child=-1 2 3 -2 5 -3 12 -8 9 10 11 -9 13 -7
right_child=1 4 -4 -5 -6 6 7 8 -10 -11 -12 -13 -14 -15
leaf_value=-0.082221037367632574 0.15524198022950833 0.0028550058444450931 -0.081510768030936168 -0.083714598180638297 0.09014273797637451 -0.056120332421444478 0.1682473259822779 -0.014822560651915909 -0.070569763378932601 -0.087753002348179954 0.17293441312861008 0.1203395562528301 -0.055533832108103337 0.067184645504302087
leaf_weight=2.0184717329684636 0.90446969866752513 272.03497824445367 4.2304921210743487 0.86548025254160166 1.5778344422578801 2.2990275565534857 1.7582943700253952 3.7283873492851836 3.7970783882774404 2.0239836229011416 1.8722833879292009 1.6457861606031654 18.501953089376912 3.0376896848902106
leaf_count=147 14 3825 399 30 17 27 15 47 86 70 18 21 354 30
internal_value=-0.000498076 2.01991e-05 -0.046142 0.0383956 0.000907211 0.000454043 -0.0164386 0.0213702 0.00160716 0.0311701 0.0643861 0.0265695 -0.0399528 0.0140656
internal_weight=320.296 318.278 6.00044 1.76995 312.277 310.699 38.6645 14.8258 13.0675 9.27044 7.24646 5.37417 23.8387 5.33672
internal_count=5100 4953 443 44 4510 4493 668 257 242 156 86 68 411 57
is_linear=0
shrinkage=0.08


Tree=61
num_leaves=15
num_cat=0
split_feature=16 10 10 3 5 4 5 1 3 9 4 0 8 8
split_gain=1.99103 1.98852 3.45658 3.19425 3.68695 3.14939 5.77278 4.85705 3.25059 3.22028 5.6658 7.43921 4.72289 4.2492
threshold=87.688302383424045 1.9978638015993788 3.0060806892892509 0.18507603440636486 4.8977401159492722 50.481219744837503 3.4645943100376311 0.82953134371208792 0.054513607830141871 1.0000000180025095e-35 72.912399087262273 0.89783045561890107 13.500000000000002 19.500000000000004
decision_type=2 2 2 2 2 2 2 2 2 2 2 2 2 2
left_child=1 5 -3 -4 -5 7 -7 -1 -9 13 11 -11 -12 -8
right_child=-2 2 3 4 -6 6 9 8 -10 10 12 -13 -14 -15
leaf_value=-0.086045510794697702 -0.081401887657165412 -0.02619787348762892 0.002698585910510351 -0.065704069099116649 0.078856654174077168 -0.060378520588427874 0.039186613696319754 0.090772083957397956 -0.022580403716008429 -0.0062150408173882185 0.035525523497568309 0.18026643741375128 -0.043266351263269345 0.15390808503951556
leaf_weight=4.5939844474196416 1.9343777918256808 34.971586692612618 222.70235834503546 7.9634647013153863 1.3156897556036709 4.4614348693285129 6.4259126638062281 2.5983695238828659 4.2962433407083154 2.5670152008533504 11.270191992633046 2.9338545389473438 8.5720412004739028 3.0456956308335066
leaf_count=58 160 660 3335 252 18 99 85 15 37 37 155 16 143 30
internal_value=-0.000484821 7.83052e-06 -0.0027521 0.000782391 -0.0452068 0.0145213 0.0252981 -0.0223215 0.0201387 0.0362774 0.0214031 0.0932437 0.00148665 0.0760765
internal_weight=319.652 317.718 266.953 231.982 9.27915 50.7647 39.2761 11.4886 6.89461 34.8147 25.3431 5.50087 19.8422 9.47161
internal_count=5100 4940 4265 3605 270 675 565 110 52 466 351 53 298 115
is_linear=0
shrinkage=0.08


Tree=62
num_leaves=15
num_cat=0
split_feature=12 0 18 3 3 16 16 8 5 2 10 10 11 3
split_gain=1.99218 4.13254 3.54195 5.52539 2.7405 2.64802 2.46159 2.58765 2.25893 4.61948 4.6645 4.43533 4.50804 5.12903
threshold=1.0000000180025095e-35 0.8691331696289798 17.351244543707001 0.078324928703627547 0.041349015423664016 1.648194608334677 7.1891917715495373 2.5000000000000004 3.7156726014394321 0.66857484583332993 2.8742069858195447 6.9296377995301528 3330.7364042878557 0.0096581835282614284
decision_type=2 2 2 2 2 2 2 2 2 2 2 2 2 2
left_child=5 4 3 -3 -2 -1 -4 -8 9 -7 -11 12 13 -12
right_child=1 2 6 -5 -6 8 7 -9 -10 10 11 -13 -14 -15
leaf_value=-0.07556275588534217 0.017025462673017546 -0.026375900408125652 0.064196220483969932 0.13035018666492126 -0.088722616235175189 -0.053985660394031618 0.049421065279646847 -0.090356297325250814 0.0059116178259332065 -0.04366235856617668 0.18397292465081008 -0.049248843245771765 0.040478986632140654 -0.029710661166708407
leaf_weight=2.8474656702019265 2.0194352418184298 2.8868617592379433 1.275495547801256 2.8718205466866493 7.0228652020450681 12.794049584772436 1.0801639868877826 3.9376488588750362 223.56400605197996 12.776660725241525 0.7637353390455236 6.678031558636575 26.090422217966989 12.24783975840546
leaf_count=39 41 32 9 35 220 251 15 81 3350 267 4 133 402 221
internal_value=-0.000468176 -0.0242261 0.00644476 0.0517825 -0.0651057 0.0012149 -0.0350414 -0.060267 0.00195621 -0.0104373 -0.000922446 0.0110058 0.0212963 -0.0171682
internal_weight=318.857 21.0943 12.052 5.75868 9.0423 297.762 6.29331 5.01781 294.915 71.3507 58.5567 45.78 39.102 13.0116
internal_count=5100 433 172 67 261 4667 105 96 4628 1278 1027 760 627 225
is_linear=0
shrinkage=0.08


Tree=63
num_leaves=15
num_cat=0
split_feature=1 5 5 3 3 1 1 10 0 11 16 4 1 7
split_gain=1.93563 1.91245 3.54776 1.95159 4.62478 5.01695 4.4822 4.72342 11.0295 4.49365 5.07147 4.27446 3.73304 5.32471
threshold=0.52758683094524239 4.9538647392579431 4.9883690427454788 0.073382080167301425 0.070743622355866967 0.89489358714550826 0.91850663640215424 6.958625270303969 0.90533761897392762 8497.9664769574865 38.199503742577548 98.347431739431045 0.92707224112865216 0.52134813360070076
decision_type=2 2 2 2 2 2 2 2 2 2 2 2 2 2
left_child=-1 3 -3 4 -2 11 -5 9 -9 10 12 -6 -8 -14
right_child=1 2 -4 6 5 -7 7 8 -10 -11 -12 -13 13 -15
leaf_value=-0.082064978080808523 0.0034350674972339172 -0.078256657545891284 0.069594778902548685 -0.014972224889687635 0.070819439555384028 0.13583180541370218 0.12585114842137046 -0.017691826223767956 0.22751403135349813 0.1384641796396423 -0.052865340032989955 -0.087434867684809736 0.050298644241110968 -0.051953841996488198
leaf_weight=1.8493250963510934 174.01870763697661 4.6063150658737859 1.3410873957909641 98.091054547112435 2.8274860735982639 3.5895831331145018 2.0341611967887827 2.5855692047625771 2.1504779048264027 1.5534833231940854 8.2127085120882821 1.7799607581691814 8.200761756859718 5.4091533040627828
leaf_count=147 2179 79 19 2148 25 30 20 45 20 17 216 38 63 54
internal_value=-0.000457739 1.92461e-05 -0.0449174 0.000880106 0.0062012 0.0649247 -0.00668077 0.0202982 0.0936478 0.00662711 -0.00195773 0.00968223 0.0247674 0.0096592
internal_weight=318.25 316.401 5.9474 310.453 182.216 8.19703 128.237 30.1463 4.73605 25.4103 23.8568 4.60745 15.6441 13.6099
internal_count=5100 4953 98 4855 2272 93 2583 435 65 370 353 63 137 117
is_linear=0
shrinkage=0.08


Tree=64
num_leaves=15
num_cat=0
split_feature=0 16 0 16 10 10 11 1 4 13 3 10 4 3
split_gain=1.87756 2.48626 2.98662 1.78884 1.72816 3.13639 3.5246 4.8682 4.23445 4.24594 3.53441 2.94959 5.73482 4.39633
threshold=0.65617084879630139 10.674431202733452 0.60233994360405019 87.688302383424045 1.9978638015993788 3.0060806892892509 7484.2845227216103 0.69731370265080594 56.46967431007581 1.0000000180025095e-35 0.03592160050693053 3.3114073171136593 55.871781565162649 0.095674405574510818
decision_type=2 2 2 2 2 2 2 2 2 2 2 2 2 2
left_child=1 2 -1 4 -2 6 8 -8 9 10 -6 12 -7 -14
right_child=3 -3 -4 -5 5 11 7 -9 -10 -11 -12 -13 13 -15
leaf_value=0.12484405210861138 0.014574753768138819 -0.08138298033879382 -0.083418541845429961 -0.081330509116507049 0.083186013228944464 -0.09440936354284174 0.13476350523000435 -0.015514568381163392 -0.056734670504673658 0.093153398627760439 -0.08357531444554632 -0.00075687218254704358 0.081774370388692438 -0.033743937431525303
leaf_weight=0.99323118291795143 49.281622615177184 3.9356384619604796 0.79218680318444967 1.7050576205365349 1.1380450353026419 1.8516242839395989 1.9128735004924227 4.9488523269537836 19.664896923466586 2.7530915145762265 2.851429795846343 213.14557480136864 9.6602660492062551 2.697164971381425
leaf_count=15 616 414 31 145 8 32 21 87 397 38 47 3091 102 56
internal_value=-0.000446928 -0.0458618 0.0324383 0.000386873 0.000836471 -0.00176131 -0.0247032 0.0263791 -0.0379764 0.0167325 -0.0360047 0.00159581 0.0368876 0.056561
internal_weight=317.332 5.72106 1.78542 311.61 309.905 260.624 33.2692 6.86173 26.4075 6.74257 3.98947 227.355 14.2091 12.3574
internal_count=5100 460 46 4640 4495 3879 598 108 490 93 55 3281 190 158
is_linear=0
shrinkage=0.08


Tree=65
num_leaves=15
num_cat=0
split_feature=6 7 2 2 4 15 18 18 14 0 16 16 8 7
split_gain=1.84469 2.37981 9.06139 2.52356 2.6811 3.47209 2.19386 3.35167 3.63491 3.14406 3.76253 4.04336 3.02422 2.97363
threshold=1.0000000180025095e-35 0.81900025948759558 0.60913977675957287 0.79656362623348664 83.290433512064297 1.0000000180025095e-35 43.51104714482112 47.621725980179171 1.0000000180025095e-35 0.90879183868225921 27.68426563648088 38.896389080677515 22.500000000000004 0.54885752793911946
decision_type=2 2 2 2 2 2 2 2 2 2 2 2 2 2
left_child=1 3 -3 -1 5 -5 13 8 9 12 -11 -12 -8 -2
right_child=6 2 -4 4 -6 -7 7 -9 -10 10 11 -13 -14 -15
leaf_value=-0.07571906649293754 0.0097556150179129043 0.32007340402145834 -0.041848325758506236 0.15536852907652704 -0.047901602713008203 -0.030874022731490338 -0.070075220273463593 0.065480887757488018 0.0810048237814123 -0.060835912983479588 0.16690939554702158 0.0044548494237716249 0.049040012650660637 -0.0074435289608833144
leaf_weight=6.6000516673084331 168.0839355296921 0.58322390762623344 1.8379946106579153 1.2255436019040646 3.7832421944476664 1.3423237055540083 14.017933300929153 2.6689211439806959 1.8042664318345476 3.7261276692152006 1.2955894917249677 4.0320590287446976 1.5112021476961661 104.23186118365265
leaf_count=169 2151 12 65 17 106 26 275 37 35 26 8 67 29 2077
internal_value=-0.000435983 -0.0274679 0.0453315 -0.0410778 -0.0050787 0.0580123 0.000942863 -0.019953 -0.0285942 -0.0366382 0.000831244 0.0439609 -0.0584836 0.00317245
internal_weight=316.744 15.3724 2.42122 12.9512 6.35111 2.56787 301.372 29.0561 26.3872 24.5829 9.05378 5.32765 15.5291 272.316
internal_count=5100 395 77 318 149 43 4705 477 440 405 101 75 304 4228
is_linear=0
shrinkage=0.08


Tree=66
num_leaves=15
num_cat=0
split_feature=1 5 5 5 0 2 2 11 11 3 3 4 5 1
split_gain=1.77006 1.67997 3.1953 1.82363 5.6587 3.89262 4.14724 3.9335 3.54139 6.01771 3.09201 3.86803 3.83896 3.4659
threshold=0.52758683094524239 4.9538647392579431 4.9883690427454788 3.667550264629079 0.94110347444780518 0.66857484583332993 0.92336715681877701 1175.2727015394507 3692.699175515465 0.095095216523611872 0.010635701534368058 173.13763758495361 3.6245385709453739 0.90931786463651143
decision_type=2 2 2 2 2 2 2 2 2 2 2 2 2 2
left_child=-1 3 -3 4 5 -2 7 -7 -6 -10 -9 12 13 -12
right_child=1 2 -4 -5 8 6 -8 10 9 -11 11 -13 -14 -15
leaf_value=-0.081922895704829163 -0.066950788123758057 -0.076513059209251597 0.063348271782445134 0.0041087919869430964 -0.023928614113683921 -0.092845303247985886 -0.075683826419411654 0.10347631707243796 0.118717839740552 -0.019029852976645091 0.032365711000475063 -0.068519998623834941 -0.092097852915536363 -0.03245384711016009
leaf_weight=1.6965473759919394 9.9405444916337711 4.3520953545812509 1.3759580175392327 239.67452502786182 4.0691157216206184 2.8869847285095593 5.7023214739747337 1.9005821347236622 5.3651011846959573 3.2649683654308319 21.996827885042883 4.7447359673678866 2.2311972095631054 6.9466269430704406
leaf_count=147 227 79 19 3590 43 56 147 20 41 38 379 167 51 96
internal_value=-0.000427603 1.2085e-05 -0.0429164 0.00080858 -0.0106467 -0.0215188 -0.0117875 -0.0028368 0.0375956 0.0666045 0.004034 -0.00122774 0.00901405 0.0168086
internal_weight=316.148 314.452 5.72805 308.724 69.049 56.3498 46.4093 40.707 12.6992 8.63007 37.82 35.9194 31.1747 28.9435
internal_count=5100 4953 98 4855 1265 1143 916 769 122 79 713 693 526 475
is_linear=0
shrinkage=0.08


Tree=67
num_leaves=15
num_cat=0
split_feature=11 2 16 0 0 11 1 3 4 5 3 7 5 11
split_gain=1.75242 6.65962 2.29985 1.8842 3.83887 4.3624 4.34239 5.56673 3.66337 6.70043 3.63387 7.68513 11.8864 3.11214
threshold=487.13911553831866 0.8720567079167364 1.648194608334677 0.83803667998118825 0.82843636121717001 1175.2727015394507 0.72414334052058138 0.090979276475343734 68.776374934466432 4.2003625787374714 0.12763422154961521 0.65301349677651743 4.3395896536329372 781.65307524821856
decision_type=2 2 2 2 2 2 2 2 2 2 2 2 2 2
left_child=1 -1 -2 4 6 -6 10 -8 9 -9 -4 -12 -13 -5
right_child=2 -3 3 13 5 -7 7 8 -10 -11 11 12 -14 -15
leaf_value=-0.053812008360585972 -0.073226908871044757 0.16071619081296365 -0.074158205160663862 -0.05447052602391507 0.099392448929935942 -0.076944265389333313 0.012493011752461067 -0.085258087553243711 -0.06084371676445554 0.070048955315337211 -0.082428195079981462 -0.081424632208017753 0.57487596413929087 0.005867526658611827
leaf_weight=1.8380591792520129 2.8015681286342433 1.8665855890139935 8.7367674781708029 5.628784390166401 1.0063029462471593 8.3336904197931272 68.008431307505816 2.9143788092769709 12.961410616291685 4.5590467525180429 1.0908496563788492 0.34333985729608674 0.36370197404175997 195.01362498127855
leaf_count=27 41 15 462 68 10 168 1033 101 542 87 77 29 16 2424
internal_value=-0.00041981 0.054278 -0.00106978 -0.00041548 -0.0089183 -0.0579455 -0.00429187 0.00149126 -0.0351233 0.00948455 -0.0528439 0.0507319 0.256176 0.00417481
internal_weight=315.467 3.70464 311.762 308.96 108.318 9.33999 98.9779 88.4433 20.4348 7.47343 10.5347 1.79789 0.707042 200.642
internal_count=5100 42 5058 5017 2525 178 2347 1763 730 188 584 122 45 2492
is_linear=0
shrinkage=0.08


Tree=68
num_leaves=15
num_cat=0
split_feature=16 12 0 1 7 18 3 16 4 15 18 10 3 11
split_gain=1.65733 1.65932 3.6752 3.21875 3.90875 5.51773 2.58277 2.25779 2.07632 4.43805 4.32283 5.68451 6.77194 5.35333
threshold=87.688302383424045 1.0000000180025095e-35 0.8691331696289798 0.73599005549918151 0.5726325813037737 22.290364838686497 0.041349015423664016 1.648194608334677 158.28746793466948 1.5000000000000002 36.233201410452878 6.323552356860568 0.020913247593321256 7657.4053568886693
decision_type=2 2 2 2 2 2 2 2 2 2 2 2 2 2
left_child=1 7 6 -4 5 -5 -3 -1 -9 10 13 12 -12 -10
right_child=-2 2 3 4 -6 -7 -8 8 9 -11 11 -13 -14 -15
leaf_value=-0.07327391661065806 -0.081195622133739653 0.015813057849121997 -0.091902703859107468 0.11392234556319104 -0.047725106348564042 -0.036067028723082532 -0.088086731994592729 0.0057440745031764294 -0.029915698830823515 -0.055917660247934063 0.11782529714172971 0.10563272703582062 -0.036767143561101515 0.048131768987514603
leaf_weight=2.5607781251892439 1.6176778709050257 2.0213622627779859 1.8040899564512063 4.2785696573555452 3.2632261742837727 2.4793146792799234 6.3147587721468881 227.17388911847956 30.123356800759211 11.367245301022193 2.3931043879128975 4.9604942633304736 7.4876253909897059 6.915828720200806
leaf_count=39 160 40 39 38 51 38 213 3119 672 268 23 72 197 131
internal_value=-0.000429407 -1.2174e-05 -0.0222117 0.00646624 0.0241755 0.0588946 -0.0628929 0.00151547 0.00217492 -0.0106448 -0.000725322 0.0357558 0.000675015 -0.0153429
internal_weight=314.761 313.144 20.1613 11.8252 10.0211 6.75788 8.33612 292.982 290.422 63.2477 51.8804 14.8412 9.88073 37.0392
internal_count=5100 4940 419 166 127 76 253 4521 4482 1363 1095 292 220 803
is_linear=0
shrinkage=0.08


Tree=69
num_leaves=15
num_cat=0
split_feature=18 2 4 0 1 18 18 16 10 2 3 2 11 18
split_gain=1.6579 2.90135 4.73319 3.99418 4.26628 3.14637 2.8613 2.47227 2.74639 2.45895 2.0511 2.76099 1.81176 1.98027
threshold=44.481308083840837 0.91076966144108129 54.02449713070046 0.91319813318514698 0.81890313301115192 46.935677279543278 47.621725980179171 81.826847423248338 1.2017656851842409 0.78494646539391932 0.17695536062708159 0.6903501110166127 8957.2275691769592 36.233201410452878
decision_type=2 2 2 2 2 2 2 2 2 2 2 2 2 2
left_child=7 3 -3 6 -5 -4 -2 12 -9 -6 -10 -12 13 -1
right_child=1 2 5 4 9 -7 -8 8 10 -11 11 -13 -14 -15
leaf_value=-0.0015195304167103982 -0.077344597472847235 0.18144777856140912 -0.070324604599698817 -0.070570476138806792 0.10503480224239085 0.099654455418798596 0.031920570398865776 0.18431360976633246 -0.081490990560709728 -0.0072428767747961765 0.32371691262871949 -0.080861040537668474 0.090013420315759152 0.015263889277996441
leaf_weight=226.76190745399799 10.530973925022414 1.1122503844089795 2.0023405677638952 2.6304048667661837 2.8045416437089443 1.069043770432472 1.7953284652903665 0.29675081069581111 4.6804602578049526 2.2498113550245762 0.19502871297299851 0.24179593264125288 1.4983392395079125 56.129901643376797
leaf_count=3390 250 10 38 36 19 19 26 13 397 22 10 33 16 821
internal_value=-0.000423878 -0.0205425 0.0400457 -0.0332094 0.0120564 -0.0111607 -0.0614301 0.00125575 -0.052297 0.0550574 -0.066018 0.0997705 0.00227525 0.00181055
internal_weight=313.999 24.1947 4.18363 20.0111 7.68476 3.07138 12.3263 289.804 5.41404 5.05435 5.11728 0.436825 284.39 282.892
internal_count=5100 420 67 353 77 57 276 4680 453 41 440 43 4227 4211
is_linear=0
shrinkage=0.08


Tree=70
num_leaves=15
num_cat=0
split_feature=6 10 3 10 16 4 7 18 1 8 2 3 9 11
split_gain=1.62013 2.2705 2.88918 2.75219 2.49413 3.56805 1.95588 3.00672 3.16272 4.5415 5.36049 7.28697 4.52324 4.17433
threshold=1.0000000180025095e-35 1.9978638015993788 0.059765031204295126 1.5993051994466596 14.19433118711664 68.776374934466432 0.16449525311429625 5.8219312610590936 0.78324395846226491 2.5000000000000004 0.73062543733381635 0.06215476449069899 1.5000000000000002 3730.283040236151
decision_type=2 2 2 2 2 2 2 2 2 2 2 2 2 2
left_child=1 2 -1 -4 5 -3 7 -2 12 -10 11 -11 -9 -12
right_child=6 4 3 -5 -6 -7 -8 8 9 10 13 -13 -14 -15
leaf_value=-0.046914791460175485 0.086916579242878836 -0.092612632814113902 0.0067691039624036223 0.22016940841618554 -0.066516594610232793 0.070957475574385726 -0.0014491722831288295 -0.074153437353561114 0.11937413544733655 -0.018277943470147839 -0.085065810364602992 0.14747810361510122 0.046744502512604001 0.01449736333903554
leaf_weight=1.391407681629061 3.7101543731987467 1.327785711269825 0.78473204933106877 0.76271776901558042 8.1684614391997439 2.3894089316017926 264.80556575185619 5.4832834859844315 2.9377249646931913 3.2239033062942353 4.1244622024241817 3.5849031680263579 3.1004805243574083 7.7764995032921433
leaf_count=19 27 18 24 17 284 33 4361 90 22 22 47 33 40 63
internal_value=-0.000412678 -0.0262268 0.0367359 0.111951 -0.041795 0.0125301 0.00086828 0.0189487 0.0106073 0.0269013 0.0123816 0.0689942 -0.0304847 -0.0200078
internal_weight=313.571 14.8245 2.93886 1.54745 11.8857 3.71719 298.747 33.9414 30.2313 21.6475 18.7098 6.80881 8.58376 11.901
internal_count=5100 395 60 41 335 51 4705 344 317 187 165 55 130 110
is_linear=0
shrinkage=0.08


Tree=71
num_leaves=15
num_cat=0
split_feature=13 8 3 1 11 11 18 4 10 7 7 18 5 18
split_gain=1.61223 4.31539 4.65491 3.87864 3.06899 2.73136 2.95629 3.38691 2.44412 2.3474 2.99323 2.16806 3.01844 2.26123
threshold=1.5000000000000002 15.500000000000002 0.015431295429419576 0.85612570936570043 3801.5533738615504 8432.6721223145269 23.160492318599555 42.475930811103147 4.6085169054205481 0.35485730753987188 0.26667565952395272 24.668000223926011 4.6893768056818077 19.100799413198136
decision_type=2 2 2 2 2 2 2 2 2 2 2 2 2 2
left_child=-1 5 -3 11 -5 6 -2 -8 -6 10 -9 12 13 -4
right_child=1 2 3 4 8 -7 7 9 -10 -11 -12 -13 -14 -15
leaf_value=0.0017435816737899918 -0.080678272034455017 0.13346465740098087 -0.088394978804225074 -0.025945646633026113 0.032286121081962882 0.070466956414417442 0.06231407272170237 -0.042386888561786941 0.16545033181689167 -0.07391881238017213 0.090187872937337529 -0.088761856658770968 0.11379846670312702 0.056631707653118875
leaf_weight=274.72004990710411 8.5975132093299234 1.9412764329463232 2.0905951566528516 2.1092455475591123 1.8439519759267571 1.4194261208176602 2.5531302820891133 3.3682816538494063 1.6911364053376017 5.9544628183357418 1.6113313338719306 3.0908509690780193 1.093929548282176 1.0256182437296955
leaf_count=4347 182 16 52 36 28 24 26 46 19 167 25 94 15 23
internal_value=-0.000402384 -0.0157587 0.0179437 0.000620272 0.0504236 -0.0371045 -0.0440183 -0.0206491 0.09599 -0.0400212 0.000512403 -0.0378822 -0.000529221 -0.0406633
internal_weight=313.111 38.3907 14.8866 12.9453 5.64433 23.5041 22.0847 13.4872 3.53509 10.9341 4.97961 7.30099 4.21014 3.11621
internal_count=5100 753 283 267 83 470 446 264 47 238 71 184 90 75
is_linear=0
shrinkage=0.08


Tree=72
num_leaves=15
num_cat=0
split_feature=1 0 16 0 1 0 11 0 1 4 2 11 16 16
split_gain=1.57462 1.53293 2.34112 1.61689 6.41464 4.02585 5.04677 2.25487 2.60236 1.96743 3.31492 1.8976 1.90602 2.02827
threshold=0.52758683094524239 0.65617084879630139 10.674431202733452 0.68729998753369037 0.94904589171224329 0.6775528346316354 2088.4822974667863 0.71824617619011566 0.97730072131553403 71.430056408959629 0.84564561500820423 487.13911553831866 1.648194608334677 11.373022056837653
decision_type=2 2 2 2 2 2 2 2 2 2 2 2 2 2
left_child=-1 2 -2 4 5 -3 -7 8 9 10 -5 -9 -13 -14
right_child=1 3 -4 7 -6 6 -8 11 -10 -11 -12 12 13 -15
leaf_value=-0.081801768170405492 0.033321521319474828 -0.058092508458554848 -0.081313648516296674 -0.087513902358930945 0.23673997566037672 0.27382779411247149 -0.010158147714090513 0.059916305546009754 0.11495214134205606 -0.085946902440370482 0.091141572427446763 -0.0700641966563917 0.014493214222069188 -0.0023494863238320736
leaf_weight=1.5131925881141786 1.7057525091804553 2.6218771513085803 3.4386433027684689 1.3569443961605414 0.91888524312525977 0.65584290586411942 1.0286575455684213 3.4705710951238862 0.62466700933873642 4.746422294061631 1.3029173808172343 2.435608495026826 57.143435212783515 229.70044630486518
leaf_count=147 44 112 399 37 6 12 41 37 5 181 31 34 461 3553
internal_value=-0.00039184 4.07403e-06 -0.0433035 0.000732135 0.0448521 0.00390754 0.100409 -3.43313e-05 -0.0418549 -0.0550805 -5.86708e-07 0.00111292 0.000407443 0.00100582
internal_weight=312.664 311.151 5.1444 306.006 5.22526 4.30638 1.6845 300.781 8.03095 7.40628 2.65986 292.75 289.279 286.844
internal_count=5100 4953 443 4510 171 165 53 4339 254 249 68 4085 4048 4014
is_linear=0
shrinkage=0.08


Tree=73
num_leaves=15
num_cat=0
split_feature=5 5 15 7 10 0 8 3 10 10 10 8 8 7
split_gain=1.49719 3.41931 1.64132 5.00757 4.05444 3.36839 5.62066 4.86345 5.36344 4.03476 4.6445 4.60597 7.26832 8.91086
threshold=4.9600191468975137 4.9883690427454788 1.0000000180025095e-35 0.79287968186167468 1.2563807300393992 0.95431577986355676 17.500000000000004 0.049473936515456458 6.5568103126380368 6.6283763040819688 6.495815449606078 13.500000000000002 15.500000000000002 0.65301349677651743
decision_type=2 2 2 2 2 2 2 2 2 2 2 2 2 2
left_child=2 -2 3 4 -1 9 7 -7 -9 10 11 -6 13 -13
right_child=1 -3 -4 -5 5 6 -8 8 -10 -11 -12 12 -14 -15
leaf_value=-0.077059143215890163 -0.094549215148112153 0.056638914618838604 0.0058381154893994338 -0.042776811686519707 -0.014547588376411376 -0.018221734829930603 -0.070664891996644344 0.055840209677167685 0.20156551577747384 -0.032342507237747772 0.12578098977355245 0.040909735901651728 0.004890894597657027 0.22903184771518295
leaf_weight=4.2148177516646674 3.0191223786678156 1.4019394163042305 161.5600012941286 20.258378518978134 44.687378955073655 3.1689502298831922 2.374586089514195 5.3921206938102841 2.3084234837442636 22.167628674185835 2.0206651359330854 6.4184089081827533 30.954281765385531 2.1516823524143547
leaf_count=69 60 20 2573 519 699 27 32 48 23 351 26 96 527 30
internal_value=-0.000382854 -0.0466068 0.000281344 -0.0058627 7.90261e-05 0.00275177 0.0408373 0.0651964 0.0995249 -0.00190144 0.005924 0.00304803 0.0229421 0.0881413
internal_weight=312.098 4.42106 307.677 146.117 125.859 121.644 13.2441 10.8695 7.70054 108.4 86.2324 84.2118 39.5244 8.57009
internal_count=5100 80 5020 2447 1928 1859 130 98 71 1729 1378 1352 653 126
is_linear=0
shrinkage=0.08


Tree=74
num_leaves=15
num_cat=0
split_feature=18 2 10 14 16 3 3 16 1 1 11 11 16 10
split_gain=1.55425 2.92198 3.68255 2.98772 2.71386 4.04059 6.771 3.60759 2.63942 2.98581 2.10892 4.45248 5.34701 4.10904
threshold=43.51104714482112 0.57459587082590813 4.9526696395614476 1.0000000180025095e-35 27.68426563648088 0.078324928703627547 0.06819987042631398 32.591708545043346 0.78883422548287985 0.73018950728177734 7631.6243180364791 7079.7932937007381 5.5676610209262298 1.6898730504202097
decision_type=2 2 2 2 2 2 2 2 2 2 2 2 2 2
left_child=10 2 -2 4 -3 6 7 -6 9 -9 11 -1 -13 -14
right_child=1 3 -4 -5 5 -7 -8 8 -10 -11 -12 12 13 -15
leaf_value=0.0016981243079396717 0.16882551263237822 -0.062035725140318361 -0.029479144217158974 0.07274611142149516 0.11162908137117705 -0.069955409115820363 0.16693266680368396 -0.083139439211274632 -0.063267213884223933 0.14362419117992573 0.017399118959321155 0.11094075299829678 0.029485043884504413 -0.068860084825651785
leaf_weight=218.19774025049992 1.1648502154275804 11.137559815775608 1.2344702538102863 1.8533387703355391 1.2924677524715642 4.6972430323949075 1.6711268457584081 0.60626212391070999 4.9581489730626345 0.9601626330986619 44.636137232882902 1.4199914829805518 3.3486567551735815 14.461157658253795
leaf_count=3548 21 136 21 34 10 145 19 35 84 15 705 15 41 271
internal_value=-0.000384268 -0.0178317 0.0667961 -0.0253032 -0.0324793 -0.00927325 0.0207683 -0.0104788 -0.0346674 0.0558586 0.00144517 -0.00155416 -0.0384573 -0.0503689
internal_weight=311.639 29.5756 2.39932 27.1763 25.323 14.1854 9.48817 7.81704 6.52457 1.56642 282.064 237.428 19.2298 17.8098
internal_count=5100 520 42 478 444 308 163 144 134 50 4580 3875 327 312
is_linear=0
shrinkage=0.08


Tree=75
num_leaves=15
num_cat=0
split_feature=6 7 2 2 4 11 18 18 1 0 2 4 2 7
split_gain=1.4458 2.09888 5.50073 2.25344 2.32341 2.99707 1.62308 2.37075 2.85865 3.80147 4.62314 4.27722 3.45323 2.22931
threshold=1.0000000180025095e-35 0.81900025948759558 0.60913977675957287 0.79656362623348664 83.290433512064297 5846.6703278328596 43.51104714482112 47.621725980179171 0.91230610757694264 0.97351565794864325 0.90420801437702447 72.912399087262273 0.86001570577591224 0.64350773169943565
decision_type=2 2 2 2 2 2 2 2 2 2 2 2 2 2
left_child=1 3 -3 -1 5 -5 13 8 9 10 -8 -12 -10 -2
right_child=6 2 -4 4 -6 -7 7 -9 12 -11 11 -13 -14 -15
leaf_value=-0.07396586080606217 0.0071545019479223983 0.22357004094790942 -0.037782941882644139 -0.033556176817265797 -0.046532213484788087 0.14000723199171311 -0.071726141395825199 0.052120106006339706 0.072744010473619336 0.08676813790384573 0.11369352204429682 -0.051237257847885818 -0.065156113952129058 -0.0091974796494780995
leaf_weight=5.9161508439574373 196.22943942679558 0.74575860297772978 1.668553667142987 1.2674427959136667 3.5438134246505797 1.2795629622414706 13.88779484224507 2.7915940554812542 3.4876184077002099 1.4067090526223172 1.8810678785666812 2.1640268699266016 1.7430199584923682 73.287908149766736
leaf_count=169 2611 12 65 25 106 18 289 37 46 12 19 45 29 1617
internal_value=-0.000378322 -0.025115 0.0429466 -0.0388006 -0.0046437 0.0536385 0.000823295 -0.0177415 -0.025679 -0.0398702 -0.0498041 0.0254596 0.0267912 0.00270803
internal_weight=311.3 14.4213 2.41431 12.007 6.09082 2.54701 296.879 27.3618 24.5702 19.3396 17.9329 4.04509 5.23064 269.517
internal_count=5100 395 77 318 149 43 4705 477 440 365 353 64 75 4228
is_linear=0
shrinkage=0.08


Tree=76
num_leaves=15
num_cat=0
split_feature=13 8 3 18 16 5 16 7 2 5 1 1 2 18
split_gain=1.44647 3.86672 3.6648 3.27269 4.29534 2.84017 2.54901 2.37278 2.3777 2.71032 2.81583 4.07437 3.09628 3.08224
threshold=1.5000000000000002 15.500000000000002 0.018514409593461945 30.400275123244182 51.478584557836612 4.6893768056818077 16.623841182041328 0.16751240539926313 0.7433383456180912 3.8352920573325475 0.79279954625024673 0.75011705798016337 0.79537561775758869 35.865103723413704
decision_type=2 2 2 2 2 2 2 2 2 2 2 2 2 2
left_child=-1 7 -3 4 5 6 -4 -2 -9 -10 11 13 -12 -11
right_child=1 2 3 -5 -6 -7 -8 8 9 10 12 -13 -14 -15
leaf_value=0.0016469913128580923 0.027516343046490227 0.10749722443534458 0.065018896270108664 -0.067444029365660157 -0.087115266074002967 0.12976393154765092 -0.05090794874509081 -0.089964246813725335 -0.089963337914712227 -0.085229555754158831 0.046934797809939859 0.14451388657409303 -0.076343368717477045 0.11588044257032171
leaf_weight=273.28463206801098 3.2265603174455491 2.3839045995846382 3.0956600843928737 3.4172147609060621 1.7704528784379361 2.1196481343358755 1.9969753301702438 5.7025502944598001 3.4284173777559763 1.5646691744914267 1.8369540059939025 1.5864558639004824 4.4934822486247867 0.70861380640417326
leaf_count=4347 33 22 30 96 75 19 41 143 98 52 25 26 80 13
internal_value=-0.000370737 -0.0151415 0.0166551 -0.000809346 0.0245398 0.0519486 0.0195605 -0.0359895 -0.0465948 -0.0284346 -0.00773364 0.0461232 -0.0405707 -0.0225408
internal_weight=310.616 37.3316 14.7839 12.4 8.98274 7.21228 5.09264 22.5477 19.3211 13.6186 10.1902 3.85974 6.33044 2.27328
internal_count=5100 753 283 261 165 90 71 470 437 294 196 91 105 65
is_linear=0
shrinkage=0.08


Tree=77
num_leaves=15
num_cat=0
split_feature=1 4 4 8 8 1 11 10 1 10 0 10 5 5
split_gain=1.42637 1.43367 3.86786 6.45921 8.91816 5.18287 5.35398 4.26176 5.65804 4.09569 3.8041 3.76086 3.95699 3.80173
threshold=0.52758683094524239 32.786709582724427 49.385825303929984 13.500000000000002 10.500000000000002 0.93750633942323847 6456.5024261024819 4.6350809107154136 0.915138708793377 2.0916047640357456 0.90166708096401293 1.9978638015993788 3.7156726014394321 3.8352920573325475
decision_type=2 2 2 2 2 2 2 2 2 2 2 2 2 2
left_child=-1 -2 3 4 7 6 9 8 -3 -5 -9 12 -4 -14
right_child=1 2 11 5 -6 -7 -8 10 -10 -11 -12 -13 13 -15
leaf_value=-0.081628978605773755 -0.018075520759688511 -0.092648166346099292 -0.026105607426897486 -0.010706826643482999 -0.098875752772209224 -0.069905305370583051 -0.0026737225199838159 0.10095255463711453 0.084165979468232968 0.12794750700964608 -0.013937741369826392 -0.0060989542786123339 0.10822949234794427 0.0237614791896851
leaf_weight=1.3761573411757115 25.74439540610183 3.2767603518441346 8.8531538662500662 1.6006889035925294 4.8542738598771384 1.6770385182462622 3.831513972952961 5.5684028347022814 1.7915616868995128 9.1995597763452661 2.7579772751778364 209.3217681075912 3.917826417367908 26.318333165720105
leaf_count=147 329 57 187 18 62 15 51 63 16 117 23 3624 39 352
internal_value=-0.000363348 -1.08816e-06 0.00164332 0.0267199 -0.00597638 0.0633059 0.0785741 0.0276906 -0.0301475 0.107398 0.062897 -0.00184522 0.0209333 0.0347064
internal_weight=310.089 308.713 282.969 34.5578 18.249 16.3088 14.6318 13.3947 5.06832 10.8002 8.32638 248.411 39.0893 30.2362
internal_count=5100 4953 4624 422 221 201 186 159 73 135 86 4202 578 391
is_linear=0
shrinkage=0.08


Tree=78
num_leaves=15
num_cat=0
split_feature=5 5 3 3 8 8 16 0 18 5 17 5 3 2
split_gain=1.3994 2.95728 1.46153 4.1465 4.01291 5.27774 4.37253 4.47868 4.34872 3.82597 5.25691 4.34729 4.66675 5.82301
threshold=4.9600191468975137 4.9883690427454788 0.073382080167301425 0.071884501324373726 19.500000000000004 23.500000000000004 3.6919009860782253 0.98970547408301435 24.668000223926011 4.1933503651996267 1.0000000180025095e-35 4.2880027571686181 0.14152344766927469 0.60610797279856166
decision_type=2 2 2 2 2 2 2 2 2 2 2 2 2 2
left_child=2 -2 3 -1 6 -6 8 9 -4 10 -8 12 13 -11
right_child=1 -3 4 -5 5 -7 7 -9 -10 11 -12 -13 -14 -15
leaf_value=0.002748872366460106 -0.093564733718279974 0.047738899254911538 0.14281294310263085 0.074020529684384495 -0.06028813155052503 0.012890997754768558 -0.0079210462876111616 0.17127460050180043 -0.00071130630088665206 0.20426171631136408 -0.077166450219753532 0.001537849998910496 0.19094230672978532 -0.0093609738157105007
leaf_weight=175.1637586352881 2.8148607418406746 1.4291905467398462 2.7053002510219804 5.3849012693390241 17.265812999801714 9.9378962424816546 37.397367106983438 0.93512353114783664 2.6991532184183598 1.0243834108114231 8.6371761594200489 38.329579777666368 1.5945762412156907 4.0269460144918412
leaf_count=2301 60 20 31 58 404 221 864 9 38 13 201 773 38 69
internal_value=-0.000358919 -0.0459805 0.00027569 0.00487456 -0.0063907 -0.0335548 0.00120013 -0.00291043 0.0711324 -0.00470018 -0.0209131 0.0118946 0.0716258 0.0339606
internal_weight=309.346 4.24405 305.102 180.549 124.553 27.2037 97.3496 91.9452 5.40445 91.01 46.0345 44.9755 6.64591 5.05133
internal_count=5100 80 5020 2359 2661 625 2036 1967 69 1958 1065 893 120 82
is_linear=0
shrinkage=0.08


Tree=79
num_leaves=15
num_cat=0
split_feature=12 0 1 7 18 11 3 4 10 3 2 16 4 11
split_gain=1.43024 3.278 2.8112 2.9988 3.92623 4.48066 2.35646 1.90062 3.60026 3.40902 3.22831 4.08029 3.33565 3.14664
threshold=1.0000000180025095e-35 0.8691331696289798 0.73599005549918151 0.56949540747535599 22.290364838686497 4616.423840005541 0.041349015423664016 32.786709582724427 5.9046507852715715 0.020170490064567885 0.88239355864769198 21.440682901712556 29.204386783028379 3578.708339590065
decision_type=2 2 2 2 2 2 2 2 2 2 2 2 2 2
left_child=7 6 -3 4 5 -4 -2 8 9 -1 12 -12 13 -11
right_child=1 2 3 -5 -6 -7 -8 -9 -10 10 11 -13 -14 -15
leaf_value=0.09359165208835156 0.012361513552544674 -0.091750481975107337 0.01145928089557487 -0.044199086064273363 -0.032578171266201439 0.17154505378227936 -0.087644838912478915 0.0029902984252588804 -0.075862168231150176 -0.081750329709360928 -0.046036588705536251 0.097238913035195579 -0.099914386833606261 0.03194254515286369
leaf_weight=2.0672858720645371 2.042686345055702 1.6269764329772431 2.142520831897853 3.052319407928735 2.3505395650863647 2.3422373523935676 5.760261251940392 265.62915395828895 5.730383562273345 2.375860156491397 2.2169134691357604 2.9849612023681402 3.8790289270691574 4.5257287622662261
leaf_count=17 41 39 22 55 38 18 220 4361 91 35 20 40 43 60
internal_value=-0.000356254 -0.0214322 0.00569617 0.0217307 0.0511718 0.0950667 -0.0614648 0.00105053 -0.0206171 -0.00307809 -0.015582 0.0361784 -0.0405575 -0.00719603
internal_weight=308.727 19.3175 11.5146 9.88762 6.8353 4.48476 7.80295 289.409 23.7802 18.0498 15.9825 5.20187 10.7806 6.90159
internal_count=5100 433 172 133 78 40 261 4667 306 215 198 60 138 95
is_linear=0
shrinkage=0.08


Tree=80
num_leaves=15
num_cat=0
split_feature=16 0 16 0 6 11 11 5 1 16 4 2 5 11
split_gain=1.38706 1.35065 2.12031 2.39966 1.37949 3.52851 3.54563 6.36974 3.25799 3.05623 3.15945 2.69477 4.78752 3.58589
threshold=87.688302383424045 0.65617084879630139 10.674431202733452 0.60233994360405019 1.5000000000000002 8293.3153523094406 7942.2878261116184 3.7354838436499405 0.71896184189506795 63.971311669031756 203.81185844701434 0.59526950903782483 3.5319383389086094 8120.6661386634651
decision_type=2 2 2 2 2 2 2 2 2 2 2 2 2 2
left_child=1 2 3 -1 5 6 8 -8 -3 10 -10 12 -6 -14
right_child=-2 4 -4 -5 11 -7 7 -9 9 -11 -12 -13 13 -15
leaf_value=0.10844192345470006 -0.081053078328776923 -0.061552451720187279 -0.081219513813730798 -0.083354112639492065 -0.065326230210286718 -0.07591686651414388 0.18916107021653694 -0.03832376297214464 0.0079771508124756238 -0.058382950600315592 -0.086823742758367989 0.00079569809567553082 0.055407816885536081 -0.048366761907764823
leaf_weight=1.012316989712416 1.356903742882422 6.6074833059683433 3.1213735850760713 0.71052290406078089 2.9810372274369028 4.7062538890168062 1.6201278390362852 1.5333227403461931 50.167805820703506 5.6125011332333079 2.3555611702613524 205.92904602037743 18.082431880291555 2.4157612002454689
leaf_count=15 160 291 399 31 68 102 22 34 627 239 58 2810 209 35
internal_value=-0.000347317 9.5609e-06 -0.0418982 0.0293426 0.000681755 -0.00892917 -0.00428593 0.0785496 -0.0083206 -0.00227049 0.00372553 0.00372342 0.0294015 0.0431777
internal_weight=308.212 306.856 4.84421 1.72284 302.011 72.6031 67.8968 3.15345 64.7434 58.1359 52.5234 229.408 23.4792 20.4982
internal_count=5100 4940 445 46 4495 1373 1271 56 1215 924 685 3122 312 244
is_linear=0
shrinkage=0.08


Tree=81
num_leaves=15
num_cat=0
split_feature=1 12 0 1 1 3 16 13 11 4 15 18 11 10
split_gain=1.28026 1.28454 2.8896 2.45969 2.86579 2.27299 1.83942 1.79961 1.73567 1.72915 3.84778 3.49728 4.32974 4.9058
threshold=0.52758683094524239 1.0000000180025095e-35 0.8691331696289798 0.73599005549918151 0.87663185765889218 0.041349015423664016 1.648194608334677 1.0000000180025095e-35 3436.6677964209298 158.28746793466948 1.5000000000000002 36.233201410452878 7657.4053568886693 3.1663341620118373
decision_type=2 2 2 2 2 2 2 2 2 2 2 2 2 2
left_child=-1 6 5 -4 7 -3 -2 -5 -9 -8 11 12 -11 -14
right_child=1 2 3 4 -6 -7 9 8 -10 10 -12 -13 13 -15
leaf_value=-0.08146417302225438 -0.07048636060038313 0.012415214315507296 -0.091147511952038143 0.085400484107712518 -0.042263896123807883 -0.087176855255643254 0.0051426363842028968 0.072000617618842147 -0.054962054154141099 -0.027976909154645041 -0.053594605728932425 0.031768995739045063 0.12610617889078146 -0.010920546934888501
leaf_weight=1.2401395919732738 2.2662467565387479 2.0296616619452861 1.4816012976225454 3.8099412852898222 3.235970969311893 5.2873786143027246 223.70205142884515 1.2304663797840478 1.5663529504090545 29.004897538223304 10.702660442679187 14.903169833007267 2.7205337781924745 4.3392986268736422
leaf_count=147 37 39 36 43 50 214 3112 17 23 679 268 302 40 93
internal_value=-0.000344514 -1.6058e-05 -0.0203672 0.00495095 0.0194164 -0.0595512 0.00130286 0.0496272 0.000895433 0.00187297 -0.00998734 -0.000830327 -0.0143015 0.0418832
internal_weight=307.52 306.28 18.6414 11.3243 9.84273 7.31704 287.639 6.60676 2.79682 285.373 61.6706 50.9679 36.0647 7.05983
internal_count=5100 4953 422 169 133 253 4531 83 40 4494 1382 1114 812 133
is_linear=0
shrinkage=0.08


Tree=82
num_leaves=15
num_cat=0
split_feature=16 0 16 0 1 10 1 11 0 5 3 2 2 11
split_gain=1.27917 1.2317 1.91648 1.29332 4.36704 3.44485 2.48259 5.2645 2.00437 3.68307 3.72907 2.98624 4.26581 2.80862
threshold=87.688302383424045 0.65617084879630139 10.674431202733452 0.68729998753369037 0.94904589171224329 7.6350569645629394 0.758593984444624 2088.4822974667863 0.74365888487818432 4.0182585358762362 0.032343209443944726 0.80422520378333917 0.87350870916314505 5273.8695655882011
decision_type=2 2 2 2 2 2 2 2 2 2 2 2 2 2
left_child=1 2 -1 4 5 6 7 -3 9 -5 -11 -12 13 -13
right_child=-2 3 -4 8 -6 -7 -8 -9 -10 10 11 12 -14 -15
leaf_value=0.02608162722149893 -0.080979025531913162 0.30946543838420715 -0.081125217926846405 -0.076157565741515998 0.1867390359963681 0.18905129863624839 -0.061898321103216379 -0.081817220396431911 0.0015710095815211769 0.066669450413575318 -0.085421855421302637 -0.014719869540406253 -0.064584738601597649 0.17645039515839905
leaf_weight=1.6994941285811354 1.2537796436808992 0.39521796023473088 2.8683148427517153 6.1568063499871668 1.040412815287709 0.55711362930014718 2.7671124066691846 0.49657066474901512 278.35705308686011 3.6967879314906877 3.5142300877487287 0.83657727832905981 2.1195533890277147 1.19361039949581
leaf_count=46 160 9 399 212 6 13 100 43 3817 49 133 27 62 24
internal_value=-0.000338152 -7.41515e-06 -0.041238 0.000618004 0.0399525 0.00372905 -0.0244886 0.0915893 -8.08015e-05 -0.0263284 0.000675895 -0.0311567 0.014798 0.0976751
internal_weight=306.953 305.699 4.56781 301.131 5.25643 4.21601 3.6589 0.891789 295.875 17.5176 11.3608 7.66397 4.14974 2.03019
internal_count=5100 4940 445 4495 171 165 152 52 4324 507 295 246 113 51
is_linear=0
shrinkage=0.08


Tree=83
num_leaves=15
num_cat=0
split_feature=16 4 3 4 4 1 8 4 5 5 16 4 8 1
split_gain=1.25139 3.0727 5.71967 5.29325 3.62878 3.66458 3.58507 3.51836 3.87355 4.13104 3.48322 4.51051 5.64887 6.15342
threshold=46.154031125473153 168.86325254552955 0.010635701534368058 164.23448332508406 153.49443566008213 0.76282587689861459 20.500000000000004 34.75512851708379 3.2238588019336132 3.3954287769213249 59.843225921241995 52.711393883209986 2.5000000000000004 0.91025997423234173
decision_type=2 2 2 2 2 2 2 2 2 2 2 2 2 2
left_child=-1 3 -3 4 5 -2 -5 -7 -9 -10 -11 -12 13 -13
right_child=1 2 -4 6 -6 7 -8 8 9 10 11 12 -14 -15
leaf_value=0.0029489863763103755 -0.043341391884267555 0.12106466497808464 -0.056527548731035736 0.040082125711046385 -0.086765667156255943 -0.048904856596116278 0.23360227083573284 0.16142161263193 -0.06999404434770877 -0.0086450220091664805 0.096249351922113993 0.20428307345180013 -0.0021913933220381178 -0.0040478141064322652
leaf_weight=216.93984985060524 11.339687610045074 1.2684830054640759 13.653757508378474 1.7243124025408172 3.3743767194682723 6.5165603418136007 0.95033173356205214 1.1087923548184324 3.7937675891444078 19.607410135911778 6.0912165369372842 1.9589159232564299 16.526404633186758 1.6903665778227148
leaf_count=2580 574 17 625 49 129 121 12 10 110 242 104 27 472 28
internal_value=-0.000336009 -0.00828926 -0.0414311 -0.00166719 -0.00577194 -0.00178985 0.108842 0.00643416 0.0135362 0.0102348 0.0168697 0.0359156 0.0177003 0.107783
internal_weight=306.544 89.6044 14.9222 74.6821 72.0075 68.6331 2.67464 57.2934 50.7769 49.6681 45.8743 26.2669 20.1757 3.64928
internal_count=5100 2520 642 1878 1817 1688 61 1114 993 983 873 631 527 55
is_linear=0
shrinkage=0.08


Tree=84
num_leaves=15
num_cat=0
split_feature=11 2 16 11 10 11 11 0 0 11 1 3 5 4
split_gain=1.27335 4.73227 1.67642 1.62763 1.92358 1.68925 2.50356 1.84365 3.04734 5.79151 3.04862 5.4362 4.31941 4.91615
threshold=487.13911553831866 0.89953317406211075 1.648194608334677 611.46873486794436 3.3863320959153587 702.91395379861035 781.65307524821856 0.83803667998118825 0.82843636121717001 1175.2727015394507 0.72414334052058138 0.090979276475343734 4.3926716249973836 68.776374934466432
decision_type=2 2 2 2 2 2 2 2 2 2 2 2 2 2
left_child=1 -1 -2 4 -4 -5 -7 8 10 -10 -8 -12 -13 -14
right_child=2 -3 3 5 -6 6 7 -9 9 -11 11 12 13 -15
leaf_value=-0.035153419470853986 -0.069823413780929669 0.14762806165913533 0.022304707446752316 0.059182368117506191 -0.090977218584830627 -0.077171556733772156 -0.048301535276018027 0.004977523074329011 0.16353744492741334 -0.075053366868119545 0.011537673809447722 -0.071994162913960699 0.086534443949219886 -0.047501217781913775
leaf_weight=2.0288817912805821 2.2422505374997845 1.6387587264180181 1.5011488326126698 3.0863896072842172 2.6578979952028021 2.6875526164658359 9.0318951739463937 191.36863835307304 0.7117867497727256 7.6400942243635654 63.728877865243703 10.309457303374076 3.0194926033727816 4.1698263653088361
leaf_count=31 41 11 21 42 62 42 558 2424 6 168 988 467 60 179
internal_value=-0.000338327 0.0465162 -0.00090706 -0.000391818 -0.0500897 0.00030706 -0.000313822 0.0003985 -0.00848771 -0.0547195 -0.00420979 0.000692874 -0.0388029 0.00879336
internal_weight=305.823 3.66764 302.155 299.913 4.15905 295.754 292.668 289.98 98.6114 8.35188 90.2595 81.2277 17.4988 7.18932
internal_count=5100 42 5058 5017 83 4934 4892 4850 2426 174 2252 1694 706 239
is_linear=0
shrinkage=0.08


Tree=85
num_leaves=15
num_cat=0
split_feature=13 8 3 16 5 18 1 4 9 8 8 11 18 16
split_gain=1.22352 3.61777 4.42889 4.00296 3.37505 2.80058 4.12806 3.22167 2.5306 1.85193 3.80688 5.68465 4.00233 3.77769
threshold=1.5000000000000002 9.5000000000000018 0.015431295429419576 53.781425064285365 4.7391976992277032 10.8485683911333 0.85612570936570043 66.974685366748872 1.5000000000000002 9.5000000000000018 11.500000000000002 6902.3116774798718 20.899684258987204 19.743201413423836
decision_type=2 2 2 2 2 2 2 2 2 2 2 2 2 2
left_child=9 -2 -3 4 5 -4 8 -8 -7 13 11 -11 -13 -1
right_child=1 2 3 -5 -6 6 7 -9 -10 10 -12 12 -14 -15
leaf_value=0.031208821472455829 -0.049780200193758291 0.10489072817719088 -0.096395238552202653 -0.086572141790072707 0.075580908376046876 -0.072096500422553528 0.13603986820993169 0.0078118431478935444 0.032598060934120196 -0.065878635490957668 0.00067642802633948243 0.095061768808865937 -0.038815173487215041 -0.0012633768707222752
leaf_weight=35.248941894387826 12.118263928510713 2.4900761437602368 2.0676668700762155 3.462471827864646 3.687689959537237 4.4626300801755843 2.0385253401473165 3.2583707326557487 2.2090084285009652 13.347149963083213 149.31159822095651 2.9161053231218821 2.80278933304362 65.601927252835594
leaf_count=345 282 24 37 182 39 93 13 46 37 248 2417 31 52 1254
internal_value=-0.000334544 -0.0142303 0.00396521 -0.00789677 0.00747295 -0.0104209 0.00443195 0.0571608 -0.0374317 0.00151293 -0.00362206 -0.0372847 0.0294496 0.0100862
internal_weight=305.023 35.7947 23.6764 21.1864 17.7239 14.0362 11.9685 5.2969 6.67164 269.229 168.378 19.066 5.71889 100.851
internal_count=5100 753 471 447 265 226 189 59 130 4347 2748 331 83 1599
is_linear=0
shrinkage=0.08


Tree=86
num_leaves=15
num_cat=0
split_feature=5 5 15 10 7 4 8 5 7 16 16 2 2 8
split_gain=1.25903 2.66903 1.32907 4.2344 3.92714 2.69883 4.75167 5.9126 4.75181 7.48608 4.81285 4.2739 5.14615 4.05362
threshold=4.9600191468975137 4.9883690427454788 1.0000000180025095e-35 1.2563807300393992 0.79287968186167468 168.86325254552955 22.500000000000004 4.7203801428471728 0.83243233804144179 33.70169730836588 40.010352301001639 0.76893856868734678 0.80282227677523588 21.500000000000004
decision_type=2 2 2 2 2 2 2 2 2 2 2 2 2 2
left_child=2 -2 3 -1 -5 6 13 8 9 -8 -11 -12 -13 -4
right_child=1 -3 5 4 -6 -7 7 -9 -10 10 11 12 -14 -15
leaf_value=-0.079143698255281544 -0.093076425638581789 0.043260661565955032 0.0074523513346350994 0.0025221070904383187 -0.037421279101170782 -0.018260702699226802 -0.049099056592094799 0.14095095791159662 0.16399411442668999 0.19268773572431136 -0.0882730575718286 0.22187215068356461 0.0095360844059831692 -0.060854308890483683
leaf_weight=4.8088509322842574 2.5959559108596286 1.4225798370316622 108.62709275924135 118.9323839424178 18.158281692187302 25.994226701906882 6.628518193727361 3.5382505734451106 1.4255879553966213 1.5998087432235477 1.3466451162239534 1.1016093278303745 2.1683569225715473 5.8602436104556537
leaf_count=83 60 20 1610 1859 505 641 65 32 27 11 43 11 50 83
internal_value=-0.000330183 -0.0448125 0.000265286 -0.00535686 -0.00276858 0.00530527 0.00993563 0.0483772 0.0254244 0.0100453 0.0731104 0.0316729 0.0810694 0.00395595
internal_weight=304.208 4.01854 300.19 141.9 137.091 158.29 132.296 17.8088 14.2705 12.8449 6.21642 4.61661 3.26997 114.487
internal_count=5100 80 5020 2447 2364 2573 1932 239 207 180 115 104 61 1693
is_linear=0
shrinkage=0.08


Tree=87
num_leaves=15
num_cat=0
split_feature=18 2 2 1 0 1 2 16 16 10 3 15 7 16
split_gain=1.18913 2.47362 2.69519 3.49006 2.7988 3.1547 3.17501 2.39208 1.73664 2.21288 1.99763 2.39347 1.59588 1.53685
threshold=44.481308083840837 0.54500592067242593 0.91076966144108129 0.86503660693378848 0.97351565794864325 0.90576336651125688 0.79438986293089242 29.586227183724947 81.826847423248338 1.2017656851842409 0.17695536062708159 1.5000000000000002 0.97424700760483329 80.930541019847695
decision_type=2 2 2 2 2 2 2 2 2 2 2 2 2 2
left_child=8 -2 4 7 5 -3 -7 -4 12 -10 -11 -12 13 -1
right_child=1 2 3 -5 -6 6 -8 -9 9 10 11 -13 -14 -15
leaf_value=0.0019041023807919036 0.092055532483877767 -0.070743528056513641 -0.0026224552846864685 -0.062932249022251793 0.064853492178417377 0.061069656981851822 -0.08861331806814142 0.15203499745779139 0.14977112234667414 -0.081369248176928533 -0.080973358878940624 0.29692078436430963 -0.086290674903944806 0.088868201194503768
leaf_weight=273.88802937505534 1.2327375742606843 11.308262031641794 1.0845282210502767 1.5365521942730991 1.5188366407528509 2.7263972223736337 1.3590289365965871 1.5617235696408895 0.33711462502833356 3.8507856790092774 0.22339221800211806 0.2063530117738992 1.3070589387789358 1.3067696873331431
leaf_count=4136 22 257 14 26 14 34 26 27 13 397 32 11 33 58
internal_value=-0.00032575 -0.0180955 -0.0245324 0.0329668 -0.0387531 -0.0489755 0.0112772 0.0886509 0.00108562 -0.0475705 -0.0631122 0.100482 0.00189819 0.00231705
internal_weight=303.448 22.3281 21.0953 4.1828 16.9125 15.3937 4.08543 2.64625 281.12 4.61765 4.28053 0.429745 276.502 275.195
internal_count=5100 420 398 67 331 317 60 41 4680 453 440 43 4227 4194
is_linear=0
shrinkage=0.08


Tree=88
num_leaves=15
num_cat=0
split_feature=6 8 7 8 8 18 16 4 4 8 3 9 14 1
split_gain=1.14285 2.01438 2.83653 1.68778 2.79707 1.62759 3.79311 2.22238 4.93317 1.30581 4.1074 4.67631 4.17427 3.72127
threshold=1.0000000180025095e-35 5.5000000000000009 0.87955959614055057 11.500000000000002 13.500000000000002 34.972379442617914 53.461601455697014 144.48377353326796 159.07511026056085 2.5000000000000004 0.14745972217349487 1.0000000180025095e-35 1.0000000180025095e-35 0.96362653510537422
decision_type=2 2 2 2 2 2 2 2 2 2 2 2 2 2
left_child=1 -1 3 -3 -5 7 -7 -6 -9 10 11 -2 13 -13
right_child=9 2 -4 4 5 6 -8 8 -10 -11 -12 12 -14 -15
leaf_value=-0.085098713479671101 -0.026435363041611055 -0.070706625878322577 0.11187948943788914 0.11817222041985974 -0.088411584540955421 -0.085856077499170735 0.16299991434853653 0.25272167651361122 -0.084119209291640476 -0.0013356006264145933 -0.085312040354432433 0.018753481059339491 0.14753005765820493 0.12162714030682452
leaf_weight=2.683976827771402 9.4751210669055563 3.0727522149682027 1.1366828572936345 1.0898856217972932 2.782740957802162 0.73538219160400309 0.8394726503174752 0.44553243077825733 0.74117673700675368 251.9293061431963 2.4598077316768459 21.126320480078 2.0951078217476597 2.5187177392654112
leaf_count=93 117 84 28 23 79 21 21 7 39 4167 84 294 25 18
internal_value=-0.000319864 -0.0230479 -0.00768925 -0.0216907 0.0010119 -0.0220192 0.046796 -0.0493212 0.0423427 0.000741776 0.014633 0.0216142 0.0393016 0.0297118
internal_weight=303.132 13.5276 10.8436 9.70694 6.63419 5.5443 1.57485 3.96945 1.18671 289.604 37.6751 35.2153 25.7401 23.645
internal_count=5100 395 302 274 190 167 42 125 46 4705 538 454 337 312
is_linear=0
shrinkage=0.08


Tree=89
num_leaves=15
num_cat=0
split_feature=5 4 5 11 4 2 10 10 9 3 10 12 11 11
split_gain=1.16551 2.08068 1.24693 3.15517 2.96731 2.67002 2.79725 3.27468 4.5064 3.78958 3.21005 2.71771 2.68722 2.91995
threshold=4.9538647392579431 86.780669389093546 3.7156726014394321 1175.2727015394507 23.879967977892932 0.67611176671897966 2.8742069858195447 1.7914835254661623 1.5000000000000002 0.037362644736433519 6.9296377995301528 1.0000000180025095e-35 5105.75792866963 6852.420573388963
decision_type=2 2 2 2 2 2 2 2 2 2 2 2 2 2
left_child=2 -2 3 -1 -5 12 7 8 9 -7 11 -8 -6 -14
right_child=1 -3 -4 4 5 6 10 -9 -10 -11 -12 -13 13 -15
leaf_value=-0.076166976185107746 0.012416558799979762 -0.091651899152660476 0.0032236277762038284 0.072756180808184787 -0.088900342001830501 0.14789282554801611 0.023117800856091834 -0.07894792801457963 -0.093234301701799402 -0.0055604540009197689 -0.047110273227019148 -0.086539396397691759 0.046387621713684671 -0.061339396487532984
leaf_weight=4.2013477715663603 2.4916527464520177 2.4274029709631577 226.62291586009087 3.0227404339238992 4.8183466159971413 1.6018458269536475 33.332249621278606 5.6552781102946028 2.0798760978505015 2.8848786865128204 5.5575549699133253 1.5120833162218321 3.0793562694452703 3.3754054482560605
leaf_count=93 36 64 3580 32 119 15 566 162 41 64 137 48 70 73
internal_value=-0.000314732 -0.038938 0.000323367 -0.00891815 -0.00469613 -0.00836013 -0.000791133 -0.034326 0.00410326 0.0492253 0.00935341 0.0183592 -0.0436928 -0.00994635
internal_weight=302.663 4.91906 297.744 71.121 66.9196 63.8969 52.6238 12.2219 6.5666 4.48672 40.4019 34.8443 11.2731 6.45476
internal_count=5100 100 5000 1420 1327 1295 1033 282 120 79 751 614 262 143
is_linear=0
shrinkage=0.08


Tree=90
num_leaves=15
num_cat=0
split_feature=11 2 16 16 1 5 5 1 3 5 18 10 8 0
split_gain=1.22301 3.8209 1.44497 1.39631 4.02247 3.67802 3.85531 4.45666 3.52277 3.1414 4.32381 3.47286 4.13864 3.35367
threshold=487.13911553831866 0.89953317406211075 1.648194608334677 11.373022056837653 0.93386563577449422 4.3766120606131933 4.7687990016841644 0.83044657628951501 0.051811234115113021 4.298237905697877 11.076086264443576 4.6085169054205481 17.500000000000004 0.80031414331988515
decision_type=2 2 2 2 2 2 2 2 2 2 2 2 2 2
left_child=1 -1 -2 4 5 9 7 -7 -8 10 -4 12 -12 -13
right_child=2 -3 3 -5 -6 6 8 -9 -10 -11 11 13 -14 -15
leaf_value=-0.030511896033353164 -0.067095667839678588 0.13528322224923106 -0.037771266783821478 -0.0031853130653252638 -0.048588726145071419 -0.10238662758791633 0.099927731725544686 0.0010112295843055152 -0.01545075454137192 0.11778679740294776 0.036031594149962855 -0.0046828725803962851 -0.064652833578719079 0.087188924182705033
leaf_weight=1.9232210535556071 2.0936960107646874 1.6552993487566707 5.6870583435520521 235.80767183937132 6.5888125142082563 4.5180490743368882 3.0078628016635767 6.5148598160594702 3.8761112466454506 2.5571803096681824 9.9651386488694715 3.2997923307120791 3.5413867258466771 11.08697911724448
leaf_count=31 41 11 59 4444 58 61 22 53 41 18 87 49 41 84
internal_value=-0.000311478 0.0461792 -0.000868741 -0.00040101 0.0104256 0.017619 -0.0120177 -0.0413309 0.0349624 0.0323127 0.0258038 0.0387659 0.00963232 0.0661169
internal_weight=302.123 3.57852 298.545 296.451 60.6432 54.0544 17.9169 11.0329 6.88397 36.1375 33.5804 27.8933 13.5065 14.3868
internal_count=5100 42 5058 5017 573 515 177 114 63 338 320 261 128 133
is_linear=0
shrinkage=0.08


Tree=91
num_leaves=15
num_cat=0
split_feature=10 7 5 4 5 5 2 1 2 0 18 5 7 8
split_gain=1.12946 2.65137 2.88116 3.07722 3.83932 3.21937 2.84591 5.01435 3.3556 3.1913 3.71591 3.09113 3.75566 3.16154
threshold=1.9978638015993788 0.95138694869893192 4.9171833451833988 50.481219744837503 4.6810424058420752 3.4645943100376311 0.68096922322645004 0.79836263673223762 0.6903501110166127 0.7485346714309562 40.551969910195922 4.5612329569716836 0.31656789824107229 6.5000000000000009
decision_type=2 2 2 2 2 2 2 2 2 2 2 2 2 2
left_child=1 2 3 4 -1 -5 7 -7 -8 -10 11 13 -13 -11
right_child=-2 -3 -4 5 -6 6 8 -9 9 10 -12 12 -14 -15
leaf_value=-0.052121965250919049 -0.0024427192242939813 0.12046941443378056 -0.10244811940776684 -0.049956949565806159 0.074180691768343798 0.079230321422721961 0.2064875540759448 -0.075869288261573201 -0.060825393301267731 0.10028252230954815 0.12017775546756179 0.059815216776087587 -0.096754702330411085 0.023194078487857692
leaf_weight=8.0691901044920069 253.06233805714874 1.3732601692900051 1.4722936137113709 3.5544491045875466 1.9037116933614004 2.0772256471682331 0.76612277701497333 3.7287887593265623 1.9855507439933742 4.948283060686669 3.5519025437533847 1.6861892230808724 2.3428593662101775 10.916208359645678
leaf_count=90 4400 24 29 98 14 43 7 59 82 50 29 11 38 126
internal_value=-0.00030167 0.0108985 0.0076972 0.0112589 -0.0280122 0.0222734 0.0302957 -0.0203791 0.0415266 0.0365571 0.0448042 0.0313466 -0.0312289 0.0472387
internal_weight=301.438 48.376 47.0028 45.5305 9.9729 35.5576 32.0031 5.80601 26.1971 25.431 23.4454 19.8935 4.02905 15.8645
internal_count=5100 700 676 647 104 543 445 102 343 336 254 225 49 176
is_linear=0
shrinkage=0.08


Tree=92
num_leaves=15
num_cat=0
split_feature=1 18 2 14 16 18 3 3 7 18 11 10 0 16
split_gain=1.14152 1.123 2.15249 2.2056 2.42979 3.50642 2.05284 4.85676 3.25909 2.53431 1.64142 3.99418 5.50391 6.12995
threshold=0.52758683094524239 43.51104714482112 0.54500592067242593 1.0000000180025095e-35 27.68426563648088 47.846469232540734 0.078324928703627547 0.06819987042631398 0.51305436720279018 45.7930496359619 7631.6243180364791 7.2246771585896523 0.91743221977965017 13.5531710367322
decision_type=2 2 2 2 2 2 2 2 2 2 2 2 2 2
left_child=-1 10 -3 4 -4 6 7 8 -6 -10 -2 -12 13 -13
right_child=1 2 3 -5 5 -7 -8 -9 9 -11 11 12 -14 -15
leaf_value=-0.081451322588467864 -0.0011570166599794245 0.067822142249601924 -0.05786056484999387 0.061145644385421367 -0.091396544418239398 0.14675656485843275 -0.065669491808967057 0.12071002562038803 0.066960157101928069 -0.066146079018535725 0.0069415873246431847 0.17554541631877452 0.16554071717470828 -0.086735949054884312
leaf_weight=1.105152925942092 228.86384077731054 1.8513537030667091 10.107635149033745 1.9105503680184472 2.8622159884544036 0.89814460137859065 3.8319429978728303 1.8228459369856862 2.6112147519597784 1.4096912802197037 38.497962569352239 0.85091202333569471 2.5467034503817558 1.7293254816904662
leaf_count=147 3768 28 139 34 54 9 139 18 43 41 604 7 21 48
internal_value=-0.000295306 3.86515e-06 -0.0154635 -0.0215211 -0.0282295 -0.00593866 -0.0168769 0.00459925 -0.0261502 0.0202944 0.00155383 0.0157754 0.0821079 -0.000240668
internal_weight=300.899 299.794 27.3056 25.4542 23.5437 13.4361 12.5379 8.70597 6.88312 4.02091 272.489 43.6249 5.12694 2.58024
internal_count=5100 4953 505 477 443 304 295 156 138 84 4448 680 76 55
is_linear=0
shrinkage=0.08


Tree=93
num_leaves=15
num_cat=0
split_feature=16 7 11 15 3 1 3 13 11 9 4 11 15 7
split_gain=1.13938 3.70509 3.26587 5.06381 4.20298 7.74423 3.74067 4.20478 3.32212 3.54739 2.41461 1.95567 4.33885 1.75603
threshold=62.719894319947841 0.58044865535056289 2373.5734538869838 1.0000000180025095e-35 0.1444045167856837 0.93112471464303459 0.054028819243622093 1.5000000000000002 1795.4648307505752 1.5000000000000002 38.685847927557951 1175.2727015394507 1.5000000000000002 0.54563245686122674
decision_type=2 2 2 2 2 2 2 2 2 2 2 2 2 2
left_child=-1 2 3 -2 6 10 7 -4 9 -5 -6 12 -3 -8
right_child=1 11 4 8 5 -7 13 -9 -10 -11 -12 -13 -14 -15
leaf_value=0.0016045929319458369 -0.05741159265302221 -0.082466501342563753 -0.014697183907386252 -0.019184594247486652 0.17108057756839948 0.28202043117408326 -0.075087418951960347 0.1317919686900717 0.18726791922564889 0.14304714265376295 -0.082301555940105339 -0.065793730428396618 0.23192210940251046 0.082358348617755081
leaf_weight=261.69628515397198 2.0620030914433327 0.69855111534707137 9.0063495395006647 2.0820742559153587 0.30971738300286178 0.83840211248025287 7.8925039358437044 1.4569000108167536 1.5859101276146246 1.4728060758206996 1.0801419982453806 9.3559342423104663 0.46995054255239666 0.48099753190763284
leaf_count=3500 95 44 187 55 14 19 357 28 23 23 73 647 12 23
internal_value=-0.000292041 -0.0130869 0.00199896 0.0485012 -0.0139016 0.0899965 -0.0261921 0.00569993 0.0909835 0.0480289 -0.0258377 -0.0536064 0.043975 -0.0660433
internal_weight=300.489 38.7922 28.2678 7.20279 21.065 2.22826 18.8368 10.4632 5.14079 3.55488 1.38986 10.5244 1.1685 8.3735
internal_count=5100 1600 897 196 701 106 595 215 101 78 87 703 56 380
is_linear=0
shrinkage=0.08


Tree=94
num_leaves=15
num_cat=0
split_feature=13 8 3 16 1 2 2 5 9 2 4 3 5 9
split_gain=1.09047 3.1413 3.28509 3.6299 2.81673 1.93443 2.81292 1.93345 2.73203 1.73391 2.7003 3.46636 3.76327 4.99663
threshold=1.5000000000000002 9.5000000000000018 0.015431295429419576 53.781425064285365 0.85612570936570043 0.75720331082933157 0.80823091177406792 4.6893768056818077 1.5000000000000002 0.60221949285691212 37.432341746262971 0.030730517142759754 4.2248855172730471 1.0000000180025095e-35
decision_type=2 2 2 2 2 2 2 2 2 2 2 2 2 2
left_child=9 -2 -3 4 7 -6 -7 8 -4 10 -1 -12 13 -13
right_child=1 2 3 -5 5 6 -8 -9 -10 -11 11 12 -14 -15
leaf_value=-0.059784396938093572 -0.047889711215636566 0.087577284467495103 -0.087897632963930994 -0.086077737301392759 -0.029303495635787446 0.13843409148729494 0.023720255759253163 0.030442119013978659 0.019657650608903114 -0.00082805260528160817 -0.044547337081110118 0.085312657646441803 0.072150301975158385 -0.027501432068990615
leaf_weight=2.4917304292321232 11.466528919292612 2.6261201510205892 3.9925752681447246 3.17552017699927 1.830400826409458 2.1292768414132297 3.8267686595208943 3.0186150426743552 2.4322610383387655 236.23436924669659 3.7004413851536837 3.6349409306421903 11.171925727860069 8.1380098987719958
leaf_count=45 282 24 99 182 24 19 41 39 43 3867 52 61 158 164
internal_value=-0.000296407 -0.0136766 0.00335687 -0.00748206 0.00700335 0.0426253 0.0647303 -0.0223681 -0.0471802 0.001443 0.019856 0.0273036 0.0388914 0.00733032
internal_weight=299.869 34.4981 23.0315 20.4054 17.2299 7.78645 5.95605 9.44345 6.42484 265.371 29.137 26.6453 22.9449 11.773
internal_count=5100 753 471 447 265 84 60 181 142 4347 480 435 383 225
is_linear=0
shrinkage=0.08


Tree=95
num_leaves=15
num_cat=0
split_feature=6 8 7 2 2 4 1 10 7 18 1 9 4 13
split_gain=1.08661 1.8275 2.2066 2.56568 1.9189 2.0802 1.5 1.33829 1.22751 2.74488 2.34334 3.75841 3.5083 4.7164
threshold=1.0000000180025095e-35 5.5000000000000009 0.81900025948759558 0.60913977675957287 0.79656362623348664 84.599404446409821 0.91966637350098668 1.8443465607786613 0.16449525311429625 5.8219312610590936 0.78324395846226491 1.5000000000000002 72.912399087262273 1.0000000180025095e-35
decision_type=2 2 2 2 2 2 2 2 2 2 2 2 2 2
left_child=1 -1 4 -4 7 -6 -7 -3 9 -2 11 -11 -12 -14
right_child=8 2 3 -5 5 6 -8 -9 -10 10 12 -13 13 -15
leaf_value=-0.084743291193229917 0.080348556033771307 0.045281578663846751 0.17675817965718468 -0.012037056362674676 0.068795830058738294 -0.08548775989385124 0.034953831317760559 -0.087026995667543738 -0.0011593159983982501 -0.072201924835319287 -0.024299827213709171 0.039868656083857666 0.080873472612470257 -0.014038184964149823
leaf_weight=2.4755502456100649 3.6805538819171479 0.57472762069664751 0.81764596980065007 1.0552130966680122 2.0739883733913302 1.6528776114573704 1.1036892085103316 3.2907154146814719 253.12276696012123 5.0268573912326264 7.2413124307058778 3.0938390609808266 8.6676513941492868 5.4626120449975124
leaf_count=93 27 14 7 45 34 68 18 116 4361 90 54 40 80 53
internal_value=-0.000291802 -0.0228726 -0.00838061 0.0703865 -0.0253447 0.00827216 -0.0372647 -0.0673549 0.000737041 0.0152071 0.00707757 -0.0295051 0.0209781 0.0441816
internal_weight=299.34 13.0444 10.5689 1.87286 8.696 4.83056 2.75657 3.86544 286.296 33.1728 29.4923 8.1207 21.3716 14.1303
internal_count=5100 395 302 52 250 120 86 130 4705 344 317 130 187 133
is_linear=0
shrinkage=0.08


Tree=96
num_leaves=15
num_cat=0
split_feature=1 5 5 1 3 3 11 11 1 7 0 1 3 1
split_gain=1.04714 1.03679 2.41009 1.27726 2.02013 2.50371 1.66758 1.7145 1.6049 6.92777 4.64592 3.00924 2.27537 2.65996
threshold=0.52758683094524239 4.9600191468975137 4.9883690427454788 0.97978161616822168 0.039143761867915509 0.067639811327756025 487.13911553831866 611.46873486794436 0.95041323712718528 0.33223227830625562 0.96421346924686313 0.94904589171224329 0.094394860043235801 0.96362653510537422
decision_type=2 2 2 2 2 2 2 2 2 2 2 2 2 2
left_child=-1 3 -3 6 -5 -6 -2 -8 11 12 -11 -9 13 -10
right_child=1 2 -4 4 5 -7 7 8 9 10 -12 -13 -14 -15
leaf_value=-0.081366264953785766 0.057216700159048582 -0.092302991198101453 0.04196381443508513 0.11515629749705417 -0.090785036241752673 0.043031978074291634 -0.056230691261167448 0.00063785532693333576 0.066870084241307109 -0.078212988182491769 0.066682085756786122 0.099117469646689521 0.10546974919164376 -0.065151389013003852
leaf_weight=1.0158846115227778 3.1940099067287511 2.2981738833477712 1.3630892843939366 1.5561741637065996 1.1832865918986497 3.6707366744522005 3.5410457423422477 260.52379170147469 2.1536707349587263 10.453076120815238 1.638225027360021 2.0010902984067789 2.4263675261754543 1.7872475096955893
leaf_count=147 38 60 19 12 18 48 77 4411 20 169 12 20 28 21
internal_value=-0.000282918 -6.30896e-06 -0.0423154 0.000520348 0.0358394 0.0104108 -0.00026654 -0.000911834 -0.000214688 -0.023016 -0.0585815 0.00138851 0.0445218 0.00699697
internal_weight=298.806 297.79 3.66126 294.129 6.4102 4.85402 287.719 284.525 280.983 18.4586 12.0913 262.525 6.36729 3.94092
internal_count=5100 4953 79 4874 78 66 4796 4758 4681 250 181 4431 69 41
is_linear=0
shrinkage=0.08


Tree=97
num_leaves=15
num_cat=0
split_feature=16 7 17 5 18 18 11 8 2 18 7 11 3 4
split_gain=1.05727 3.21993 2.77987 2.87758 3.70908 2.76165 3.68697 3.5802 3.41419 2.90965 2.57972 2.43824 2.26844 3.03231
threshold=62.719894319947841 0.58044865535056289 1.0000000180025095e-35 4.2171839008989567 18.756708500945887 32.921954742930168 2723.5935788510192 1.5000000000000002 0.65910545200232484 36.357916855809542 0.30388964768693078 8257.8907118421612 0.035295313253893595 52.711393883209986
decision_type=2 2 2 2 2 2 2 2 2 2 2 2 2 2
left_child=-1 2 5 -4 -5 11 8 -8 -7 -9 -10 -2 -6 -14
right_child=1 -3 3 4 12 6 7 9 10 -11 -12 -13 13 -15
leaf_value=0.0015373853477908238 -0.044678922048099298 -0.052065065376143284 -0.027882664234795018 -0.0037024876216661239 0.26038710893441797 0.19597275036891895 0.11732759725422813 0.072218485145459296 0.11805597373652051 -0.087325035917462102 -0.082977964637460724 0.065205422672537039 0.22996302471569149 -0.0032263545851153002
leaf_weight=260.47017001459608 12.567497744632425 9.8669172591180523 2.0100753320730282 1.5959395131794738 0.83377720834687385 1.268444137182086 1.0337139684706924 0.95893288514344011 0.84702048823237397 3.0856706453487277 0.78911272692494094 1.4404958938248444 0.61693393299356081 0.8467040928080678
leaf_count=3500 450 703 86 35 7 16 15 34 11 120 38 38 9 38
internal_value=-0.000276249 -0.0127864 0.00110749 0.0498507 0.0899831 -0.0119776 0.0255768 -0.0155407 0.0974659 -0.0494989 0.0210966 -0.0333791 0.155063 0.0950646
internal_weight=298.231 37.7612 27.8943 5.90343 3.89335 21.9909 7.98289 5.07832 2.90458 4.0446 1.63613 14.008 2.29742 1.46364
internal_count=5100 1600 897 175 89 722 234 169 65 154 49 488 54 47
is_linear=0
shrinkage=0.08


Tree=98
num_leaves=15
num_cat=0
split_feature=18 0 1 8 15 3 7 4 15 7 3 3 16 3
split_gain=1.03175 1.74326 3.86108 2.6803 3.18995 2.66542 2.14842 3.99908 2.06368 1.9844 1.5711 2.9986 1.3871 2.82133
threshold=43.51104714482112 0.90879183868225921 0.91850663640215424 22.500000000000004 1.0000000180025095e-35 0.081698618748857657 0.5944072463767982 83.974949492150799 1.0000000180025095e-35 0.16751240539926313 0.042921923527266877 0.11047504866376716 76.172470572692674 0.17695536062708159
decision_type=2 2 2 2 2 2 2 2 2 2 2 2 2 2
left_child=12 3 5 6 -5 8 9 10 -3 -2 -8 -12 -1 -14
right_child=1 2 -4 4 -6 -7 7 -9 -10 -11 11 -13 13 -15
leaf_value=0.0023736867387327298 0.022823035549063092 0.057566101079562206 0.09948495833782138 -0.047891398625813209 0.14039309455672264 -0.092449402976247375 0.12321089133654939 -0.085418388691295227 -0.0369483851051201 -0.088271814903547324 -0.086089097801891626 0.10496294565071637 -0.037909145902631669 0.12213906313848055
leaf_weight=260.16986111644655 1.2098825317807547 3.0294725676067156 2.3880128823220721 1.1299865834880614 1.1744042439386246 2.1565919616259634 1.1913732755929225 2.43336879927665 2.887957414612174 6.8832833569031209 1.064975899178535 1.0384382568299768 10.130136587918965 0.75762755732284937
leaf_count=3799 18 28 22 20 24 42 13 107 29 176 28 13 712 69
internal_value=-0.000272192 -0.0153112 0.0101209 -0.031811 0.0480655 -0.0163098 -0.0451286 -0.00763763 0.011439 -0.0716638 0.0498074 0.00823172 0.00120297 -0.0267722
internal_weight=297.645 26.5877 10.462 16.1257 2.30439 8.07402 13.8213 5.72816 5.91743 8.09317 3.29479 2.10341 271.058 10.8878
internal_count=5100 520 121 399 44 99 355 161 57 194 54 41 4580 781
is_linear=0
shrinkage=0.08


Tree=99
num_leaves=15
num_cat=0
split_feature=6 7 4 10 0 0 13 3 7 3 3 2 4 11
split_gain=1.02606 1.71321 2.12212 2.51336 1.87935 3.39533 1.0509 1.45477 1.42639 1.04957 4.95969 4.70549 2.96069 3.36553
threshold=1.0000000180025095e-35 0.26343812412544382 157.51830407760875 1.9978638015993788 0.78705140297254095 0.76716528731742761 1.0000000180025095e-35 0.064319032025917919 0.45943884675050856 0.086962794841761767 0.085000489099931464 0.72735988983297795 216.28248297440931 3730.283040236151
decision_type=2 2 2 2 2 2 2 2 2 2 2 2 2 2
left_child=1 -1 3 -3 5 -5 -6 -8 -9 10 -2 -12 13 -11
right_child=9 2 -4 4 6 -7 7 8 -10 12 11 -13 -14 -15
leaf_value=-0.085314988491386023 0.0022529834388666284 0.093920224422128828 -0.085024890822377672 -0.083640351165057678 -0.084967642192493503 0.13050510622125436 -0.086259109411867693 0.12937684152519852 -0.02365832681521746 -0.027948244186228446 0.19118645716421831 0.0085839413236692714 0.1265478247322529 0.0042219072681704021
leaf_weight=2.2837575001176438 191.64412647267454 1.7481960711302216 1.90163851273246 0.75708856916753609 2.0398796083172783 1.2666139481589196 0.95789573667570982 0.65365577803458996 0.96562721324153244 33.674133681808598 1.7475782781839364 1.8692072976846246 1.0582321269903321 54.492124612705084
leaf_count=79 2591 26 94 55 64 12 23 14 28 791 18 34 33 1238
internal_value=-0.000268673 -0.0226323 -0.0087213 0.00857546 -0.0138917 0.050391 -0.0420675 -0.00811137 0.0381174 0.000719806 0.00400454 0.0968148 -0.00646857 -0.00806513
internal_weight=297.06 12.5744 10.2906 8.38896 6.64076 2.0237 4.61706 2.57718 1.61928 284.485 195.261 3.61679 89.2245 88.1663
internal_count=5100 395 316 222 196 67 129 65 42 4705 2643 52 2062 2029
is_linear=0
shrinkage=0.08


Tree=100
num_leaves=15
num_cat=0
split_feature=16 0 8 1 8 5 16 16 18 18 10 8 8 11
split_gain=0.962136 3.77213 4.87275 2.87137 5.3437 6.17982 3.20504 2.86544 3.4276 4.66683 2.74394 2.61195 3.26267 4.19591
threshold=32.956297189779768 0.7466140431188184 1.0000000180025095e-35 0.76282587689861459 22.500000000000004 4.7763492662181077 36.716701944174581 31.48667644723464 28.436762935254276 11.554739861084309 7.927915843246601 9.5000000000000018 11.500000000000002 6297.7773704707661
decision_type=2 2 2 2 2 2 2 2 2 2 2 2 2 2
left_child=7 2 -2 4 -3 6 -6 11 9 -9 -4 -1 13 -13
right_child=1 3 10 -5 5 -7 -8 8 -10 -11 -12 12 -14 -15
leaf_value=0.014870764953583734 0.16218616092765739 -0.050597730566562409 -0.083394273090303769 0.003840011157853446 0.17391935986129117 0.23813710783995937 -0.04912893683162612 0.098069372538508531 0.11429710453682955 -0.060050219849051276 0.089670896270416578 -0.085655068934456638 -0.0010903520039925107 0.0088671080020631763
leaf_weight=58.487710435176268 0.61695844528730859 15.339929560141174 7.9304431665805151 97.389101520064287 0.51597172953188408 0.91170839068945486 2.0520455106743611 2.0937300445511919 3.2110739581985399 2.78189392760396 0.63313076482154418 6.9897124171257001 92.3511747380835 5.2731634739320725
leaf_count=640 29 721 713 1639 5 14 106 17 34 29 13 91 998 51
internal_value=-0.000263894 -0.00558799 -0.0549552 -0.00168796 -0.0302945 0.0592099 -0.00431358 0.00363581 0.0501186 0.00785078 -0.070599 0.00133116 -0.00623857 -0.0450096
internal_weight=296.578 125.389 9.18053 116.209 18.8197 3.47973 2.56802 171.188 8.0867 4.87562 8.56357 163.102 104.614 12.2629
internal_count=5100 3240 755 2485 846 125 111 1860 80 46 726 1780 1140 142
is_linear=0
shrinkage=0.08


Tree=101
num_leaves=15
num_cat=0
split_feature=18 10 7 2 16 7 16 6 3 1 5 16 10 11
split_gain=0.93449 1.77719 1.79393 4.03009 3.74923 2.69773 3.15581 2.40772 2.1364 3.30654 2.0986 1.26268 1.50753 1.47592
threshold=43.51104714482112 7.3063787333083043 0.64047515936761601 0.69500869355672112 44.473661467344279 0.66865636641749837 29.586227183724947 1.5000000000000002 0.039603921783845877 0.90692834832476033 3.3002415777608616 81.826847423248338 1.2017656851842409 8497.9664769574865
decision_type=2 2 2 2 2 2 2 2 2 2 2 2 2 2
left_child=11 2 3 8 5 -4 7 -7 -2 -10 -5 -1 -13 -14
right_child=1 -3 4 10 -6 6 -8 -9 9 -11 -12 12 13 -15
leaf_value=0.001785555543720516 0.13757319896158948 -0.081057534447632418 0.16744057231132523 0.067049224091086324 -0.083078665171909774 0.062963888176901212 0.10175901448373832 -0.087666092310604807 -0.054345944257432617 0.1096898407015504 -0.059213866734470891 0.10242941822684389 -0.081101303254019111 0.069144631034671306
leaf_weight=266.10241104091983 1.103074821177876 2.3559143161401144 1.0790981911122788 0.91685283556580444 1.6559713770402593 1.1318216926883906 2.1148048838367686 1.6980624934658408 2.0348841845407155 1.2818996012210844 10.38517246278934 0.40487592836143393 3.0558248207380534 0.48483550327364344
leaf_count=4137 8 45 8 16 96 15 28 38 43 10 213 13 403 27
internal_value=-0.000269246 -0.0148286 -0.00816114 -0.0236419 0.0235308 0.0528383 0.0278282 -0.0274211 0.0411274 0.00905204 -0.048971 0.00111945 -0.0438056 -0.0605276
internal_weight=295.806 25.7576 23.4016 15.7219 7.67976 6.02379 4.94469 2.82988 4.41986 3.31678 11.302 270.048 3.94554 3.54066
internal_count=5100 520 475 290 185 89 81 53 61 53 229 4580 443 430
is_linear=0
shrinkage=0.08


Tree=102
num_leaves=15
num_cat=0
split_feature=11 2 16 1 18 1 7 0 1 2 0 0 11 0
split_gain=0.936631 3.0037 1.24827 1.19648 1.76395 1.65213 6.05499 4.20659 2.40647 2.32876 2.05927 2.19543 2.76945 2.05927
threshold=487.13911553831866 0.89953317406211075 1.648194608334677 0.97978161616822168 22.553758474561572 0.95041323712718528 0.33223227830625562 0.96421346924686313 0.94904589171224329 0.97071242719343664 0.6775528346316354 0.68729998753369037 2088.4822974667863 0.71824617619011566
decision_type=2 2 2 2 2 2 2 2 2 2 2 2 2 2
left_child=1 -1 -2 5 -5 8 -7 -8 9 10 -4 12 -12 -13
right_child=2 -3 3 4 -6 6 7 -9 -10 -11 11 13 -14 -15
leaf_value=-0.028754072748147307 -0.064571193003712293 0.11951463299714771 -0.047973596392921751 -0.014872076041176192 0.070978520984533319 0.03825225511171821 -0.077030077680126138 0.059987390993471217 0.087254217828968084 -0.052195368868942875 0.20274646328779231 -0.046388801710526478 -0.0036515143155375889 0.0024729283483845965
leaf_weight=1.8638184039155015 1.9486986622214306 1.6473432206548748 5.3941646674938957 2.6757928915321818 3.5824400973506272 6.4431134371552643 10.295813278353306 1.6660878779366601 2.0314727242803192 5.3900822486612006 0.78533362830057629 5.6474311553756698 0.88486438355175778 245.03688553461689
leaf_count=31 41 11 517 31 46 70 176 12 20 107 9 237 42 3750
internal_value=-0.000262874 0.0408096 -0.00075712 -0.000328065 0.0342719 -0.00109165 -0.0242694 -0.0579459 0.000517077 -0.000152548 0.00093578 0.00198124 0.0933976 0.00137217
internal_weight=295.293 3.51116 291.782 289.833 6.25823 283.575 18.405 11.9619 265.17 263.139 257.749 252.355 1.6702 250.684
internal_count=5100 42 5058 5017 77 4940 258 188 4682 4662 4555 4038 51 3987
is_linear=0
shrinkage=0.08


Tree=103
num_leaves=15
num_cat=0
split_feature=16 1 1 0 4 11 5 3 3 5 11 4 4 4
split_gain=0.983098 3.72427 4.42103 3.71689 4.36616 3.88625 3.65693 3.40292 3.27015 3.00246 2.54893 2.35752 3.50695 2.35896
threshold=11.373022056837653 0.879761228557845 0.84927312473457506 0.81026205836682508 165.82496553064814 3994.8492938790864 3.4761390032945725 0.063189147518859026 0.071884501324373726 4.3695502604161431 6183.1229568158742 189.97353730162453 110.28381844194789 85.137229860399898
decision_type=2 2 2 2 2 2 2 2 2 2 2 2 2 2
left_child=1 2 3 10 5 9 -7 -4 -8 -5 -1 12 13 -3
right_child=-2 11 7 4 -6 6 8 -9 -10 -11 -12 -13 -14 -15
leaf_value=-0.08763455336298337 -0.0026550661204515547 -0.028248938206564659 0.12066201295403314 0.1002421830754589 -0.042693552969140798 0.087810708876453203 -0.060302397984830398 0.017982835221594277 0.039820235947359686 0.0063156037718415338 0.015666491866655755 0.048497022485212905 -0.076544008356054433 0.050051309664452058
leaf_weight=3.7715907718520603 232.1767285738606 7.6017263066023641 4.5900862719863635 7.4955959096550995 5.3280237372964612 2.6439732480794182 5.1461010351777059 3.7560474202036858 3.5129932723939419 3.0702958749607205 2.5706863505765796 2.8409130731597534 6.5443205372430375 3.6424015425145626
leaf_count=93 4480 57 27 48 71 21 43 40 34 22 45 26 69 24
internal_value=-0.000257412 0.00864736 0.0223508 0.00938543 0.0222462 0.0380677 0.00546181 0.0744528 -0.0196827 0.0729485 -0.045764 -0.0191759 -0.0299836 -0.0028845
internal_weight=294.691 62.5148 41.8854 33.5393 27.197 21.869 11.3031 8.34613 8.65909 10.5659 6.34228 20.6294 17.7884 11.2441
internal_count=5100 620 444 377 239 168 98 67 77 70 138 176 150 81
is_linear=0
shrinkage=0.08


Tree=104
num_leaves=15
num_cat=0
split_feature=18 9 5 5 5 6 8 8 16 1 1 2 4 3
split_gain=0.920608 3.94978 2.19131 1.59651 2.43814 1.20244 2.07465 3.18084 1.20238 4.40302 3.93978 3.37011 3.94349 3.22609
threshold=2.687693167098836 1.5000000000000002 3.7875154911875542 4.9538647392579431 4.9883690427454788 1.0000000180025095e-35 11.500000000000002 13.500000000000002 11.373022056837653 0.879761228557845 0.84927312473457506 0.63837567430319975 165.82496553064814 0.063189147518859026
decision_type=2 2 2 2 2 2 2 2 2 2 2 2 2 2
left_child=1 2 -1 5 -5 6 -2 -8 9 10 11 -7 -13 -12
right_child=3 -3 -4 4 -6 8 7 -9 -10 -11 13 12 -14 -15
leaf_value=0.047126801506014025 -0.06444421364802104 0.11531885422814701 -0.09056541971341435 -0.091321381104084998 0.037829478423678259 -0.065389012743245739 0.10968980612544126 -0.02517600499492954 -0.0018129079261531365 -0.021070474493220727 0.12255494522456602 0.036237437863188046 -0.040658480003521749 0.020629104544918859
leaf_weight=1.3814242666121566 4.9662620032904652 2.171396566554904 1.5924042765982447 2.8831138781970358 1.3848543032072482 3.1237339358776834 1.4282241346081717 5.1731985550723039 214.73211136602913 18.501691397279501 4.3777066264301521 23.282017501769591 5.2264516453724346 3.6398511966690421
leaf_count=17 177 29 38 77 20 45 29 170 3990 158 24 213 77 36
internal_value=-0.000251301 0.0332907 -0.0266036 -0.000849048 -0.049415 -0.000120354 -0.0253833 0.00400234 0.000950555 0.011155 0.0261923 0.0134965 0.0221401 0.0762821
internal_weight=293.864 5.14523 2.97383 288.719 4.26797 284.451 11.5677 6.60142 272.884 58.1515 39.6498 31.6322 28.5085 8.01756
internal_count=5100 84 55 5016 97 4919 376 199 4543 553 395 335 290 60
is_linear=0
shrinkage=0.08


Tree=105
num_leaves=15
num_cat=0
split_feature=12 0 1 1 16 2 2 3 4 10 18 11 18 4
split_gain=0.933441 2.30833 2.15531 2.48793 2.41186 2.36639 2.64658 2.06115 1.3676 3.21167 3.18666 3.81905 2.80285 2.66079
threshold=1.0000000180025095e-35 0.8691331696289798 0.73599005549918151 0.771270843636637 7.1891917715495373 0.7931561603556011 0.87350870916314505 0.041349015423664016 32.786709582724427 5.764855979178896 18.301908263912754 5896.7795473911283 34.155232675209746 33.608626674455465
decision_type=2 2 2 2 2 2 2 2 2 2 2 2 2 2
left_child=8 7 -3 -4 -5 -6 -7 -2 9 10 11 -1 -12 -10
right_child=1 2 3 4 5 6 -8 -9 13 -11 12 -13 -14 -15
leaf_value=0.092135662978518787 0.012345507228385994 -0.090675098541928498 0.11432151927559585 0.072099554849221467 -0.089599007820403406 0.076386271669358921 -0.064364835436126769 -0.086403364216299877 0.1007378369804862 -0.06917654966916445 -0.073888325961385268 -0.052476215416100661 0.009811238598021561 0.0018497609811318975
leaf_weight=3.9159483353141757 1.9429438004735882 1.3387115469668049 1.4467010332737098 2.1740811392664909 2.3049778456334025 1.9583647260442378 1.5175167825073002 4.4535866153019015 1.7535186758032058 5.8284028645721255 4.463209498790091 1.6660071886144576 6.0064581783954054 252.34497566032223
leaf_count=49 41 39 21 13 44 25 30 220 18 98 65 30 64 4343
internal_value=-0.000245343 -0.0183623 0.00429644 0.0178196 0.00026952 -0.0267445 0.0149365 -0.0564084 0.000879631 -0.0183119 0.000157271 0.0489744 -0.0258698 0.00253218
internal_weight=293.115 17.1369 10.7404 9.40164 7.95494 5.78086 3.47588 6.39653 275.979 21.88 16.0516 5.58196 10.4697 254.098
internal_count=5100 433 172 133 112 99 55 261 4667 306 208 79 129 4361
is_linear=0
shrinkage=0.08


Tree=106
num_leaves=15
num_cat=0
split_feature=1 6 11 4 11 8 16 1 8 12 2 2 11 11
split_gain=0.927602 0.879346 3.18596 2.8934 2.51793 3.55286 2.77636 2.40865 2.50856 2.21341 2.16863 3.11796 4.05501 2.36199
threshold=0.52758683094524239 1.5000000000000002 8293.3153523094406 203.81185844701434 7942.2878261116184 12.500000000000002 63.971311669031756 0.71896184189506795 22.500000000000004 1.0000000180025095e-35 0.62473279089859035 0.70572060917566637 6019.0358615711493 6183.1229568158742
decision_type=2 2 2 2 2 2 2 2 2 2 2 2 2 2
left_child=-1 2 3 4 6 -6 7 8 -2 10 -9 12 -12 -13
right_child=1 -3 -4 -5 5 -7 -8 9 -10 -11 11 13 -14 -15
leaf_value=-0.081229046964957363 -0.084458774569682413 0.0024365120129299961 -0.075375355237007224 -0.085629691245878214 -0.045465509879616263 0.1346246905448045 -0.059329149798402474 -0.030425467840121349 0.059175811140799547 -0.069015119645916972 0.027509387441008868 0.017862336550735981 0.17125749786059796 -0.040495590863636924
leaf_weight=0.90235553134698321 3.6133684754604465 223.39870240760501 4.2070867546135551 2.6331136316875918 1.0867317509837442 1.975715040694922 5.2277206109138197 6.9266984802670768 0.99178883584681887 2.3330319903325281 4.0789401042275122 28.147329808794893 1.8146952185779808 5.2697404583450398
leaf_count=147 148 3460 108 109 29 30 352 103 31 54 54 376 17 82
internal_value=-0.000242784 7.73759e-06 -0.00793571 -0.00350936 8.57121e-06 0.0707184 -0.00369918 0.00176983 -0.0535249 0.00701255 0.0108487 0.0181214 0.0717705 0.00865952
internal_weight=292.607 291.705 68.306 64.0989 61.4658 3.06245 58.4033 53.1756 4.60516 48.5704 46.2374 39.3107 5.89364 33.4171
internal_count=5100 4953 1493 1385 1276 59 1217 865 179 686 632 529 71 458
is_linear=0
shrinkage=0.08


Tree=107
num_leaves=15
num_cat=0
split_feature=13 8 1 5 18 18 0 18 2 11 4 18 8 17
split_gain=0.870172 2.8131 3.03224 3.0821 4.03062 3.48128 3.17442 3.35231 2.76724 2.56982 3.50906 1.69003 3.95694 1.76961
threshold=1.5000000000000002 9.5000000000000018 0.72266128418282982 4.7391976992277032 10.8485683911333 17.722466663749255 0.8014653510330797 13.759376257298639 0.6712229103840387 5469.9319206068203 87.698607528306198 33.857171988902905 2.5000000000000004 1.0000000180025095e-35
decision_type=2 2 2 2 2 2 2 2 2 2 2 2 2 2
left_child=-1 11 -3 4 -4 -5 -6 -8 -9 10 -10 13 -13 -2
right_child=1 2 3 5 6 -7 7 8 9 -11 -12 12 -14 -15
leaf_value=0.0013106791134131072 -0.089315746918271779 -0.085625230965627297 -0.094856543165890345 0.14835722323345804 -0.06372424367153405 0.004224531662621352 0.1580363981640297 -0.089349945657972663 0.054329810495990297 0.090268356806560604 -0.088204394502063729 0.081817498751810547 -0.074634666598273156 0.026470384978009093
leaf_weight=259.22995092711062 5.5262005699041747 2.1862199924071346 2.5511344937840503 2.0688153435476115 2.6160869842860839 2.226980424951762 1.2447408633306611 1.3137128895614276 2.7769091594964266 3.273455033544451 1.8365109874866901 1.8307504607364533 2.379111245740205 0.99722872837446619
leaf_count=4347 156 121 50 16 99 28 12 27 26 48 44 29 63 34
internal_value=-0.00024327 -0.0125143 0.00380819 0.0136293 -0.00288202 0.0736375 0.0150823 0.0348198 0.0181499 0.0360561 -0.00241023 -0.0461141 -0.00659802 -0.0716157
internal_weight=292.058 32.8279 22.0946 19.9083 15.6126 4.2958 13.0614 10.4453 9.20059 7.88688 4.61342 10.7333 4.20986 6.52343
internal_count=5100 753 471 350 306 44 256 157 145 118 70 282 92 190
is_linear=0
shrinkage=0.08


Tree=108
num_leaves=15
num_cat=0
split_feature=5 8 1 1 4 10 5 8 3 3 7 4 11 2
split_gain=0.859753 3.0753 2.86306 4.0425 2.52759 2.33086 1.67782 4.96989 2.13211 5.02776 1.92765 1.6312 1.39475 4.12309
threshold=4.9230694763673624 17.500000000000004 0.90483268049024645 0.87262728960700342 44.71697083505935 5.5331746014357366 4.8902411238460548 15.500000000000002 0.19404635717894517 0.30133485813038979 0.41497650618577459 206.29158243855991 1271.1027050773121 0.88976477903209084
decision_type=2 2 2 2 2 2 2 2 2 2 2 2 2 2
left_child=6 2 3 4 -2 -6 8 10 12 11 -8 -10 13 -1
right_child=1 -3 -4 -5 5 -7 7 -9 9 -11 -12 -13 -14 -15
leaf_value=-0.0018485822105943023 0.10702831096151816 -0.090517846365663582 -0.094045136388504619 0.14690980945781318 -0.099638015557338325 0.035558278419721596 0.035421553632431171 0.10333228472099054 -0.074342637169522136 0.13163014855646002 -0.087922127116042623 0.076138609423903908 -0.0011382559311910864 0.066340082922717328
leaf_weight=19.645283825346272 0.95080833614338001 3.037499725818634 1.4707745289197189 1.4424730694154275 1.8785828722175213 1.4430872850352896 1.4783766556065523 3.6709117975551635 6.6435797892045212 0.95412494550691906 1.7961116548394782 0.49540041194995854 238.46985473486711 7.9806221954058847
leaf_count=329 15 69 30 15 40 31 18 40 258 17 42 24 4070 102
internal_value=-0.000242293 -0.0230314 0.00549605 0.0311135 -0.00798159 -0.0409025 0.000586414 0.0394178 -0.000397212 -0.0408484 -0.0322345 -0.0639002 0.000833082 0.0178499
internal_weight=291.357 10.2232 7.18573 5.71495 4.27248 3.32167 281.134 6.9454 274.189 8.09311 3.27449 7.13898 266.096 27.6259
internal_count=5100 200 131 101 86 71 4900 100 4800 299 60 282 4501 431
is_linear=0
shrinkage=0.08


Tree=109
num_leaves=15
num_cat=0
split_feature=3 3 5 4 5 1 1 5 1 5 3 4 0 10
split_gain=1.59492 1.50388 5.11585 1.74317 1.53463 2.26664 2.68808 1.34798 1.25143 4.29845 2.97136 3.64396 3.11815 3.37645
threshold=0.30133485813038979 0.19404635717894517 4.8977401159492722 211.1808849818664 4.9230694763673624 0.87905939806398681 0.82792351154168164 4.9883690427454788 0.91850663640215424 3.294007687141336 0.070743622355866967 27.415171908545663 0.88178118724413734 6.958625270303969
decision_type=2 2 2 2 2 2 2 2 2 2 2 2 2 2
left_child=1 4 3 -3 8 6 7 -6 -1 -10 -11 -12 -13 -14
right_child=-2 2 -4 -5 5 -7 -8 -9 9 10 11 12 13 -15
leaf_value=-0.0014119751736137037 0.095086717024209344 -0.073297075983135451 0.11113268252921081 0.088374451043189584 -0.073516157490554929 -0.091984262970281019 0.055303623116955497 0.048934515149111499 -0.079884581844770458 -0.00029002448509003422 -0.10255822089713075 0.016507544151349168 0.047844307251903966 0.14637680465265018
leaf_weight=212.99362158114673 1.118926633382215 6.3343735950184037 1.2944272038294 0.45766796130919818 2.9774691613274613 2.7889910336816683 2.6894723428413272 0.71317505137994874 3.1066161786438888 30.210722719551995 1.1513547559734458 13.265131597290749 8.6303051300346834 2.9992977818474165
leaf_count=3835 20 266 17 17 92 57 29 10 49 340 19 238 89 22
internal_value=-0.000241589 -0.000609892 -0.0346247 -0.0624032 0.000367139 -0.0318241 -0.00552586 -0.049854 0.00145088 0.0117227 0.0167814 0.0365826 0.0430177 0.073256
internal_weight=290.732 289.613 8.08647 6.79204 281.526 9.16911 6.38012 3.69064 272.357 59.3634 56.2568 26.0461 24.8947 11.6296
internal_count=5100 5080 300 283 4780 188 131 102 4592 757 708 368 349 111
is_linear=0
shrinkage=0.08


Tree=110
num_leaves=15
num_cat=0
split_feature=3 3 5 0 5 1 10 1 4 1 10 4 0 1
split_gain=1.28512 1.338 4.39371 1.58088 1.34819 2.11744 2.61667 3.2926 1.12262 1.11868 1.98444 3.47988 1.65405 1.44656
threshold=0.30133485813038979 0.19404635717894517 4.8977401159492722 0.93643623793071074 4.9230694763673624 0.87905939806398681 3.3863320959153587 0.82792351154168164 90.701514472969833 0.97978161616822168 7.8605292597903711 184.64294594538765 0.93866596948612413 0.95041323712718528
decision_type=2 2 2 2 2 2 2 2 2 2 2 2 2 2
left_child=1 4 3 -3 9 6 -6 8 -8 10 13 12 -12 -1
right_child=-2 2 -4 -5 5 -7 7 -9 -10 -11 11 -13 -14 -15
leaf_value=0.0031711987842494012 0.083379970681794036 -0.084012304775083743 0.098092167285152132 0.0069628368397131758 -0.098105764710473817 -0.09105915714494206 0.014501526405275751 0.1017886054148163 -0.08686672823044217 0.035411638096135262 -0.099923874507204552 0.07687042983363962 0.0077442455172268779 -0.021393833319917305
leaf_weight=243.66136900617857 1.1715543039608736 4.7927994216443031 1.3468158633913843 1.6410206011496482 1.4843716775067131 2.5996536598540843 1.5099552168394441 2.0023849299177527 1.3022426030365748 6.0271829285193226 3.7726855182554564 1.2205998772988094 1.2047979813069103 16.372891930979677
leaf_count=4184 20 249 17 34 41 57 26 19 45 70 81 17 12 228
internal_value=-0.000238376 -0.000577421 -0.0333027 -0.060808 0.000328201 -0.030314 -0.00524378 0.0233863 -0.032439 0.00132972 0.000558146 -0.0441787 -0.0738628 0.00162448
internal_weight=290.11 288.939 7.78064 6.43382 281.158 8.89861 6.29895 4.81458 2.8122 272.26 266.232 6.19808 4.97748 260.034
internal_count=5100 5080 300 283 4780 188 131 90 71 4592 4522 110 93 4412
is_linear=0
shrinkage=0.08


Tree=111
num_leaves=15
num_cat=0
split_feature=3 12 4 4 5 2 4 5 3 7 16 11 3 16
split_gain=1.04273 1.24628 1.83917 2.74216 3.2954 2.82445 2.45548 1.97991 1.25904 3.7509 3.61507 4.86063 2.32375 2.06956
threshold=0.30133485813038979 1.0000000180025095e-35 41.920062999427309 167.21695792548829 3.9122628624406297 0.95587110469333514 195.70634614744145 3.8433382796866078 0.16614351407837663 0.94875747459508653 80.930541019847695 7484.2845227216103 0.16268632502448133 2.2538289210429761
decision_type=2 2 2 2 2 2 2 2 2 2 2 2 2 2
left_child=1 8 7 5 -5 -4 -6 -3 12 10 -10 -12 13 -1
right_child=-2 2 3 4 6 -7 -8 -9 9 -11 11 -13 -14 -15
leaf_value=-0.051199951738545642 0.07360267978774207 0.11214136731899013 -0.071991943065257427 -0.090095883714220282 0.12550414282765784 0.080069907124315026 -0.02354575168593552 -0.034447441722688689 -0.040556270067819547 0.17558492242939394 -0.080917533239563758 0.35908952477483824 0.096582235154942242 0.002360023137376298
leaf_weight=4.7032958567142478 1.2188719618134189 1.2450490429764607 8.4494249306735547 1.2264661762746971 1.7703090049035384 0.8614655880955987 1.1781391968834212 1.1202874416485427 12.804453242832091 0.5855999458581217 0.30161635274998921 0.34385537699563429 1.6514008480589826 252.19011642888654
leaf_count=67 20 22 255 44 29 13 41 26 426 15 47 10 37 4048
internal_value=-0.000235375 -0.000547405 -0.0223543 -0.0337667 0.0201061 -0.0579228 0.0659469 0.0427129 0.000720714 -0.0226147 -0.0312442 0.153483 0.00198752 0.00137943
internal_weight=289.65 288.431 15.8511 13.4858 4.17491 9.31089 2.94845 2.36534 272.58 14.0355 13.4499 0.645472 258.545 256.893
internal_count=5100 5080 430 382 114 268 70 48 4650 498 483 57 4152 4115
is_linear=0
shrinkage=0.08


Tree=112
num_leaves=15
num_cat=0
split_feature=3 12 2 2 16 4 18 2 10 10 10 16 11 10
split_gain=0.850886 1.09966 1.62704 2.20432 2.11111 1.64753 2.65327 1.65219 1.75838 1.11966 5.43908 3.9842 3.41787 2.92176
threshold=0.30133485813038979 1.0000000180025095e-35 0.61248106155568216 0.58928390107208339 3.6919009860782253 167.21695792548829 15.973737902877877 0.95587110469333514 1.9177878850023793 5.5917434395146461 5.5591419778093494 6.77726171010372 4272.6762469262549 6.8805796584908743
decision_type=2 2 2 2 2 2 2 2 2 2 2 2 2 2
left_child=1 9 3 -3 -4 7 -7 8 -6 10 -1 12 -11 -13
right_child=-2 2 4 -5 5 6 -8 -9 -10 11 -12 13 -14 -15
leaf_value=0.003141696917906446 0.065321590563418935 -0.050004501505400846 0.093911092573113794 0.11240229234139483 0.0018028068085673154 0.062435766744990524 -0.084840331098542138 0.064689701817832068 -0.086761558093399208 0.079088710307486806 0.16210769050996149 -0.026911643018295243 -0.0089070764001534294 0.0031527902832016214
leaf_weight=176.97303520696005 1.2616029656492163 0.93756750738248174 0.80156540079042216 1.2452847082167862 1.8371154367923699 2.1111966173048127 1.2442961177148388 0.65362326044123698 6.5506749846972525 6.0571209806948882 1.3883223440498103 43.123099822434597 5.294005939271301 39.765020834456664
leaf_count=2975 20 38 9 13 32 35 65 14 224 48 18 822 61 726
internal_value=-0.000234826 -0.000522018 -0.0213336 0.0426462 -0.0319149 -0.0400507 0.0078223 -0.0578175 -0.067364 0.00065226 0.00437905 -0.00640123 0.0380487 -0.0124884
internal_weight=289.244 287.982 15.3813 2.18285 13.1985 12.3969 3.35549 9.04141 8.38779 272.601 178.361 94.2392 11.3511 82.8881
internal_count=5100 5080 430 51 379 370 100 270 256 4650 2993 1657 109 1548
is_linear=0
shrinkage=0.08


Tree=113
num_leaves=15
num_cat=0
split_feature=11 11 2 16 5 5 3 11 16 5 2 5 18 10
split_gain=0.83476 3.13924 3.33797 5.17113 3.7977 2.78542 5.16662 2.69474 2.63731 5.53198 6.35479 5.94911 5.5676 3.62434
threshold=3692.699175515465 3964.1617890319012 0.77837742031413493 8.8669296018605941 4.2834263737455371 3.4814234931777119 0.010635701534368058 4082.0412304138395 51.478584557836612 4.695331027895131 0.64790180435288913 4.7858937235831016 14.221079140348019 1.3782930848445847
decision_type=2 2 2 2 2 2 2 2 2 2 2 2 2 2
left_child=5 2 3 -2 -4 6 -1 -3 -9 13 -11 12 -12 -10
right_child=1 7 4 -5 -6 -7 -8 8 9 10 11 -13 -14 -15
leaf_value=0.11896751814762818 0.14197269336901563 -0.062467599060390067 0.12154943736399744 -0.078049656666095313 0.0050026069789897458 -0.001010982693634585 -0.056103864653364165 0.007511974888604468 0.068129383487162534 0.17428163422022686 0.26831228264191614 -0.067475253132887728 0.0048240976658379562 -0.039107262083743377
leaf_weight=1.1858136495575298 0.93013980984687661 4.2524109188234425 4.4683484027627856 2.579730776429642 2.9845391430426389 94.711537965398747 11.958773366699459 127.8729441499454 2.1717453678720657 1.8499525178922329 0.82259570271708105 3.1814875862910412 1.3647813757415859 28.321986031834967
leaf_count=7 7 80 59 67 47 1642 291 1617 52 29 12 128 41 1021
internal_value=-0.0002304 0.00309239 0.044584 -0.0197422 0.0748778 -0.00580043 -0.0403101 0.000414173 0.00202904 -0.0165621 0.0464117 0.00235146 0.103913 -0.0314699
internal_weight=288.657 180.801 10.9628 3.50987 7.45289 107.856 13.1446 169.838 165.585 37.7125 7.21882 5.36886 2.18738 30.4937
internal_count=5100 3160 180 74 106 1940 298 2980 2900 1283 210 181 53 1073
is_linear=0
shrinkage=0.08


Tree=114
num_leaves=15
num_cat=0
split_feature=8 9 3 4 14 1 18 18 3 2 16 3 11 15
split_gain=0.823086 3.39409 3.41069 3.23999 2.59749 3.0278 3.43534 3.85389 3.06987 2.47972 3.7208 2.04056 2.62672 1.96111
threshold=2.5000000000000004 1.0000000180025095e-35 0.14745972217349487 27.415171908545663 1.0000000180025095e-35 0.85836468266601818 35.865103723413704 39.214262654681932 0.048121381425517605 0.7794586649690024 26.721044670487299 0.056252434108414358 2128.6110684808764 1.0000000180025095e-35
decision_type=2 2 2 2 2 2 2 2 2 2 2 2 2 2
left_child=1 11 3 -3 5 6 9 -8 -7 10 -5 12 -1 -10
right_child=-2 2 -4 4 -6 8 7 -9 13 -11 -12 -13 -14 -15
leaf_value=0.07835176004086937 -0.0018812570169116389 -0.1007040089587502 -0.084729101282862887 0.08449614026415557 0.12126270270059628 -0.0069354820308598231 0.16112460025512193 0.0023547990785638749 0.12698598391236149 -0.065754522454933503 -0.090193434097053798 -0.069609773615562864 -0.040172631851650945 0.043842352562495225
leaf_weight=1.9190425579436103 250.79425772381364 1.1197372260503531 1.6958427010104049 2.2548127910122333 2.2063704319298258 2.9311715962830913 1.57243017759174 2.5902987535810098 4.0702185304835439 4.586043623945443 1.193313395604491 4.4693216807208955 3.1791378769557923 3.2777252173982561
leaf_count=18 4525 14 75 22 27 31 21 43 38 85 41 80 41 39
internal_value=-0.000236703 0.0108908 0.0251704 0.0323935 0.0384316 0.0303004 0.00334492 0.0623285 0.062285 -0.0272161 0.0240403 -0.0301502 0.00444198 0.0898978
internal_weight=287.86 37.0655 27.498 25.8021 24.6824 22.476 12.1969 4.16273 10.2791 8.03417 3.44813 9.5675 5.09818 7.34794
internal_count=5100 575 436 361 347 320 212 64 108 148 63 139 59 77
is_linear=0
shrinkage=0.08


Tree=115
num_leaves=15
num_cat=0
split_feature=11 2 16 11 10 11 11 11 6 2 0 18 10 10
split_gain=0.813759 2.35888 1.18096 0.978366 1.69532 1.14931 2.0914 1.36109 3.37704 2.93357 7.1354 2.45123 2.6787 2.09195
threshold=487.13911553831866 0.89953317406211075 1.648194608334677 611.46873486794436 3.3863320959153587 702.91395379861035 781.65307524821856 1271.1027050773121 1.5000000000000002 0.85660008483364691 0.91963591391213528 36.734588937771974 1.4124447712165646 2.441649409733524
decision_type=2 2 2 2 2 2 2 2 2 2 2 2 2 2
left_child=1 -1 -2 4 -4 -5 -7 8 -8 11 13 12 -10 -11
right_child=2 -3 3 5 -6 6 7 -9 9 10 -12 -13 -14 -15
leaf_value=-0.02665841855817689 -0.065825354963550742 0.10744101055670496 0.025185114868603975 0.050554639820874041 -0.088800799928362026 -0.074474124280250797 -0.041845189892340894 -0.0010806019592693164 0.086833076263979445 0.088764822301682034 0.21805384751877344 0.080605887848514829 -0.044748763711501216 -0.046195904913183247
leaf_weight=1.7170160913374268 1.770675156963988 1.6427176324650643 1.4053861384745681 2.8753766324953167 2.0578798645292409 2.4106774112442499 4.0010528552811602 256.55365283697029 1.273958706529809 1.3611531443893921 1.7950209314003585 2.4204707905882969 4.445086115738377 1.5980076360283417
leaf_count=31 41 11 21 42 62 42 79 4583 9 15 13 36 80 35
internal_value=-0.000232417 0.0389085 -0.000695508 -0.000286845 -0.0425456 0.000238218 -0.000286248 0.00036778 0.0223621 0.0422863 0.0922161 0.0131229 -0.015438 0.0158833
internal_weight=287.328 3.35973 283.968 282.198 3.46327 278.734 275.859 273.448 16.8948 12.8937 4.75418 8.13952 5.71904 2.95916
internal_count=5100 42 5058 5017 83 4934 4892 4850 267 188 63 125 89 50
is_linear=0
shrinkage=0.08


Tree=116
num_leaves=15
num_cat=0
split_feature=15 10 7 4 3 4 11 11 2 11 7 11 10 10
split_gain=0.800281 3.39603 3.02072 2.42775 3.52565 3.54602 2.96761 3.45553 2.63893 4.83589 2.6912 2.57307 2.27984 3.01318
threshold=1.0000000180025095e-35 1.2563807300393992 0.79287968186167468 159.07511026056085 0.033359675794429937 217.09221133181913 1987.5678782539342 6823.234207247735 0.55747463493498106 5135.0012525889952 0.93620971124855334 5036.9391400923623 7.8605292597903711 6.7896079305390495
decision_type=2 2 2 2 2 2 2 2 2 2 2 2 2 2
left_child=1 -1 -3 12 6 8 -5 -8 9 -6 -10 -7 13 -2
right_child=3 2 -4 4 5 11 7 -9 10 -11 -12 -13 -14 -15
leaf_value=-0.075081445233880079 0.0050500303624720615 0.0022237348122827742 -0.034324653180053656 0.1108793991119318 -0.087892903220643248 0.17504394357885064 -0.044168369919329362 0.082626806255181193 -0.055728530859002541 0.2058082395728042 0.0982481049764794 -0.020971525645087294 -0.064081086643049207 0.040418143022017211
leaf_weight=4.2510714046657077 100.68875899590785 113.85385929085896 16.580509825143963 2.0907162461662683 0.69967670267215598 0.86404322856105753 3.9224832577165216 2.1185515790712088 18.532275608391505 0.73644067021086812 0.75610621075611462 0.85046197462361306 2.6849206094630054 18.203474313253537
leaf_count=83 1490 1891 513 24 21 14 77 28 557 20 21 26 41 294
internal_value=-0.000224282 -0.00471555 -0.00242221 0.00375151 -0.0164011 -0.032756 0.028729 0.000297873 -0.0419031 0.062717 -0.0496926 0.0778126 0.00881892 0.0104652
internal_weight=286.833 134.685 130.434 152.148 30.5708 22.439 8.13175 6.04103 20.7245 1.43612 19.2884 1.71451 121.577 118.892
internal_count=5100 2487 2404 2613 788 659 129 105 619 41 578 40 1825 1784
is_linear=0
shrinkage=0.08


Tree=117
num_leaves=15
num_cat=0
split_feature=18 0 7 18 18 9 13 7 2 7 11 5 10 1
split_gain=0.777137 4.44713 3.81717 1.46164 3.47361 4.75762 6.49113 3.57418 7.63393 3.15873 2.84084 2.57437 2.49305 2.3956
threshold=3.3551273966408619 0.86237511384741294 0.52134813360070076 10.269679098734992 13.049441345642682 1.0000000180025095e-35 1.0000000180025095e-35 0.73290349311809788 0.78392776077433024 0.90035071293513991 8432.6721223145269 4.5521041554344537 1.3782930848445847 0.62255907785132214
decision_type=2 2 2 2 2 2 2 2 2 2 2 2 2 2
left_child=1 -1 -3 9 5 6 11 -7 -9 10 12 -5 -2 -14
right_child=3 2 -4 4 -6 7 -8 8 -10 -11 -12 -13 13 -15
leaf_value=-0.052402492836974707 -0.098698733026009081 -0.0071609999357827902 0.11838839979605044 -0.056625321915716828 -0.0013516013646189332 -0.0058974512890966006 0.21224654662413209 -0.087508651911273314 0.20991361982916665 -0.091330538213436938 0.063092629074875325 0.10270968058661024 0.087053160403853899 -0.013684557806578653
leaf_weight=3.3399835376185347 2.1169543152209362 2.8173352385638282 3.4450165396556258 1.3286809483543067 211.07209714798955 12.112603178131392 2.026096420828253 0.87005232577212099 1.5123353551607577 3.1478829914703956 3.2929924668278536 1.2686144318431614 1.5765045747393731 36.256458115763962
leaf_count=104 33 26 38 30 3860 170 34 28 26 72 38 12 57 572
internal_value=-0.000227964 0.0221458 0.0619057 -0.00100474 0.00160605 0.0342593 0.104922 0.0117205 0.101294 -0.0139594 -0.00832717 0.0211997 -0.0142142 -0.0094868
internal_weight=286.184 9.60234 6.26235 276.581 230.19 19.1184 4.62339 14.495 2.38239 46.3908 43.2429 2.5973 39.9499 37.833
internal_count=5100 168 64 4932 4160 300 76 224 54 772 700 42 662 629
is_linear=0
shrinkage=0.08


Tree=118
num_leaves=15
num_cat=0
split_feature=10 11 10 4 5 5 1 4 16 10 4 18 15 11
split_gain=0.787737 2.36191 2.19114 2.8148 2.81041 3.93165 2.87186 3.63243 3.02015 2.56694 4.47365 2.95206 3.67958 2.51368
threshold=1.9978638015993788 8293.3153523094406 3.0561696200399124 180.27575447293427 3.8106356484654218 4.1889893516698047 0.83044657628951501 114.43169507470155 25.371957844050716 3.3114073171136593 55.871781565162649 15.145633270128169 1.5000000000000002 7484.2845227216103
decision_type=2 2 2 2 2 2 2 2 2 2 2 2 2 2
left_child=1 -1 3 4 -2 6 7 -6 -8 10 -4 -12 -13 -7
right_child=2 -3 9 -5 5 13 8 -9 -10 -11 11 12 -14 -15
leaf_value=0.014212691068532415 -0.055611867409512697 -0.05845206799454071 -0.091249938989002563 -0.086452705099583443 0.0087410354552928619 -0.042559294346643226 -0.079224015085964411 0.1627473355459253 0.063767905904524733 -0.0012698365818271781 -0.019592376424309197 0.11144523807892343 -0.017176464807098377 0.047156449817907634
leaf_weight=42.881077819736674 7.2779134344891707 3.0676361788064233 1.5131311586592335 3.7828194379981133 1.7573229840490996 10.267351982300168 1.7648168504238131 2.2163822187576443 2.0358443565201014 196.63705311613739 2.4965262850746495 5.8972692002425902 1.8763985042460261 2.4818656900897613
leaf_count=640 185 60 36 149 39 218 19 26 39 3500 39 76 29 45
internal_value=-0.00023492 0.00936143 -0.00207213 -0.021708 -0.0128985 0.00224822 0.0470877 0.0946399 -0.00262963 0.000903509 0.0371717 0.0560924 0.0803987 -0.0250945
internal_weight=285.953 45.9487 240.005 31.5843 27.8015 20.5236 7.77437 3.97371 3.80066 208.42 11.7833 10.2702 7.77367 12.7492
internal_count=5100 700 4400 720 571 386 123 65 58 3680 180 144 105 263
is_linear=0
shrinkage=0.08


Tree=119
num_leaves=15
num_cat=0
split_feature=18 10 2 7 16 10 7 3 3 7 2 7 18 16
split_gain=0.780273 1.79634 1.57394 2.47484 2.95767 1.83235 2.23792 1.44586 2.42913 2.64576 1.33378 1.32589 1.18063 1.06882
threshold=43.51104714482112 7.3063787333083043 0.57459587082590813 0.64047515936761601 44.473661467344279 5.8443895211941799 0.71021866182057092 0.097349919360018744 0.06819987042631398 0.33869549614403643 0.69500869355672112 0.97424700760483329 46.729414595226579 81.826847423248338
decision_type=2 2 2 2 2 2 2 2 2 2 2 2 2 2
left_child=11 2 -2 7 5 6 -5 8 10 -10 -4 13 -12 -1
right_child=1 -3 3 4 -6 -7 -8 -9 9 -11 12 -13 -14 -15
leaf_value=0.0020164474863964272 0.055763157066015395 -0.084122451772005932 0.018629258633404703 0.094126729576828688 -0.082755075476156126 0.11565180402665623 -0.038148708267689374 -0.08650760257086347 0.096676558636647203 -0.043000763400948674 -0.089196596560233349 -0.085681848114374098 -0.0050497380776390599 -0.041948164133942194
leaf_weight=256.6237155245035 2.2772761126980248 2.1316921713296315 1.4931579137919486 1.405402954667806 1.2905665921862235 1.8817421616986392 1.9604990426450966 2.7130643890704951 1.9146702808793636 1.587555631296709 3.9936735804076307 1.1235746297752474 1.4562423662282524 3.5884776309248982
leaf_count=4105 40 45 15 10 88 22 45 103 22 26 84 35 20 440
internal_value=-0.000234611 -0.0140066 -0.0072046 -0.0144848 0.0257443 0.0524278 0.0170817 -0.0344741 -0.0209589 0.033361 -0.0483589 0.00103571 -0.0667122 0.00141015
internal_weight=285.441 24.1055 21.9739 19.6966 6.53821 5.24764 3.3659 13.1584 10.4453 3.50223 6.94307 261.336 5.44992 260.212
internal_count=5100 520 475 435 165 77 55 270 167 48 119 4580 104 4545
is_linear=0
shrinkage=0.08


Tree=120
num_leaves=15
num_cat=0
split_feature=8 11 9 14 2 2 0 2 5 5 3 3 3 0
split_gain=0.730016 2.84823 3.08339 2.76265 2.35163 3.45048 2.40526 2.89884 3.19865 2.17227 1.8088 1.77443 3.97126 1.6279
threshold=2.5000000000000004 1482.5639331868244 1.0000000180025095e-35 1.0000000180025095e-35 0.92726279523436139 0.88351581614850827 0.95799111819884708 0.8624160254447768 3.6124604673565663 3.4029760109033829 0.059006777712504711 0.059006777712504711 0.08629001608243396 0.79683250922916782
decision_type=2 2 2 2 2 2 2 2 2 2 2 2 2 2
left_child=1 10 13 4 5 6 7 8 9 -4 -1 -10 -13 -3
right_child=-2 2 3 -5 -6 -7 -8 -9 11 -11 -12 12 -14 -15
leaf_value=0.096116839001842508 -0.0017783887178910659 0.014084098024387629 -0.026648789692569032 0.10215137340962692 0.071908518648692299 -0.093527930247432778 0.081894718372819697 0.1070610174021208 -0.073225051915512387 0.11870441079152752 0.0031351944925640169 0.055867616571414154 -0.085953372421254587 -0.072196899600358563
leaf_weight=3.6448099862318477 248.57613834159565 1.9766750850249106 1.1009590780595453 2.0845783911645404 2.96890909760259 2.4363707233278538 2.4338627178221932 1.3507214512210328 4.6796275846427289 1.6356069566099902 2.1165363468462601 2.9355821588542312 2.2187233283184469 4.7930845589144155
leaf_count=29 4525 43 25 25 38 56 18 23 67 25 39 33 81 73
internal_value=-0.000229401 0.0103556 0.000644574 0.0141724 0.00574425 -0.00470921 0.00852187 -0.00430599 -0.0162726 0.0602268 0.0619583 -0.0375606 -0.00518067 -0.0470041
internal_weight=284.952 36.376 30.6147 23.8449 21.7604 18.7915 16.3551 13.9212 12.5705 2.73657 5.76135 9.83393 5.15431 6.76976
internal_count=5100 575 507 391 366 328 272 254 231 50 68 181 114 116
is_linear=0
shrinkage=0.08


Tree=121
num_leaves=15
num_cat=0
split_feature=5 8 7 11 7 5 8 7 3 3 11 3 11 10
split_gain=0.749405 2.5101 2.04065 2.39126 3.15437 1.19113 3.57149 1.71605 1.34352 2.88202 1.09729 2.96784 3.54693 4.58231
threshold=4.9230694763673624 17.500000000000004 0.16032948742140371 4656.3875415815837 0.48484067437336964 4.8902411238460548 15.500000000000002 0.28053601429439523 0.20350032544760926 0.30133485813038979 7631.6243180364791 0.046448394227337909 7969.7960450032515 7.0601435309796612
decision_type=2 2 2 2 2 2 2 2 2 2 2 2 2 2
left_child=5 2 -2 4 -4 8 7 -7 10 -10 -1 12 -12 -14
right_child=1 -3 3 -5 -6 6 -8 -9 9 -11 11 -13 13 -15
leaf_value=-0.0017883992489712848 0.11695156977217601 -0.089519187758411986 -0.070827139527776126 -0.089216910412936973 0.076096571839761998 0.061788806984917594 0.084828196290155755 -0.068340342902930604 -0.067588722750595104 0.074976190528077039 0.090475779396810993 -0.0043820909985675376 -0.012103523587663629 0.1213159361487148
leaf_weight=219.15615634717687 0.87794504349585434 2.5865229182527401 1.4971076428191739 1.8437184862559659 2.4917421490536071 0.91702208854258005 3.8445426404941827 2.2155458721099421 4.5130637385009313 1.1359269898384807 5.6073240805417326 26.6863992997678 9.0008352905279008 2.0166208655573419
leaf_count=3851 11 69 25 53 42 10 40 50 228 17 52 506 124 22
internal_value=-0.000225451 -0.0225642 0.00324317 -0.0138727 0.0209527 0.000529507 0.0331622 -0.0302466 -0.000319683 -0.0389211 0.000511121 0.0121468 0.0386792 0.0123174
internal_weight=284.39 9.29704 6.71051 5.83257 3.98885 275.093 6.97711 3.13257 268.116 5.64899 262.467 43.3112 16.6248 11.0175
internal_count=5100 200 131 120 67 4900 100 60 4800 245 4555 704 198 146
is_linear=0
shrinkage=0.08


Tree=122
num_leaves=15
num_cat=0
split_feature=5 1 10 1 2 5 7 8 7 3 7 8 0 3
split_gain=0.758379 2.88945 1.22727 1.00364 2.46621 3.36052 2.14731 2.57979 4.00351 3.55578 2.43715 2.34028 2.39906 2.14866
threshold=3.2238588019336132 0.88835558529931569 4.674729046878082 0.91850663640215424 0.94537839469291429 4.0318154787859655 0.93934292008848852 20.500000000000004 0.45943884675050856 0.13896913605243127 0.3137439560464978 15.500000000000002 0.90958073808323181 0.16499014666942088
decision_type=2 2 2 2 2 2 2 2 2 2 2 2 2 2
left_child=1 2 -1 -2 6 -6 7 9 10 11 -9 -5 -13 -11
right_child=3 -3 -4 4 5 -7 -8 8 -10 13 -12 12 -14 -15
leaf_value=0.1274067718784308 -0.0032694262939471645 -0.057075995214642371 0.027548073421598276 -0.006479954516721822 -0.033521235741474857 0.091325394810111926 0.096482830360780425 0.037375996616123099 -0.01002478549805484 0.085373786467218729 0.15820697407749687 -0.085091700277301535 0.0046520878151115122 -0.019658648486402214
leaf_weight=1.5213280312018462 219.12012512799993 1.5713295233435927 1.6333701027324421 28.305152507615276 1.9586072622332711 4.6696662767790258 1.5177473798976269 2.2431532953341939 5.0921903195558116 3.7770072534331112 2.0398247570265085 5.5755787851521728 2.8968848884105682 1.8605678440653717
leaf_count=23 4206 19 21 357 32 44 27 27 89 47 23 92 25 68
internal_value=-0.000222019 0.0315568 0.0757041 -0.000760218 0.00841314 0.0544341 0.00269095 -5.76821e-05 0.03792 -0.00845202 0.0949233 -0.0175208 -0.0544067 0.05071
internal_weight=283.783 4.72603 3.1547 279.057 59.9364 6.62827 53.3081 51.7904 9.37517 42.4152 4.28298 36.7776 8.47246 5.63758
internal_count=5100 63 44 5037 831 76 755 728 139 589 50 474 117 115
is_linear=0
shrinkage=0.08


Tree=123
num_leaves=15
num_cat=0
split_feature=11 2 16 10 16 10 3 4 1 2 10 8 0 14
split_gain=0.772109 1.87755 1.01033 1.01994 3.67441 3.22688 2.87583 4.26471 3.78631 2.82278 3.50955 3.96415 4.73811 3.592
threshold=487.13911553831866 0.89953317406211075 1.648194608334677 5.5917434395146461 6.77726171010372 5.5591419778093494 0.083419211863625595 61.32102874244687 0.84497772424282591 0.94537839469291429 6.8805796584908743 21.500000000000004 0.7485346714309562 1.0000000180025095e-35
decision_type=2 2 2 2 2 2 2 2 2 2 2 2 2 2
left_child=1 -1 -2 5 6 -4 8 -8 -5 10 13 -12 -13 -6
right_child=2 -3 3 4 9 -7 7 -9 -10 -11 11 12 -14 -15
leaf_value=-0.021957857880808698 -0.062958399205002041 0.099304947762462736 0.0021819076019656265 0.012114084150161167 -0.042025463148775456 0.11542185503644341 0.10041487165895056 -0.091857265412295067 0.12251979958879894 0.034519883798787079 0.011744009210405859 0.11615756006745098 -0.085877829166678354 0.04221351233969018
leaf_weight=1.6406817114911967 1.6566094481386233 1.6280702417716382 181.89371820674569 4.4436043822206539 35.196067024575314 1.624899307033046 1.1130134630948298 2.1930375718511641 3.5973928198218346 7.3474878034321582 31.157265682239085 0.86158879700815205 5.3928588398266584 3.5680056432029224
leaf_count=31 41 11 3206 40 774 20 6 40 19 119 619 19 96 59
internal_value=-0.000216506 0.0384396 -0.000667709 -0.000297035 -0.00703187 0.00318455 0.0356832 -0.027127 0.0615076 -0.0128349 -0.0174025 7.65604e-05 -0.0580462 -0.0342718
internal_weight=283.314 3.26875 280.046 278.389 94.8703 183.519 11.347 3.30605 8.041 83.5233 76.1758 37.4117 6.25445 38.7641
internal_count=5100 42 5058 5017 1791 3226 105 46 59 1686 1567 734 115 833
is_linear=0
shrinkage=0.08


Tree=124
num_leaves=15
num_cat=0
split_feature=18 9 5 5 5 1 7 0 1 2 8 11 4 7
split_gain=0.753978 2.91436 1.86792 1.15362 1.57244 0.97909 4.67493 3.3166 2.64864 1.83389 1.36086 3.30396 1.26907 3.20229
threshold=2.687693167098836 1.5000000000000002 3.7875154911875542 4.9538647392579431 4.9883690427454788 0.66486761973672925 0.3735573652115674 0.8709691153367366 0.63029310786382464 0.52276576506142247 9.5000000000000018 5873.4032602485067 32.786709582724427 0.50351616426027879
decision_type=2 2 2 2 2 2 2 2 2 2 2 2 2 2
left_child=1 2 -1 5 -5 6 7 -2 10 -8 -9 -12 13 -7
right_child=3 -3 -4 4 -6 12 9 8 -10 -11 11 -13 -14 -15
leaf_value=0.041848397688388002 -0.046468055447624827 0.098770868740592682 -0.089748298143324412 -0.088127875903928732 0.023443560440267595 -0.055271531507498403 0.11596241764068181 0.13554563619803256 -0.021932538984289117 -0.073084527724471465 -0.040888010218367417 0.14643272007503916 0.0027118173747632157 0.0091804941907899767
leaf_weight=1.3738318649120622 3.3678920873207989 2.2242401326075196 1.3874961987603454 2.1752339286031193 1.2866230811923745 8.5734771003481018 0.34355315531138231 1.9935600452590732 2.1352510983124375 7.4493193589296425 1.2947074689436706 1.127337808255106 236.27925683103967 11.620936298859304
leaf_count=17 130 29 38 77 20 126 17 19 26 458 31 14 3940 158
internal_value=-0.000215395 0.0306199 -0.0242756 -0.000769087 -0.0466616 -0.00018965 -0.0183813 0.0180495 0.051219 -0.0647503 0.0865928 0.0463002 0.00106663 -0.0181824
internal_weight=282.633 4.98557 2.76133 277.647 3.46186 274.185 17.7116 9.91875 6.55086 7.79287 4.41561 2.42205 256.474 20.1944
internal_count=5100 84 55 5016 97 4919 695 220 90 475 64 45 4224 284
is_linear=0
shrinkage=0.08


Tree=125
num_leaves=15
num_cat=0
split_feature=4 8 8 4 2 8 9 10 16 5 3 3 16 1
split_gain=0.767904 3.07193 6.41525 5.09671 3.10714 3.03572 4.8998 3.79317 2.95817 3.06929 3.1796 2.94638 2.59955 2.29138
threshold=49.385825303929984 13.500000000000002 10.500000000000002 36.746166695411951 0.93828996012697996 18.500000000000004 1.5000000000000002 4.0284604701832016 3.6919009860782253 3.4029760109033829 0.027886206167367662 0.08550455999614949 6.77726171010372 0.89117328888038705
decision_type=2 2 2 2 2 2 2 2 2 2 2 2 2 2
left_child=1 2 4 8 11 -5 7 -7 -3 -10 -11 13 -13 -1
right_child=-2 3 -4 5 -6 6 -8 -9 9 10 -12 12 -14 -15
leaf_value=-0.010088863453220165 -0.0022451320034257444 0.097610901721017232 -0.08008557270840895 0.099766277975213744 0.084672832847973528 -0.046763829308860423 -0.094060039251385938 0.11679994974725343 0.095329362955058297 0.044590332735192979 -0.057341037154702235 0.086120341016889132 -0.075843300572582817 0.059023451002095773
leaf_weight=7.2875235512910965 228.03929651145882 1.5592666827142263 6.4701128152664742 6.9400977632030827 3.1228321681264779 1.3020670423284171 1.6757530870963817 2.9938651497941464 1.3301501638488833 2.5598881267942479 8.3376452041557041 0.74007714726030727 4.434270542464219 5.305305914953351
leaf_count=111 4320 10 110 79 29 27 34 32 20 25 138 8 117 40
internal_value=-0.000212907 0.00835974 -0.0104789 0.027665 0.0110799 0.0637836 0.0219657 0.0672249 -0.00616084 -0.0193937 -0.0333968 -0.00185507 -0.0526779 0.0190279
internal_weight=282.098 54.0589 27.3601 26.6987 20.89 12.9118 5.97169 4.29593 13.787 12.2277 10.8975 17.7672 5.17435 12.5928
internal_count=5100 780 415 365 305 172 93 59 193 183 163 276 125 151
is_linear=0
shrinkage=0.08


Tree=126
num_leaves=15
num_cat=0
split_feature=15 10 7 10 10 18 0 0 0 11 11 7 0 5
split_gain=0.714243 2.96548 3.08237 2.73036 7.05059 6.31874 2.74204 3.68655 2.65552 2.62893 5.12646 4.27135 5.00308 3.7269
threshold=1.0000000180025095e-35 7.927915843246601 0.79287968186167468 6.6283763040819688 6.495815449606078 5.4595787236568833 0.69899889694413953 0.68048264887613497 0.94580229958075912 4272.6762469262549 5493.2696297328685 0.71547179363972757 0.85432084240817796 4.5521041554344537
decision_type=2 2 2 2 2 2 2 2 2 2 2 2 2 2
left_child=1 2 3 4 9 -5 7 -7 -8 11 13 -1 -13 -11
right_child=-2 -3 -4 5 -6 6 8 -9 -10 10 -12 12 -14 -15
leaf_value=-0.024506798917592467 0.0035754165845913273 0.087987096271522611 -0.038553048509612484 0.090770504592211324 0.13182935474461205 -0.0835695044333674 -0.066119935053521178 0.17953884660242647 0.011947795209890727 0.027953497020005737 -0.0026245483762787967 0.16218287415439886 -0.026436956003273386 0.1202828578314192
leaf_weight=33.234997826104518 149.36445554364764 2.1818558252416542 16.331614362017717 2.5794121403014314 2.7087578519713125 0.60067795851500949 14.392312389740257 0.78785155108198524 3.458760753972455 9.7550912800361385 38.272204498789506 1.787816955475136 1.8123545777052639 3.9232980692759147
leaf_count=599 2613 26 519 24 30 41 265 10 40 151 650 41 39 52
internal_value=-0.000212412 -0.00450415 -0.00606073 -0.00137768 0.00468659 -0.0268073 -0.0425707 0.0657182 -0.0509938 0.000807606 0.0123992 -0.0155407 0.0672302 0.0544358
internal_weight=281.191 131.827 129.645 113.314 91.4945 21.819 19.2396 1.38853 17.8511 88.7858 51.9506 36.8352 3.60017 13.6784
internal_count=5100 2487 2461 1942 1562 380 356 51 305 1532 853 679 80 203
is_linear=0
shrinkage=0.08


Tree=127
num_leaves=15
num_cat=0
split_feature=6 11 4 7 11 15 7 7 18 10 3 15 16 5
split_gain=0.686082 2.66168 2.51917 2.10703 3.32803 2.77746 2.41895 4.47761 2.5238 2.1634 3.74439 5.56483 3.62722 3.09981
threshold=1.5000000000000002 8293.3153523094406 203.81185844701434 0.3735573652115674 7942.2878261116184 1.0000000180025095e-35 0.71277187580540902 0.73547741510347686 36.734588937771974 2.0365859000832169 0.089612804632137583 1.5000000000000002 18.172817802314771 3.7676197796856745
decision_type=2 2 2 2 2 2 2 2 2 2 2 2 2 2
left_child=1 2 3 4 -1 6 -5 -8 -9 -7 11 12 -11 -14
right_child=-2 -3 -4 5 -6 9 7 8 -10 10 -12 -13 13 -15
leaf_value=0.009540659917807592 0.0019517785684679424 -0.072508767458535697 -0.085087612457444312 -0.068255884476526058 0.12214879497570082 0.055892754626373033 0.15939389029048529 -0.067297593295893382 0.052787569236057146 0.1153674023669123 -0.071181150803897503 -0.05716889069868912 0.11677244858966226 -0.042145620929194286
leaf_weight=22.176983485405803 215.66445568291238 3.7874880672898135 2.3240281022735862 8.1753031865373469 1.8173283329233516 4.4040090402122614 0.93432044563814898 3.6658576373010874 1.6129292339901438 3.6048590559512359 4.307401833109906 4.2296277067798655 1.1028781752684156 2.7300585177727044
leaf_count=396 3551 113 112 234 19 65 20 134 42 26 189 105 34 60
internal_value=-0.000218051 -0.00743145 -0.00339646 -0.00016556 0.0180696 -0.0127504 -0.0396603 -0.00203373 -0.0306057 0.00624924 -0.0074367 0.0160966 0.0577603 0.00358101
internal_weight=280.538 64.8731 61.0856 58.7616 23.9943 34.7672 14.3884 6.21311 5.27879 20.3788 15.9748 11.6674 7.4378 3.83294
internal_count=5100 1549 1436 1324 415 909 430 196 176 479 414 225 120 94
is_linear=0
shrinkage=0.08


Tree=128
num_leaves=15
num_cat=0
split_feature=0 16 0 1 0 1 0 10 2 2 4 4 1 7
split_gain=0.681735 1.64431 1.09659 2.24478 2.4669 1.62465 1.32947 1.94105 1.80649 3.72612 1.66998 0.961061 0.926747 3.20279
threshold=0.65617084879630139 10.674431202733452 0.68729998753369037 0.94904589171224329 0.6775528346316354 0.79374409211938735 0.71824617619011566 7.7445474855249179 0.84564561500820423 0.85146995982585516 30.657718845864363 37.962460064944487 0.95041323712718528 0.51651939458928775
decision_type=2 2 2 2 2 2 2 2 2 2 2 2 2 2
left_child=1 -1 3 4 11 -6 7 8 -4 -10 -11 -2 -8 -14
right_child=2 -3 6 -5 5 -7 12 -9 9 10 -12 -13 13 -15
leaf_value=0.028152206424381303 0.056553567845129722 -0.080884472275726357 -0.087025812739588718 0.13728136562076224 0.14915305335807719 -0.0035198216925476128 0.0017900372185173426 0.11484084261723121 0.20240284082615617 0.11105996977925285 -0.083434676099551602 -0.083213637164494078 0.011790908645231702 -0.051742305867482491
leaf_weight=1.5357945049181574 0.39601613034028504 2.0893586330057587 3.4208557178499168 1.1197253651916979 0.92881683495943412 0.85829441132955253 244.55170819837076 0.49685932474676509 0.4819564372301105 0.3473013900220393 1.5151133498875422 1.5364639110048299 11.670309772016482 8.9900414776056987
leaf_count=46 13 414 155 6 27 30 3919 12 3 6 84 104 123 158
internal_value=-0.000224076 -0.0346911 0.000228121 0.0379751 0.00808051 0.075829 -0.000444759 -0.0368783 -0.0499538 0.00414083 -0.0471655 -0.0545717 0.000415497 -0.0158546
internal_weight=279.939 3.62515 276.313 4.83932 3.71959 1.78711 271.474 6.26209 5.76523 2.34437 1.86241 1.93248 265.212 20.6604
internal_count=5100 460 4640 180 174 57 4460 260 248 93 90 117 4200 281
is_linear=0
shrinkage=0.08


Tree=129
num_leaves=15
num_cat=0
split_feature=11 2 16 11 10 0 8 4 11 3 3 9 18 7
split_gain=0.686429 1.54575 0.875372 0.851974 1.47238 0.83575 2.61105 3.98043 2.40557 2.19795 2.58815 2.00481 2.94454 1.70535
threshold=487.13911553831866 0.89953317406211075 1.648194608334677 611.46873486794436 3.3863320959153587 0.77290936255285092 1.0000000180025095e-35 113.68923926813746 8634.5402789411564 0.08550455999614949 0.085000489099931464 1.5000000000000002 5.937490831430023 0.86851900482609812
decision_type=2 2 2 2 2 2 2 2 2 2 2 2 2 2
left_child=1 -1 -2 4 -4 6 7 -5 9 10 11 13 -13 -8
right_child=2 -3 3 5 -6 -7 8 -9 -10 -11 -12 12 -14 -15
leaf_value=-0.019296260252081223 -0.060343146624842608 0.091728996826988055 0.021208830240547587 0.18641302426486023 -0.087967473448356051 0.0019690234422453782 0.0046383887664614007 -0.035860845598606722 0.068205795382700649 -0.056422429256338294 0.14195290332461699 0.073967477955805216 -0.086315609915272568 -0.085910796619246221
leaf_weight=1.5952622736804181 1.5632206266745914 1.615093372762203 1.3837812610436224 1.0446427871938788 1.8441792410740161 233.44745167304063 18.240132038772582 1.0181914957938714 2.0543611304601646 8.4050460843136516 0.70454767963383247 0.88883453514426847 4.198310320978635 1.4359352354658756
leaf_count=31 41 11 21 17 62 3470 451 32 41 629 8 20 190 76
internal_value=-0.000219901 0.0365593 -0.000647353 -0.000307602 -0.0411651 0.00017828 -0.0108258 0.0767012 -0.0158513 -0.0209493 -0.00924227 -0.013544 -0.0583107 -0.00196978
internal_weight=279.439 3.21036 276.229 274.665 3.22796 271.437 37.99 2.06283 35.9272 33.8728 25.4678 24.7632 5.08714 19.6761
internal_count=5100 42 5058 5017 83 4934 1464 49 1415 1374 745 737 210 527
is_linear=0
shrinkage=0.08


Tree=130
num_leaves=15
num_cat=0
split_feature=13 8 1 4 7 11 5 8 10 5 8 18 2 7
split_gain=0.65281 2.58167 2.55134 2.04919 2.24452 2.64739 1.97956 1.89944 2.41314 1.7114 1.47308 1.44359 1.1631 2.3134
threshold=1.5000000000000002 9.5000000000000018 0.72266128418282982 58.543322607721414 0.27672652492547778 8293.3153523094406 4.298237905697877 16.500000000000004 6.4007177154663966 4.0834460989945098 1.0000000180025095e-35 17.196625104436638 0.60221949285691212 0.13270368212805625
decision_type=2 2 2 2 2 2 2 2 2 2 2 2 2 2
left_child=12 10 -3 9 6 7 -5 -6 11 -4 -2 -9 13 -1
right_child=1 2 3 4 5 -7 -8 8 -10 -11 -12 -13 -14 -15
leaf_value=-0.098937779799807654 0.047713023724540955 -0.084994979142457683 0.00054012695325288183 -0.0026559602363863673 -0.089295477862298328 0.11794652926813015 0.10909988544284697 0.023162142932144435 0.096579444134924086 0.085078237735699946 -0.05579539053369887 -0.088484567283893437 -0.00080315822194787457 0.021222360913709121
leaf_weight=1.066533170640471 0.97875884073437447 1.8460393070708985 2.5905520221567739 2.5445767492055884 3.2974953243392502 0.70750017371028651 1.6868741239886729 1.2390172852901744 1.0542497035930862 3.752751833293587 8.7156172007380501 1.8447329842601901 220.8841155673872 26.614553438732401
leaf_count=14 23 121 37 34 106 12 21 20 27 30 259 63 3867 466
internal_value=-0.000216477 -0.0113112 0.0047333 0.0135828 -0.00536897 -0.0299297 0.0418957 -0.0440004 -0.00790557 0.0505536 -0.045345 -0.0436261 0.0011341 0.0165927
internal_weight=278.823 30.2582 20.5638 18.7178 12.3744 8.143 4.23145 7.4355 4.138 6.3433 9.69438 3.08375 248.565 27.6811
internal_count=5100 753 471 350 283 228 55 216 110 67 282 83 4347 480
is_linear=0
shrinkage=0.08


Tree=131
num_leaves=15
num_cat=0
split_feature=5 8 1 1 4 5 8 7 3 10 10 11 5 5
split_gain=0.666405 2.18175 1.74347 2.18046 1.22207 0.945414 2.74231 1.66024 1.10899 2.59218 2.06672 1.0786 3.21918 3.65958
threshold=4.9230694763673624 17.500000000000004 0.90483268049024645 0.82792351154168164 45.682478556258012 4.8902411238460548 15.500000000000002 0.41497650618577459 0.20350032544760926 1.7681963185066303 7.8014361773549536 1271.1027050773121 3.7271761235922178 4.6172101757596424
decision_type=2 2 2 2 2 2 2 2 2 2 2 2 2 2
left_child=5 2 3 4 -2 8 7 -7 11 -10 -11 12 -1 -14
right_child=1 -3 -4 -5 -6 6 -8 -9 9 10 -12 -13 13 -15
leaf_value=-0.04227438746600419 0.056783531035093752 -0.088708001767674891 -0.089765843677287849 0.066708436426244813 -0.072217881191864536 0.032160807895019426 0.074517429716918868 -0.086997648742906816 0.070707697384656959 -0.083803950642707403 0.11698772321502189 -0.0012840870136649721 0.043135567048434194 -0.048974449041796618
leaf_weight=4.966874270176052 0.6497113964578588 2.3063745396211743 1.0971721306559628 2.9581850736867636 1.6990246867644598 1.4926715359324583 3.8485066208522767 1.5007181728724388 1.1277010517660517 3.7474743856291752 0.35954894521273661 231.04967268668406 18.231788214179691 3.2531369421049012
leaf_count=116 13 69 30 34 54 18 40 42 23 214 8 4120 260 59
internal_value=-0.000212445 -0.0219912 0.00203624 0.0210157 -0.0365333 0.000491259 0.0298495 -0.0275786 -0.000273258 -0.0367265 -0.0662257 0.000467797 0.0157701 0.0291887
internal_weight=278.289 8.71047 6.40409 5.30692 2.34874 269.578 6.8419 2.99339 262.736 5.23472 4.10702 257.501 26.4518 21.4849
internal_count=5100 200 131 101 67 4900 100 60 4800 245 222 4555 435 319
is_linear=0
shrinkage=0.08


Tree=132
num_leaves=15
num_cat=0
split_feature=18 0 0 1 18 18 7 8 5 13 11 16 10 8
split_gain=0.671406 3.6137 3.52789 2.20915 1.2636 2.69164 4.60253 5.35788 5.37299 4.43645 4.9923 3.74599 3.48485 3.11534
threshold=3.3551273966408619 0.86237511384741294 0.90464527653585891 0.87663185765889218 10.097618817325957 14.432635983904472 0.71547179363972757 18.500000000000004 4.0100993613388596 1.0000000180025095e-35 2171.5599918455987 17.711163551098391 4.9849391785384158 20.500000000000004
decision_type=2 2 2 2 2 2 2 2 2 2 2 2 2 2
left_child=1 -1 -3 -4 -2 6 7 8 -6 10 -8 -11 -10 -9
right_child=4 2 3 -5 5 -7 9 13 12 11 -12 -13 -14 -15
leaf_value=-0.049891939644788906 -0.013354553747516248 0.1296207138044321 -0.048566236994602337 0.074130221575978525 -0.076738917561223502 -0.0019177400571903872 0.1770153208706835 0.14651510310586147 0.057275338758655064 0.026726103468365396 -0.049855416224750045 0.20798832497938527 -0.035965338040887203 0.029295013780018857
leaf_weight=3.0970810908474942 43.917007992684375 2.4924364336766303 2.0709250020445329 1.7185060232877729 6.051322885439741 194.95616819114366 0.86764292471343596 2.2000630843685931 6.0720577571191807 1.0864398698322477 2.1815896814805456 2.2220763786463067 4.442155712749809 4.2620981545187533
leaf_count=104 752 21 28 15 115 3700 21 21 77 15 61 45 59 66
internal_value=-0.000209376 0.0208305 0.055698 0.00707658 -0.000944979 0.00148431 0.0240551 0.00741908 -0.0166826 0.0843104 0.0146994 0.148466 0.017882 0.069203
internal_weight=277.638 9.37895 6.28187 3.78943 268.259 224.342 29.3854 23.0277 16.5655 6.35775 3.04923 3.30852 10.5142 6.46216
internal_count=5100 168 64 43 4932 4180 480 338 251 142 82 60 136 87
is_linear=0
shrinkage=0.08


Tree=133
num_leaves=15
num_cat=0
split_feature=8 9 4 10 10 2 1 10 2 11 11 18 5 18
split_gain=0.639525 2.49497 2.35982 2.07763 3.55991 3.92769 2.7702 2.37794 2.15704 2.27396 2.59134 1.95029 2.38689 2.19329
threshold=2.5000000000000004 1.0000000180025095e-35 27.415171908545663 5.9953447072514878 5.7904953011108447 0.88351581614850827 0.90369832007141093 1.8907316853300185 0.85660008483364691 1735.7541594284087 3801.5533738615504 25.163442150089907 4.2880027571686181 33.857171988902905
decision_type=2 2 2 2 2 2 2 2 2 2 2 2 2 2
left_child=1 -1 -3 4 5 8 -5 -7 9 -4 -11 12 -12 -13
right_child=-2 2 3 6 -6 7 -8 -9 -10 10 11 13 -14 -15
leaf_value=-0.027208136099069167 -0.0016775786773745797 -0.097528953168967439 0.11585741256808466 -0.041058560201638825 0.15335339495299471 0.044441757935529229 0.064114642108569958 -0.091480740216451972 0.14535373482301503 -0.060852001916300517 0.13377134997025864 -0.090528900024679018 0.013455856254089266 0.04843011971425483
leaf_weight=8.7338792006485146 242.08341787185054 1.0147261822130555 2.0515361569705517 5.1754663501633322 1.6575324507430185 1.2745092790573829 2.321877574082464 2.3291758966661291 1.3879216621280637 1.887971852091139 2.3319469140842557 1.1695454271975907 1.9275766458595169 1.9209234677837228
leaf_count=139 4525 17 24 107 14 14 28 56 18 39 30 28 26 35
internal_value=-0.000212832 0.00986519 0.0221066 0.0268793 0.0416604 0.0302893 -0.00848712 -0.0434093 0.0512388 0.0396684 0.0227486 0.0442229 0.0793246 -0.00415701
internal_weight=277.268 35.1846 26.4507 25.436 17.9386 16.2811 7.49734 3.60369 12.6774 11.2895 9.23796 7.34999 4.25952 3.09047
internal_count=5100 575 436 419 284 270 135 70 200 182 158 119 56 63
is_linear=0
shrinkage=0.08


Tree=134
num_leaves=15
num_cat=0
split_feature=16 4 18 9 10 5 18 3 15 7 4 2 2 18
split_gain=0.630219 2.48153 2.49345 3.93845 4.56056 4.05758 3.67002 4.22514 4.37932 5.64521 2.91081 2.48518 2.29559 3.4322
threshold=36.936889334119407 203.81185844701434 8.7307604888987651 1.5000000000000002 6.9909525349041921 3.2672350172710813 12.503026900173342 0.1224542568929802 1.0000000180025095e-35 0.5775933413516805 129.19850115905714 0.69890461894389666 0.65910545200232484 36.233201410452878
decision_type=2 2 2 2 2 2 2 2 2 2 2 2 2 2
left_child=-1 2 3 5 -5 -2 7 8 11 10 -10 -4 13 -8
right_child=1 -3 6 4 -6 -7 12 -9 9 -11 -12 -13 -14 -15
leaf_value=0.0027350552625200297 0.12577498205928433 -0.06940204624984013 0.11213601275151573 -0.024625718871826702 0.14082519219586537 -0.080733118747907104 -0.0071457598587297997 -0.085880661201686553 -0.088999005142784388 0.20496393081334141 0.11455145489738326 -0.032211601798553681 -0.010702738172254025 0.067447635412101206
leaf_weight=173.61548729834612 0.65660910797305305 3.709861861600074 1.0618754345923647 3.8785876793263006 1.4705064829904584 8.3874048895668221 9.7244188091135602 1.2691096584894683 0.84781837405171223 2.4769028004957363 0.9573176676640287 2.7151617538766004 59.332525962381624 6.6456762557500033
leaf_count=2080 10 236 23 114 19 270 269 61 22 34 19 54 1757 132
internal_value=-0.000207325 -0.00516053 -0.00276345 -0.0335567 0.020858 -0.0657403 0.0024489 0.0497959 0.0711617 0.126548 0.0189499 0.00837026 -0.00338527 0.0231365
internal_weight=276.749 103.134 99.4239 14.3931 5.34909 9.04401 85.0308 9.32819 8.05908 4.28204 1.80514 3.77704 75.7026 16.3701
internal_count=5100 3020 2784 413 133 280 2371 213 152 75 41 77 2158 401
is_linear=0
shrinkage=0.08


Tree=135
num_leaves=15
num_cat=0
split_feature=18 10 3 2 7 7 1 18 2 10 1 7 18 3
split_gain=0.648945 1.58699 1.33232 1.60736 1.82763 2.62702 1.25532 1.21306 1.62562 1.51446 2.23743 1.19674 0.976013 5.12082
threshold=43.51104714482112 7.3063787333083043 0.14532247418206382 0.54500592067242593 0.64047515936761601 0.78976061968887035 0.7792504700360704 45.175173681418293 0.69722837722022779 4.0686149386176229 0.78883422548287985 0.95138694869893192 42.684962995460246 0.043930181290576943
decision_type=2 2 2 2 2 2 2 2 2 2 2 2 2 2
left_child=12 2 3 -2 7 6 -6 -5 -9 -10 -11 -7 -1 -14
right_child=1 -3 -4 4 5 11 -8 8 9 10 -12 -13 13 -15
leaf_value=0.00023626999392475093 0.075108442953906784 -0.082341981098371639 -0.084363745260598505 -0.065586872160425649 -0.015500939179272439 -0.08516506436850925 0.088441610458056472 0.05507406395573506 -0.066093313060572353 0.10495664470114449 -0.038416590487439131 0.057027608664137884 0.11894358366381519 -0.040915915842489471
leaf_weight=248.10471755372419 1.6105849072337246 1.9398873001919117 1.3243778013274994 3.5669554387568523 0.97477253671968256 1.4663412857917135 3.1357069496298209 1.9048988809226992 3.3680184483528137 1.0700292437104511 1.9961877136956898 0.51076560060027976 2.4556153994053593 2.6843939993996173
leaf_count=4500 21 45 78 87 29 64 41 25 57 21 40 12 20 60
internal_value=-0.00021435 -0.0131206 -0.00670448 -0.00145816 -0.00831151 0.0273448 0.0637923 -0.0265426 -0.00984191 -0.0290607 0.0116169 -0.048431 0.000951115 0.0354562
internal_weight=276.113 22.8685 20.9286 19.6043 17.9937 6.08759 4.11048 11.9061 8.33913 6.43424 3.06622 1.97711 253.245 5.14001
internal_count=5100 520 475 397 376 146 70 230 143 118 61 76 4580 80
is_linear=0
shrinkage=0.08


Tree=136
num_leaves=15
num_cat=0
split_feature=11 2 1 1 3 7 2 11 2 16 18 18 1 2
split_gain=0.628872 1.3289 0.824192 1.29604 3.5641 1.92183 1.35097 2.06905 1.4235 3.97509 4.17736 4.287 2.15008 1.85044
threshold=487.13911553831866 0.89953317406211075 0.97978161616822168 0.96558300573895672 0.094394860043235801 0.34264819822823506 0.97071242719343664 1735.7541594284087 0.94537839469291429 52.305776837355424 24.463210896345412 36.990921817572001 0.87456671597703506 0.93986056645062488
decision_type=2 2 2 2 2 2 2 2 2 2 2 2 2 2
left_child=1 -1 3 6 -5 -6 8 -8 13 10 12 -12 -10 -2
right_child=2 -3 -4 4 5 -7 7 -9 9 -11 11 -13 -14 -15
leaf_value=-0.017335012665131651 -7.6291227288303581e-05 0.08704609925264413 0.02909031046937673 -0.080619710731037381 0.10138440462568234 -0.034372130863520367 0.055680964248745912 -0.063569260421366972 -0.049993880874007364 -0.066901413659701744 0.17477695169413124 0.01341923687916924 0.054159801381486974 -0.06749747266159449
leaf_weight=1.5424913915339851 239.74286291880708 1.5803570179268716 5.8488082441035649 4.2808556156232944 1.4086082219146194 1.2682703908358233 1.1735948832938436 4.507984055147972 2.5707520032301527 2.2854086928418829 2.5556616671383381 1.79318064043764 2.5040565910749137 2.6339480654569334
leaf_count=31 4486 11 78 70 14 35 16 96 45 89 24 28 21 56
internal_value=-0.000207831 0.0354884 -0.000616799 -0.00126822 -0.0353425 0.0370647 -0.000355561 -0.0389368 0.000507148 0.0277507 0.0507055 0.108243 0.00139854 -0.000808968
internal_weight=275.697 3.12285 272.574 266.725 6.95773 2.67688 259.767 5.68158 254.086 11.7091 9.42365 4.34884 5.07481 242.377
internal_count=5100 42 5058 4980 119 49 4861 112 4749 207 118 52 66 4542
is_linear=0
shrinkage=0.08


Tree=137
num_leaves=15
num_cat=0
split_feature=11 11 1 2 16 10 11 5 3 11 16 9 5 16
split_gain=0.617864 2.51136 3.03785 3.01281 2.593 2.43921 2.12184 2.23514 3.95617 2.0518 1.98479 4.36279 3.40633 3.89337
threshold=3692.699175515465 3964.1617890319012 0.81611537241760357 0.7978492517232515 12.007096854012422 5.5591419778093494 3617.3053402839209 3.4814234931777119 0.010635701534368058 4082.0412304138395 51.478584557836612 1.5000000000000002 4.695331027895131 62.401228420173439
decision_type=2 2 2 2 2 2 2 2 2 2 2 2 2 2
left_child=6 2 5 4 -4 -2 7 8 -1 -3 -11 12 -12 -14
right_child=1 9 3 -5 -6 -7 -8 -9 -10 10 11 -13 13 -15
leaf_value=0.10132740349977278 -0.094107180708326868 -0.057982077529585306 0.09652170621514751 0.10890664398538441 -0.068082149498190345 0.040786309124066542 -0.091962080010483199 0.00078010653460153419 -0.051680121281594625 0.0063913818159939059 -0.013138734403687307 -0.064143434938385008 0.12321174889158167 -0.015833265150712681
leaf_weight=1.2033816967159499 1.5845395563082987 3.7828276081709182 1.0458396347239616 4.5965403011068702 1.4782086824707219 1.8708774890983475 1.7706403626361851 88.061661762330914 10.678718232142272 123.93196381386952 21.22195812466089 8.7390684105776 2.798590298392809 2.3890549746283796
leaf_count=7 52 80 8 48 35 37 40 1607 286 1617 755 381 44 103
internal_value=-0.00020213 0.002701 0.0404775 0.0703454 0.000121472 -0.0210714 -0.00515243 -0.00361448 -0.036184 0.000247873 0.00163254 -0.0151468 0.00106639 0.0591777
internal_weight=275.154 173.439 10.576 7.12059 2.52405 3.45542 101.714 99.9438 11.8821 162.863 159.081 35.1487 26.4096 5.18765
internal_count=5100 3160 180 91 43 89 1940 1900 293 2980 2900 1283 902 147
is_linear=0
shrinkage=0.08


Tree=138
num_leaves=15
num_cat=0
split_feature=18 9 5 5 5 18 18 15 8 7 11 10 1 1
split_gain=0.621772 2.28439 1.58464 1.01477 1.35709 0.796575 3.76424 3.85306 3.60763 3.23636 2.28697 2.53885 2.55008 3.80714
threshold=2.687693167098836 1.5000000000000002 3.7875154911875542 4.9538647392579431 4.9883690427454788 11.076086264443576 13.049441345642682 1.5000000000000002 5.5000000000000009 0.90035071293513991 8432.6721223145269 1.3782930848445847 0.93636983433184173 0.90576336651125688
decision_type=2 2 2 2 2 2 2 2 2 2 2 2 2 2
left_child=1 2 -1 5 -5 9 7 8 -7 10 11 -2 13 -13
right_child=3 -3 -4 4 -6 6 -8 -9 -10 -11 -12 12 -14 -15
leaf_value=0.036408916653963973 -0.096632539841001661 0.086916680306037719 -0.089248218167172058 -0.087453153505795814 0.019909499239829768 -0.094985318823625889 -0.00072915252443836941 0.12342874260118553 0.039590466933328523 -0.08988023970983687 0.061255814433587082 -0.0039329417673226001 0.040915008771947474 -0.085784521838928263
leaf_weight=1.3521062480285757 2.0060972988139829 2.2605458234902471 1.2235022864188065 1.937757587642408 1.232919336296618 1.4909893024014298 199.77035322341544 2.9772020368836811 8.7955583501025085 2.9833524960558853 3.2061090271454296 34.391824085672852 6.6934840686153612 4.0669066291302434
leaf_count=17 39 29 38 77 20 33 3783 39 142 81 41 617 83 61
internal_value=-0.000203642 0.0282275 -0.0232825 -0.000713736 -0.0457051 -0.000178215 0.00201098 0.0432812 0.0200843 -0.00892035 -0.00412466 -0.00856962 -0.00465702 -0.0125885
internal_weight=274.389 4.83615 2.57561 269.553 3.17068 266.382 213.034 13.2637 10.2865 53.3478 50.3644 47.1583 45.1522 38.4587
internal_count=5100 84 55 5016 97 4919 3997 214 175 922 841 800 761 678
is_linear=0
shrinkage=0.08


Tree=139
num_leaves=15
num_cat=0
split_feature=10 18 1 2 11 7 7 18 18 5 11 10 4 4
split_gain=0.643238 2.24772 2.51513 3.44628 3.42522 2.43038 2.80647 3.26972 2.09975 2.03056 1.86584 1.76818 1.60524 3.20463
threshold=1.6898730504202097 11.204400774653919 0.77680508484627342 0.68096922322645004 7268.3033334102447 0.82287142339627317 0.56605749918278536 37.850010549279972 6.5313267693361601 3.987511041989888 5469.9319206068203 1.4372601896394694 49.385825303929984 32.786709582724427
decision_type=2 2 2 2 2 2 2 2 2 2 2 2 2 2
left_child=1 8 4 10 -3 6 9 -8 -1 11 -4 -5 13 -2
right_child=12 2 3 5 -6 -7 7 -9 -10 -11 -12 -13 -14 -15
leaf_value=0.011245179507851122 -0.014452249037844686 -0.066121065679532229 0.016658986029533758 -0.023482308930888613 0.071767187432710516 0.13362030191587265 -0.065041061339532288 0.062663235025903236 -0.094736787417413218 0.095606372252963742 -0.10180548049398475 0.07696549478332973 -0.004690348165911633 0.02920025547426381
leaf_weight=2.4901196087012094 17.739430248504505 4.0767198944231522 1.7679256355622812 2.4370412703137863 1.6076198794180525 1.8779495304916043 2.988623119541443 2.2485712585039437 2.3028712179511786 5.3472986932029016 1.6404340036679057 2.077813055831939 197.85091028023453 27.368724677769933
leaf_count=47 300 105 24 31 29 25 48 21 50 48 30 22 3918 402
internal_value=-0.000203458 0.0106755 0.0199326 0.033054 -0.0271241 0.0477921 0.0371174 -0.0102117 -0.0396756 0.0622509 -0.0403576 0.0227455 -0.00158541 0.0120333
internal_weight=273.822 30.863 26.07 20.3857 5.68434 16.9773 15.0993 5.23719 4.79299 9.86215 3.40836 4.51485 242.959 45.1082
internal_count=5100 480 383 249 134 195 170 69 97 101 54 53 4620 702
is_linear=0
shrinkage=0.08


Tree=140
num_leaves=15
num_cat=0
split_feature=8 3 9 11 3 7 5 4 2 3 3 11 10 2
split_gain=0.604618 2.31679 2.47639 1.87974 2.50298 3.63445 2.52418 2.3813 2.11879 2.2479 2.85395 2.54614 2.50148 1.85098
threshold=2.5000000000000004 0.14745972217349487 1.0000000180025095e-35 1652.7048636414522 0.038707225461556499 0.77269663623818663 3.4645943100376311 41.45187110671084 0.73062543733381635 0.067027062511903504 0.095674405574510818 6158.0082385847254 4.8880182011242095 0.60221949285691212
decision_type=2 2 2 2 2 2 2 2 2 2 2 2 2 2
left_child=1 2 -1 -4 6 7 -5 -6 13 12 -11 -12 -10 -9
right_child=-2 -3 3 4 5 -7 -8 8 9 10 11 -13 -14 -15
leaf_value=-0.023721795753212805 -0.0016241424874381722 -0.083828063866595318 0.080883720485685692 0.076194108881563624 -0.051704696582331219 -0.087243579247716266 -0.07049594357328523 0.069675027269248457 0.052015049993061058 -0.038755576373831806 0.16282673954056989 0.011658739905148048 0.15572200948509901 -0.065392236036578733
leaf_weight=8.1882651089690608 238.82936561555834 1.6139249547268253 3.5551306980196413 0.97414665808901446 1.5097446988802428 1.4912369913072314 3.2738225520588458 1.1059808387653896 3.0287298912880924 2.1728682855609804 1.3478486727690326 1.5141669907607136 2.9271762790158391 1.5727856110315768
leaf_count=125 4525 89 41 11 21 50 59 18 34 31 23 20 17 36
internal_value=-0.000198155 0.00973794 0.0143613 0.027103 0.0179629 0.031932 -0.0368569 0.04364 0.0541704 0.0697196 0.0303698 0.0828504 0.102984 -0.00962709
internal_weight=273.105 34.2758 32.6619 24.4736 20.9185 16.6705 4.24797 15.1793 13.6696 10.9908 5.03488 2.86202 5.95591 2.67877
internal_count=5100 575 486 361 320 250 70 200 179 125 74 43 51 54
is_linear=0
shrinkage=0.08


Tree=141
num_leaves=15
num_cat=0
split_feature=5 1 7 16 11 2 3 2 0 0 1 3 5 0
split_gain=0.580467 2.37209 0.899941 0.793697 2.77502 3.96378 3.04745 3.11758 3.39 4.42292 3.72459 2.68145 2.02937 2.29227
threshold=3.2238588019336132 0.88835558529931569 0.53616172303421172 52.305776837355424 1482.5639331868244 0.82567472345576265 0.13896913605243127 0.89083416259844983 0.82723785620877643 0.8644142263182707 0.93386563577449422 0.10671354001560988 4.695331027895131 0.80375445985546634
decision_type=2 2 2 2 2 2 2 2 2 2 2 2 2 2
left_child=1 2 -1 -2 5 -5 11 8 -8 -10 -11 12 -6 -14
right_child=3 -3 -4 4 6 -7 7 -9 9 10 -12 -13 13 -15
leaf_value=0.025968650105902658 0.0016437203057297531 -0.055575974201007225 0.11133893837180207 -0.031591435634464989 -0.026141563904478367 0.07903918719189823 -0.081595994693540702 -0.086187287590214726 0.19267916858368733 -0.051920666229502789 0.12066389608558581 -0.084340617660747949 -0.084589039309147157 0.038122288695800095
leaf_weight=1.6459567741258063 208.52089326869464 1.4855212569236753 1.5201596427941693 3.532539352658203 31.9451939521241 5.0156243631790858 0.93869419394468323 1.1613897617207838 1.6121887349290771 1.6807084853062408 1.5277947618160395 4.2230102420435278 1.1459699838887889 6.5022652053739876
leaf_count=24 2857 19 20 149 1073 123 132 73 43 84 22 280 77 124
internal_value=-0.000191859 0.0278261 0.0669578 -0.000678514 -0.00884637 0.0333209 -0.0159507 0.0333822 0.0574936 0.0845773 0.030259 -0.0237428 -0.0172794 0.0197359
internal_weight=272.458 4.65164 3.16612 267.806 59.2854 8.54816 50.7372 6.92078 5.75939 4.82069 3.2085 43.8164 39.5934 7.64824
internal_count=5100 63 44 5037 2180 272 1908 354 281 149 106 1554 1274 201
is_linear=0
shrinkage=0.08


Tree=142
num_leaves=15
num_cat=0
split_feature=5 2 13 11 3 5 8 11 3 3 10 10 7 7
split_gain=0.599536 2.34471 1.4287 1.76254 1.16832 1.00113 1.72675 1.51936 0.962513 2.28494 1.01957 0.828196 2.9534 3.24696
threshold=4.9171833451833988 0.66146193161826283 1.0000000180025095e-35 4962.7305577921006 0.071884501324373726 4.8902411238460548 15.500000000000002 5767.0737332705457 0.20350032544760926 0.30133485813038979 1.7681963185066303 7.4398454836283552 0.13831143278970545 0.79875958351830134
decision_type=2 2 2 2 2 2 2 2 2 2 2 2 2 2
left_child=5 4 -3 -4 -2 8 7 -7 11 10 -10 -1 -13 -14
right_child=1 2 3 -5 -6 6 -8 -9 9 -11 -12 12 13 -15
leaf_value=0.0018623992092037256 -0.017833512723627414 -0.080389920679485208 0.037377088238363325 -0.088741815403515667 0.084093908897558939 -0.089577069073137464 0.076095063416421221 0.038491914365165712 0.027001032105197057 0.067862437704063874 -0.083396355262036453 0.08227613810448986 -0.040019869438777875 0.045576900549394762
leaf_weight=231.24266453349264 1.2704944132128715 3.579112025530776 2.0436723143793647 1.0860637625155503 1.6601670153904704 1.0186465241713443 2.9307053461670876 1.4183584807324221 0.64529113192111198 1.0684939961647613 3.144014934572624 1.8270866288803542 15.391267936211081 3.4769581528380504
leaf_count=4162 28 100 34 34 24 27 30 23 20 17 208 17 287 89
internal_value=-0.000195603 -0.0197899 -0.0458674 -0.006388 0.0399065 0.00052486 0.0347187 -0.0150398 -0.000189882 -0.0354616 -0.0645965 0.000490217 -0.0148421 -0.0242465
internal_weight=271.803 9.63951 6.70885 3.12974 2.93066 262.163 5.36771 2.43701 256.796 4.8578 3.78931 251.938 20.6953 18.8682
internal_count=5100 220 168 68 52 4880 80 50 4800 245 228 4555 393 376
is_linear=0
shrinkage=0.08


Tree=143
num_leaves=15
num_cat=0
split_feature=12 0 1 7 18 3 7 2 1 2 18 18 1 5
split_gain=0.568971 1.65094 1.62137 1.76544 2.35839 1.56 1.29956 1.12611 2.3595 1.20627 2.90417 6.46797 3.0359 1.9968
threshold=1.0000000180025095e-35 0.8691331696289798 0.73599005549918151 0.56949540747535599 17.517565763237748 0.041349015423664016 0.80946479703908192 0.97071242719343664 0.93636983433184173 0.94537839469291429 39.515767616211726 24.463210896345412 0.80714004592778998 4.6045464952922162
decision_type=2 2 2 2 2 2 2 2 2 2 2 2 2 2
left_child=7 5 -3 4 -4 -2 -5 9 -9 -1 11 13 -13 -11
right_child=1 2 3 6 -6 -7 -8 8 -10 10 -12 12 -14 -15
leaf_value=0.00021145900407197875 0.0096147682958762845 -0.088582164923917919 0.07916382818459386 -0.087192153675887576 -0.025415182795416578 -0.08473452519565168 0.039590343845220491 -0.070542660725232936 0.039306302875166239 0.015668561878592949 -0.065878463884004562 0.19301455253037719 0.05169643238257051 -0.095505795541956665
leaf_weight=239.15778029926878 1.696688093477859 1.0636645689373825 3.6527042752131802 1.4924636675277727 2.218169869389385 3.3088562047487358 0.79203335591591884 3.8196277106180778 1.8612376344390211 5.2050745433662069 1.8684725899947796 1.9917450675275179 1.9019578014267606 1.2902675198856739
leaf_count=4350 41 39 35 37 43 220 18 97 16 89 41 24 27 23
internal_value=-0.000191619 -0.0157664 0.00431617 0.0164324 0.0396511 -0.0527537 -0.0432368 0.000670099 -0.0345525 0.00146597 0.0259429 0.0424571 0.123985 -0.00641567
internal_weight=271.321 14.2246 9.21904 8.15537 5.87087 5.00554 2.2845 257.096 5.68087 251.415 12.2575 10.389 3.8937 6.49534
internal_count=5100 433 172 133 78 261 55 4667 113 4554 204 163 51 112
is_linear=0
shrinkage=0.08


Tree=144
num_leaves=15
num_cat=0
split_feature=1 16 1 5 5 1 1 2 10 3 1 16 5 2
split_gain=0.764878 0.572011 2.60837 2.73023 4.70225 2.49361 2.30914 2.84492 2.92857 2.66983 4.08671 3.16884 2.62558 2.18921
threshold=0.52758683094524239 11.373022056837653 0.879761228557845 4.3766120606131933 4.7687990016841644 0.83044657628951501 0.8737008625788123 0.66857484583332993 6.4376638988595074 0.057522938957040033 0.67066268850163102 7.508381185194156 3.8542456696472054 0.78494646539391932
decision_type=2 2 2 2 2 2 2 2 2 2 2 2 2 2
left_child=-1 2 3 6 5 -5 7 -2 9 11 -11 -9 -10 -12
right_child=1 -3 -4 4 -6 -7 -8 8 12 10 13 -13 -14 -15
leaf_value=-0.081199862367608913 -0.059772828083038243 -0.001870610589503378 -0.017624034950789423 -0.099883660379499237 0.049166015827515057 -0.0048579015237594789 0.11469426905693791 0.0025030755476805255 0.01847152156030676 0.10847452957966053 0.0086008128727708827 0.099237318234173394 0.12672418031559668 -0.084831647890260278
leaf_weight=0.74387920647859473 2.2347589546116131 213.0791779642168 18.404405904235318 3.6817155471071583 4.6669909935444593 3.3990268064662814 2.048854421824216 4.5957906534895354 2.4062796663492909 1.3866793925408263 2.9155410556122661 4.10152642801404 3.5485661048442125 3.5705592902377248
leaf_count=147 38 4356 176 61 50 31 18 39 25 24 25 26 25 59
internal_value=-0.000190082 3.30758e-05 0.00715441 0.0189821 -0.0131768 -0.0542677 0.0330744 0.0263204 0.034862 0.0175694 -0.0161825 0.0481215 0.0829806 -0.0428332
internal_weight=270.784 270.04 56.9607 38.5563 11.7477 7.08074 26.8086 24.7597 22.5249 16.5701 7.87278 8.69732 5.95485 6.4861
internal_count=5100 4953 597 421 142 92 279 261 223 173 108 65 50 84
is_linear=0
shrinkage=0.08


Tree=145
num_leaves=15
num_cat=0
split_feature=1 8 5 15 5 10 10 10 18 1 1 4 18 5
split_gain=0.705165 0.577015 2.11248 2.7476 2.1106 2.71381 2.38356 3.40864 2.45754 2.13118 1.85597 1.83972 1.20924 1.20284
threshold=0.52758683094524239 2.5000000000000004 4.6893768056818077 1.0000000180025095e-35 4.5794776615957282 1.8907316853300185 4.4230126686899061 5.9953447072514878 34.5957144692292 0.96098426495569189 0.84821810066966186 112.8125926967686 5.6844135410068946 4.871067735187343
decision_type=2 2 2 2 2 2 2 2 2 2 2 2 2 2
left_child=-1 2 4 13 5 -2 9 11 12 -7 -10 -8 -9 -4
right_child=1 -3 3 -5 -6 6 7 8 10 -11 -12 -13 -14 -15
leaf_value=-0.081108640530420231 0.066805467446292413 -0.0013715848438098993 -0.03282142907198761 -0.093508315143483275 0.089965748894944547 -0.050622729708948294 0.025786252915523816 0.033393354511294299 -0.027277760687828011 0.073655374468343721 0.11281644300448783 0.11801845771842262 -0.067307844410003009 0.074784577998349436
leaf_weight=0.68742804700741444 4.7019545536022695 236.05072888787254 1.3214828048367047 2.6755656178575009 2.4262377220438784 6.9621625203872126 3.0310284376610053 0.94628251553513099 1.0922682099044325 1.0113896110560743 1.3572585594374684 2.5472950929543003 3.9440244201105088 1.337968527106568
leaf_count=147 47 4398 25 43 32 149 42 11 29 12 18 35 94 18
internal_value=-0.000186332 2.0153e-05 0.0098694 -0.03627 0.0186544 0.0118942 -0.000464321 0.0207653 -0.01506 -0.0348589 0.0503471 0.0679033 -0.047822 0.0213151
internal_weight=270.093 269.406 33.3549 5.33502 28.0199 25.5937 20.8917 12.9182 7.33983 7.97355 2.44953 5.57832 4.89031 2.65945
internal_count=5100 4953 555 86 469 437 390 229 152 161 47 77 105 43
is_linear=0
shrinkage=0.08


Tree=146
num_leaves=15
num_cat=0
split_feature=13 8 1 2 3 16 4 6 0 16 7 8 5 8
split_gain=0.563888 2.16395 2.21858 1.76545 3.08022 2.52022 2.22383 1.99092 1.82876 1.4471 1.21847 2.47848 1.20016 0.979405
threshold=1.5000000000000002 9.5000000000000018 0.72266128418282982 0.6712229103840387 0.015431295429419576 53.781425064285365 115.04403552256757 1.5000000000000002 0.8392793774894548 22.900945648537036 0.35485730753987188 2.5000000000000004 4.1427247181552849 7.5000000000000009
decision_type=2 2 2 2 2 2 2 2 2 2 2 2 2 2
left_child=13 10 -3 9 -5 6 7 -6 -9 -4 11 -2 -8 -1
right_child=1 2 3 4 5 -7 12 8 -10 -11 -12 -13 -14 -15
leaf_value=0.0087261946408755224 0.049410329781171526 -0.084642013319473824 0.025724781638055458 0.11710147172282159 0.10408642081662599 -0.084537241075470185 -0.086811268028880312 0.067775263624908613 -0.023009576561420397 -0.089716749634213042 -0.071998913303640028 -0.071983583426683873 0.011222608550617597 -0.0023228090679463949
leaf_weight=74.154336674691876 2.0985067994333821 1.652021507325119 1.1398278549313574 1.9502955377101887 2.5010752116795611 1.6059292762365647 1.4809671128168695 2.6174292168579996 3.104266703594476 1.7805591379874384 4.6202115752239479 2.2099480834440328 1.7361675453139467 166.92255783858127
leaf_count=1307 26 121 13 13 23 117 40 32 33 46 195 61 33 3040
internal_value=-0.000182148 -0.0108242 0.00406693 0.0122465 0.0233286 0.00930994 0.0224842 0.0445467 0.0185206 -0.0446599 -0.0434603 -0.0128566 -0.033906 0.00107582
internal_weight=269.574 28.4972 19.5685 17.9165 14.9961 13.0458 11.4399 8.22277 5.7217 2.92039 8.92867 4.30845 3.21713 241.077
internal_count=5100 753 471 350 291 278 161 88 65 59 282 87 73 4347
is_linear=0
shrinkage=0.08


Tree=147
num_leaves=15
num_cat=0
split_feature=6 11 4 2 7 11 1 5 5 4 16 6 10 18
split_gain=0.58768 2.25443 2.14829 1.94345 2.21045 4.45795 2.24097 2.18782 2.99766 4.21477 2.72955 2.49227 3.93926 2.23438
threshold=1.5000000000000002 8293.3153523094406 203.81185844701434 0.62473279089859035 0.3735573652115674 7542.5527959845631 0.72541837945334764 3.4428904650934968 3.6124604673565663 63.360698414326677 5.0967042832769733 1.0000000180025095e-35 2.060676080731028 13.759376257298639
decision_type=2 2 2 2 2 2 2 2 2 2 2 2 2 2
left_child=1 2 3 -1 5 -5 -6 -8 -9 13 -11 12 -12 -10
right_child=-2 -3 -4 4 6 -7 7 8 9 10 11 -13 -14 -15
leaf_value=-0.037859432897562995 0.0018569130022979899 -0.069963332205900716 -0.084413528180655006 0.0097351119737635813 -0.083118819780227116 0.11403147075427253 -0.084610718668851614 0.099500720587325342 -0.034231225724845007 0.059077706547981203 0.17591458326383339 -0.061116690690024504 -0.041037193837334146 0.068191343879440341
leaf_weight=7.6542143022525115 207.40254089520022 3.4409820553846648 2.0180627856752826 17.163871318916794 2.3878778283542514 3.0959753877250469 1.9050321530085081 1.9510334201040702 1.7804602448595712 1.925534352660178 0.7907036709366343 9.9421179593191482 1.6604358811746349 5.8159598908969201
leaf_count=193 3551 113 112 313 194 33 79 33 34 18 7 255 83 82
internal_value=-0.000180042 -0.00704586 -0.00331901 -0.000400434 0.00552119 0.025673 -0.00897755 -0.00210788 0.0044776 -0.00398197 -0.0295358 -0.0433036 0.0289484 0.0441854
internal_weight=268.935 61.5323 58.0913 56.0732 48.419 20.2598 28.1592 25.7713 23.8662 21.9152 14.3188 12.3933 2.45114 7.59642
internal_count=5100 1549 1436 1324 1131 346 785 591 512 479 363 345 90 116
is_linear=0
shrinkage=0.08


Tree=148
num_leaves=15
num_cat=0
split_feature=5 2 13 3 3 11 5 8 7 3 3 6 1 5
split_gain=0.559911 2.08559 1.30396 0.976955 0.845187 2.06982 0.822107 1.40297 1.48378 0.858772 1.91318 2.13098 0.79682 3.04504
threshold=4.9171833451833988 0.66146193161826283 1.0000000180025095e-35 0.071884501324373726 0.03191491358868969 1987.5678782539342 4.8902411238460548 15.500000000000002 0.41497650618577459 0.20350032544760926 0.30133485813038979 1.0000000180025095e-35 0.91850663640215424 3.294007687141336
decision_type=2 2 2 2 2 2 2 2 2 2 2 2 2 2
left_child=6 3 -3 -2 -4 -6 9 8 -8 12 11 -11 -1 -14
right_child=1 2 4 -5 5 -7 7 -9 -10 10 -12 -13 13 -15
leaf_value=-0.0018975962428739517 -0.016997132023759461 -0.079682658910737961 0.068361681478571246 0.076731785192864416 0.067860020566695281 -0.088179980000385003 0.041534288221166983 0.068621646097488331 -0.08601608617242823 0.1345100011049741 0.058727674475416249 -0.083188199139804603 -0.076139703101881923 0.013309239796762578
leaf_weight=194.9987204478748 1.2426707505946963 3.3295437989290804 0.72141426021698896 1.6657397841336203 0.86141527304425869 1.4767068460350854 1.3386614113114768 2.9372447818750516 1.0349673256860112 0.31657249582349267 1.0747665753006002 3.1633127020322718 2.5566044478618997 51.503151675919071
leaf_count=3801 28 100 12 24 10 46 16 30 34 15 17 213 50 704
internal_value=-0.00018489 -0.0194737 -0.0450378 0.0366844 -0.0073355 -0.0306914 0.000507737 0.0316586 -0.0140812 -0.000144589 -0.034569 -0.0633837 0.000484946 0.009079
internal_weight=268.221 9.29749 6.38908 2.90841 3.05954 2.33812 258.924 5.31087 2.37363 253.613 4.55465 3.47989 249.058 54.0598
internal_count=5100 220 168 52 68 56 4880 80 50 4800 245 228 4555 754
is_linear=0
shrinkage=0.08


Tree=149
num_leaves=15
num_cat=0
split_feature=11 11 1 2 16 10 5 3 11 10 10 4 10 2
split_gain=0.560128 2.1011 2.57221 2.28039 2.32206 1.97255 1.84705 3.11655 1.88465 1.962 3.3981 3.35859 3.10133 2.76473
threshold=3692.699175515465 3964.1617890319012 0.81611537241760357 0.7978492517232515 11.731035005182767 5.5591419778093494 3.4814234931777119 0.010635701534368058 3617.3053402839209 6.5171416703991119 6.5805942614243902 52.711393883209986 5.1440612443721028 0.92559150718867644
decision_type=2 2 2 2 2 2 2 2 2 2 2 2 2 2
left_child=6 2 5 4 -4 -2 7 -1 9 11 -11 -8 13 -13
right_child=1 -3 3 -5 -6 -7 8 -9 -10 10 -12 12 -14 -15
leaf_value=0.085534992762813553 -0.09186004201117888 0.00034966351260007833 0.09560923844591597 0.098205786188374417 -0.064828352730113989 0.033447708747599759 0.026633939617922663 -0.04987295258107223 -0.090748243978540186 0.13102534631693538 0.012465279174467972 0.0028227650175366996 -0.049135941881927769 -0.071699557545711376
leaf_weight=1.2187162144109596 1.4162179375416584 158.73334598835208 0.98614437039941583 4.5857568439096212 1.392776940250769 1.8598176150117067 15.37225039466284 10.130023719568269 1.4730310994782474 1.6912356615066553 18.163318364560837 33.763369770225836 13.357189558504613 3.5180969942593938
leaf_count=7 52 2980 7 48 36 37 198 291 35 18 358 666 274 93
internal_value=-0.000181267 0.00261553 0.037737 0.065235 0.00167852 -0.0207224 -0.00497 -0.0353318 -0.00102479 0.000514423 0.0225644 -0.00611769 -0.01606 -0.0042096
internal_weight=267.661 168.974 10.2407 6.96468 2.37892 3.27604 98.6872 11.3487 87.3385 85.8655 19.8546 66.0109 50.6387 37.2815
internal_count=5100 3160 180 91 43 89 1940 298 1642 1607 376 1231 1033 759
is_linear=0
shrinkage=0.08


end of trees

feature_importances:
firstTimeFixRate=223
distanceKm=190
reworkRate=182
utilizationPct=177
slaHitRate=171
csat=165
avgResponseMinutes=162
notToExceedUsd=157
acceptanceRate=147
estimatedLabourHours=147
slaHoursRemaining=120
openJobs=106
dataSufficiency=43
riskTier=28
priority=25
slaSensitivity=25
isRecall=18
safetyRisk=7
isAfterHours=7

parameters:
[boosting: gbdt]
[objective: binary]
[metric: binary_logloss]
[tree_learner: serial]
[device_type: cpu]
[data_sample_strategy: bagging]
[data: ]
[valid: ]
[num_iterations: 150]
[learning_rate: 0.08]
[num_leaves: 15]
[num_threads: 0]
[seed: 0]
[deterministic: 0]
[force_col_wise: 0]
[force_row_wise: 0]
[histogram_pool_size: -1]
[max_depth: -1]
[min_data_in_leaf: 20]
[min_sum_hessian_in_leaf: 0.001]
[bagging_fraction: 1]
[pos_bagging_fraction: 1]
[neg_bagging_fraction: 1]
[bagging_freq: 0]
[bagging_seed: 3]
[bagging_by_query: 0]
[feature_fraction: 1]
[feature_fraction_bynode: 1]
[feature_fraction_seed: 2]
[extra_trees: 0]
[extra_seed: 6]
[early_stopping_round: 0]
[early_stopping_min_delta: 0]
[first_metric_only: 0]
[max_delta_step: 0]
[lambda_l1: 0]
[lambda_l2: 0]
[linear_lambda: 0]
[min_gain_to_split: 0]
[drop_rate: 0.1]
[max_drop: 50]
[skip_drop: 0.5]
[xgboost_dart_mode: 0]
[uniform_drop: 0]
[drop_seed: 4]
[top_rate: 0.2]
[other_rate: 0.1]
[min_data_per_group: 100]
[max_cat_threshold: 32]
[cat_l2: 10]
[cat_smooth: 10]
[max_cat_to_onehot: 4]
[top_k: 20]
[monotone_constraints: ]
[monotone_constraints_method: basic]
[monotone_penalty: 0]
[feature_contri: ]
[forcedsplits_filename: ]
[refit_decay_rate: 0.9]
[cegb_tradeoff: 1]
[cegb_penalty_split: 0]
[cegb_penalty_feature_lazy: ]
[cegb_penalty_feature_coupled: ]
[path_smooth: 0]
[interaction_constraints: ]
[verbosity: -1]
[saved_feature_importance_type: 0]
[use_quantized_grad: 0]
[num_grad_quant_bins: 4]
[quant_train_renew_leaf: 0]
[stochastic_rounding: 1]
[linear_tree: 0]
[max_bin: 255]
[max_bin_by_feature: ]
[min_data_in_bin: 3]
[bin_construct_sample_cnt: 200000]
[data_random_seed: 1]
[is_enable_sparse: 1]
[enable_bundle: 1]
[use_missing: 1]
[zero_as_missing: 0]
[feature_pre_filter: 1]
[pre_partition: 0]
[two_round: 0]
[header: 0]
[label_column: ]
[weight_column: ]
[group_column: ]
[ignore_column: ]
[categorical_feature: ]
[forcedbins_filename: ]
[precise_float_parser: 0]
[parser_config_file: ]
[objective_seed: 5]
[num_class: 1]
[is_unbalance: 0]
[scale_pos_weight: 1]
[sigmoid: 1]
[boost_from_average: 1]
[reg_sqrt: 0]
[alpha: 0.9]
[fair_c: 1]
[poisson_max_delta_step: 0.7]
[tweedie_variance_power: 1.5]
[lambdarank_truncation_level: 30]
[lambdarank_norm: 1]
[label_gain: ]
[lambdarank_position_bias_regularization: 0]
[eval_at: ]
[multi_error_top_k: 1]
[auc_mu_weights: ]
[num_machines: 1]
[local_listen_port: 12400]
[time_out: 120]
[machine_list_filename: ]
[machines: ]
[gpu_platform_id: -1]
[gpu_device_id: -1]
[gpu_device_id_list: ]
[gpu_use_dp: 0]
[num_gpu: 1]

end of parameters

pandas_categorical:null
