tree
version=v4
num_class=1
num_tree_per_iteration=1
label_index=0
max_feature_idx=19
objective=binary sigmoid:1
feature_names=slaHitRate firstTimeFixRate acceptanceRate reworkRate avgResponseMinutes csat dataSufficiency utilizationPct openJobs priority estimatedLabourHours notToExceedUsd isRecall riskTier safetyRisk slaSensitivity distanceKm isAfterHours slaHoursRemaining certMatch
feature_infos=[0.24956338644800699:0.99830522924215936] [0.15148780763415373:0.99669080958125666] [0.13933183805659449:0.99871235572066341] [0.00032735393905369917:0.48577996095294007] [20.015589146904826:219.99571571421671] [3.2000642811912279:4.9999408063694259] [0:2] [0.10017578424044296:0.97980376376457112] [0:25] [0:2] [1.0009972704214838:7.9989295667570417] [400.09586411696404:8999.6669857190736] [0:1] [0:2] [0:1] [0:2] [1.020541643982807:89.99903961215027] [0:1] [2.0107167338594931:47.991808186486132] none
tree_sizes=1669 1700 1704 1712 1707 1713 1714 1715 1727 1727 1724 1716 1734 1715 1745 1721 1727 1715 1715 1730 1720 1739 1724 1711 1724 1723 1728 1731 1728 1729 1719 1724 1723 1725 1728 1729 1723 1724 1721 1719 1725 1728 1726 1729 1711 1708 1705 1718 1722 1732 1720 1716 1717 1727 1721 1724 1714 1717 1714 1709 1725 1715 1713 1707 1715 1707 1717 1717 1710 1720 1703 1715 1727 1717 1725 1706 1712 1722 1710 1716 1702 1711 1719 1713 1717 1712 1707 1726 1720 1725 1709 1709 1695 1714 1716 1712 1731 1703 1709 1709 1713 1707 1729 1712 1714 1704 1725 1712 1705 1701 1701 1704 1713 1714 1703 1712 1704 1715 1716 1718 1727 1718 1707 1718 1714 1708 1711 1725 1712 1707 1717 1724 1727 1706 1722 1722 1729 1728 1707 1711 1733 1727 1722 1726 1719 1707 1708 1717 1734 1718 1718 1717 1717 1716 1724 1731 1724 1723 1717 1706 1714 1707 1725 1711 1720 1722 1734 1710 1693 1719 1712 1713 1716 1733 1714 1726 1720 1720 1716 1742 1713 1717 1722 1716 1710 1726 1709 1718 1706 1730 1712 1725 1728 1724 1739 1720 1702 1709 1725 1723 1724 1717 1724 1706 1714 1719 1720 1706 1716 1727 1708 1729 1719 1727 1733 1714 1709 1728 1721 1730

Tree=0
num_leaves=15
num_cat=0
split_feature=16 0 7 4 4 3 1 16 0 3 0 16 1 7
split_gain=252.045 137.059 109.266 68.347 55.9993 51.0341 40.8206 36.5236 29.9549 28.9611 33.4081 37.0032 41.3324 33.6584
threshold=32.474978096926129 0.85819386253698482 0.31966199712431848 157.01114009583844 97.647754050982286 0.14077127052556851 0.92580960090542896 12.711267428393393 0.72755537817650662 0.086890268832708964 0.74786885931038316 64.362088888226126 0.76143468469620224 0.16586631999266191
decision_type=2 2 2 2 2 2 2 2 2 2 2 2 2 2
left_child=1 8 3 5 -4 6 7 -3 -1 10 -2 12 -12 -14
right_child=9 2 4 -5 -6 -7 -8 -9 -10 -11 11 -13 13 -15
leaf_value=-2.445499380279248 -2.4797732621523285 -1.8537380520106359 -2.2268917632755372 -2.3328836615534994 -2.369696195029344 -2.3351760444697436 -1.6570259396952687 -2.1383715665810876 -2.3644460660437008 -2.4663998543669647 -2.4499450555089282 -2.447589312381421 -2.1303272038722412 -2.3540528272491872
leaf_weight=45.14004323631525 53.030067600309849 4.6278027519583755 28.222010225057602 6.9796369373798361 46.581489995121956 3.034624755382537 2.200102947652339 7.6624275073409081 82.541793346405029 187.00875055044889 31.332500599324703 80.417556017637253 4.6278027519583693 61.451151296496391
leaf_count=595 699 61 372 92 614 40 29 101 1088 2465 413 1060 61 810
internal_value=-2.40614 -2.33828 -2.26779 -2.12118 -2.31582 -2.03686 -1.97438 -2.03119 -2.3931 -2.443 -2.42404 -2.40743 -2.37427 -2.33838
internal_weight=644.858 226.99 99.3081 24.5046 74.8035 17.525 14.4903 12.2902 127.682 417.868 230.859 177.829 97.4115 66.079
internal_count=8500 2992 1309 323 986 231 191 162 1683 5508 3043 2344 1284 871
is_linear=0
shrinkage=1


Tree=1
num_leaves=15
num_cat=0
split_feature=16 0 4 7 1 3 7 2 4 16 1 1 16 0
split_gain=208.251 97.8788 75.2373 51.8933 41.0207 31.6174 28.3145 26.2182 24.5534 23.3216 23.1669 25.0895 28.091 19.2626
threshold=37.144556402868979 0.79825838104642344 97.647754050982286 0.33092834425008383 0.74382172125172097 0.079693100466572853 0.27672610239594453 0.92965983887780934 157.01114009583844 3.9270389428193502 0.93335115325501405 0.78275630053756518 22.769294938935005 0.90222016405118299
decision_type=2 2 2 2 2 2 2 2 2 2 2 2 2 2
left_child=1 -1 4 8 -3 7 -2 -6 -4 -7 11 12 -11 -8
right_child=6 2 3 -5 5 9 13 -9 -10 10 -12 -13 -14 -15
leaf_value=-0.013054664009810724 0.0050914968120823849 0.052980089522347208 0.20490366131974572 0.010478384940099878 0.2123533225151859 0.36342691182510306 -0.061778232136799054 0.42979385253956509 0.053930948408025731 0.43624773337462336 0.27911875619900067 0.013136801602088502 0.0034893815165102189 -0.014448792562971886
leaf_weight=94.976065434515476 73.789767131209373 20.365874424576759 15.481741718947889 77.611824803054333 24.159928873181347 2.2984979003667858 225.91587775200605 4.160051390528678 12.429481759667395 2.1323457062244482 3.6948893442749968 14.989699132740496 1.7460073530673978 72.758533760905266
leaf_count=1259 996 240 169 997 274 26 3087 46 156 24 43 179 21 983
internal_value=-0.000338757 0.0525942 0.0874133 0.0441216 0.149527 0.186499 -0.039285 0.244294 0.137672 0.120664 0.095934 0.0600613 0.241423 -0.0502486
internal_weight=646.511 274.046 179.07 105.523 73.5473 53.1814 372.464 28.32 27.9112 24.8614 22.5629 18.8681 3.87835 298.674
internal_count=8500 3434 2175 1322 853 613 5066 320 325 293 267 224 45 4070
is_linear=0
shrinkage=0.08


Tree=2
num_leaves=15
num_cat=0
split_feature=16 0 7 6 3 7 3 4 1 1 7 6 3 4
split_gain=173.282 75.5628 48.4998 33.9191 36.5737 28.4018 27.8293 31.4872 23.5136 23.003 29.0652 21.2782 18.8484 18.6685
threshold=36.575107823119517 0.85819386253698482 0.60802800545847657 1.5000000000000002 0.11609231996133788 0.31564420253533648 0.073310569960095953 58.964411264316759 0.81693158711737046 0.75830592249956952 0.39551402287625731 1.5000000000000002 0.1108358662103561 125.48810538875796
decision_type=2 2 2 2 2 2 2 2 2 2 2 2 2 2
left_child=1 6 3 13 8 12 7 11 -5 -9 -11 -1 -2 -3
right_child=5 2 -4 4 -6 -7 -8 9 -10 10 -12 -13 -14 -15
leaf_value=-0.019348307360264307 0.02562962958703114 0.10965080873599213 0.032345061296830659 0.13286253757144775 0.050750659755322829 -0.049659657435636627 -0.024877396278224537 -0.059418947505403746 0.25331217467505052 0.15640368635546775 0.0049231427547593463 0.20842725277683236 -0.05413847585998452 -0.037845372303400772
leaf_weight=3.4970347210764876 63.845877856016159 13.121842972934248 54.22876013815403 18.335959084331989 13.743915006518362 274.88925667107105 79.311104528605938 17.186994262039661 23.88350310921669 11.788281090557573 25.956564277410507 10.52392243593931 26.96495209634304 9.445087291300295
leaf_count=43 856 127 633 199 156 3903 1030 224 235 146 333 129 375 111
internal_value=-0.000544749 0.046694 0.0905329 0.130714 0.164101 -0.0368455 0.00743972 0.0446116 0.201001 0.0172994 0.0522328 0.151617 0.00194365 0.0479183
internal_weight=646.723 281.023 132.759 78.5303 55.9634 365.7 148.264 68.9528 42.2195 54.9318 37.7448 14.021 90.8108 22.5669
internal_count=8500 3366 1461 828 590 5134 1905 875 434 703 479 172 1231 238
is_linear=0
shrinkage=0.08


Tree=3
num_leaves=15
num_cat=0
split_feature=16 0 7 3 6 3 0 1 4 18 11 16 11 1
split_gain=145.225 63.9485 48.1663 43.4437 34.8537 27.6157 26.0747 25.4632 20.9654 26.635 17.7696 22.1136 20.2197 18.966
threshold=37.144556402868979 0.76266137812025769 0.75049820572055626 0.11609231996133788 1.0000000180025095e-35 0.060778774968644679 0.90222016405118299 0.76434372277568097 69.646006187420497 37.820465528556788 1809.3177092998537 54.451304598211578 1119.448351245788 0.89587827818167154
decision_type=2 2 2 2 2 2 2 2 2 2 2 2 2 2
left_child=1 -1 3 4 -3 6 -2 -6 9 -4 12 13 -8 -12
right_child=5 2 8 -5 7 -7 10 -9 -10 -11 11 -13 -14 -15
leaf_value=-0.027393993115229349 -0.027160925363654439 -0.045671663019807331 0.029940470509498014 0.011692880651029025 0.059822899007535305 -0.053207707166806499 0.0010786995741001776 0.14071736399427873 -0.032265998243859291 0.30969258143662121 0.073467690326633611 -0.01630270358318715 0.34979758818028395 0.3530341044948152
leaf_weight=68.414890833199024 99.661906786262989 9.0998756065964681 13.367579907178877 42.191653534770012 35.388561829924583 217.06640982627869 1.818922072649001 84.049662172794342 41.714901998639107 2.6021370068192473 6.9716599136590975 19.279982842504978 2.564492478966713 1.9981844350695608
leaf_count=927 1433 101 142 491 394 3187 25 836 516 27 93 267 35 26
internal_value=-0.000690514 0.0404542 0.0607762 0.08213 0.10525 -0.0356484 -0.00683767 0.116749 -0.00242489 0.0755238 0.0552295 0.0319755 0.205095 0.135746
internal_weight=646.191 296.829 228.414 170.73 128.538 349.362 132.295 119.438 57.6846 15.9697 32.6332 28.2498 4.38341 8.96984
internal_count=8500 3434 2507 1822 1331 5066 1879 1230 685 169 446 386 60 119
is_linear=0
shrinkage=0.08


Tree=4
num_leaves=15
num_cat=0
split_feature=16 0 4 1 7 4 7 7 16 0 3 5 1 4
split_gain=123.087 48.1101 36.2713 27.7164 25.727 22.1487 21.9082 20.0637 19.4722 21.5805 18.0709 19.2139 17.3012 17.6335
threshold=32.474978096926129 0.78611381030315908 98.576196467716827 0.8625183312660919 0.52081114180595101 107.82320912448306 0.61455615089110971 0.77898378392107448 71.583058871173534 0.8925352080231711 0.11609231996133788 3.8671410356455458 0.79101028058882805 173.71421197089333
decision_type=2 2 2 2 2 2 2 2 2 2 2 2 2 2
left_child=1 -1 7 -2 10 6 8 -3 9 -5 11 -4 -13 -14
right_child=3 2 4 5 -6 -7 -8 -9 -10 -11 -12 12 13 -15
leaf_value=-0.014977618479631357 -0.046989943820791073 0.11898400912016659 0.028056464589196729 0.062976113551566654 -0.010113553335777813 -0.02930282582988893 -0.022941594958099769 0.02332133069592358 -0.012023110081055726 0.22562550169938361 -0.015316188051600175 0.047450764015069792 0.23734781491704865 0.061398585917267469
leaf_weight=73.206489115953445 237.65405751392245 69.293499618768692 18.021944604814053 15.448076173663141 52.379249446094036 79.541073445230722 23.969566602259874 17.594352670013905 10.788992203772066 7.8858912363648406 13.061587318778036 9.3053673207759875 11.808213546872141 5.2733546718955031
leaf_count=988 3525 613 173 215 639 1152 357 179 163 96 149 98 100 53
internal_value=-0.000810763 0.040388 0.0609897 -0.030445 0.0304399 -0.00187656 0.0356759 0.0996128 0.0768515 0.117945 0.0674008 0.0917296 0.135218 0.183029
internal_weight=645.232 269.944 196.738 375.288 109.85 137.634 58.0925 86.8879 34.123 23.334 57.4705 44.4089 26.3869 17.0816
internal_count=8500 2992 2004 5508 1212 1983 831 792 474 311 573 424 251 153
is_linear=0
shrinkage=0.08


Tree=5
num_leaves=15
num_cat=0
split_feature=16 0 7 1 3 4 3 1 2 0 3 2 6 8
split_gain=104.791 44.4954 32.5103 30.7253 26.182 25.7014 23.1331 21.2163 21.0156 20.7369 19.1162 16.4813 15.67 14.5232
threshold=37.144556402868979 0.72755537817650662 0.44298114296335528 0.72815631928234714 0.053664997023654376 49.26440370079856 0.11609231996133788 0.88077450504708243 0.88046185329869453 0.90496143013947294 0.10873872010133891 0.80258702156741502 1.0000000180025095e-35 13.500000000000002
decision_type=2 2 2 2 2 2 2 2 2 2 2 2 2 2
left_child=1 -1 6 -4 9 8 12 -8 13 -2 -10 -9 -3 -5
right_child=4 2 3 5 -6 -7 7 11 10 -11 -12 -13 -14 -15
leaf_value=-0.039230666706453574 -0.020269004983959022 -0.033162211120146348 -0.044815666952980074 -0.013656799796983738 -0.048074439979762316 0.022881080934229848 -0.03840959544261683 0.0063779597226750707 0.3578514173082521 0.060644095889765888 0.058003793587147225 0.26095911195570426 0.1056596825964648 0.13915063053900029
leaf_weight=47.318888515233994 81.272913888096809 5.5558903589844695 34.917437799274921 7.148080147802836 221.86123457551003 97.662948504090309 17.291531674563888 3.3245440721511832 3.7226596325635901 27.007987506687641 2.1447241380810738 3.1882867217063904 82.153929278254509 8.9833295941352826
leaf_count=678 1227 59 420 67 3480 1107 195 37 32 359 21 34 702 82
internal_value=-0.000882165 0.0322501 0.0449614 0.0212109 -0.0323355 0.0404775 0.077884 0.00794205 0.118596 -8.72371e-05 0.248247 0.131005 0.0968661 0.0714393
internal_weight=643.554 313.412 266.093 154.579 330.142 119.662 111.514 23.8044 21.9988 108.281 5.86738 6.51283 87.7098 16.1314
internal_count=8500 3434 2756 1729 5066 1309 1027 266 202 1586 53 71 761 149
is_linear=0
shrinkage=0.08


Tree=6
num_leaves=15
num_cat=0
split_feature=16 0 3 1 4 7 12 7 5 0 16 0 3 11
split_gain=90.878 55.0177 47.8105 36.6545 21.9152 21.8168 20.3605 17.4436 16.884 18.4577 20.2319 14.1642 13.7141 24.722
threshold=54.813185980553193 0.74402022775618037 0.11609231996133788 0.76434372277568097 152.10154554440763 0.14381061517724744 1.0000000180025095e-35 0.30165639217839219 3.997342135410737 0.88852163186453215 40.506482467622369 0.92961974961131311 0.051107647982095793 2093.1986677250593
decision_type=2 2 2 2 2 2 2 2 2 2 2 2 2 2
left_child=1 -1 3 5 6 -3 8 12 -5 -10 -11 -12 13 -2
right_child=7 2 -4 4 -6 -7 -8 -9 9 10 11 -13 -14 -15
leaf_value=-0.041149637465404745 0.23940766648643524 0.1765975875822047 -0.018792304768460263 0.063525602276359894 0.027186648559320813 -0.0055150442443533997 -0.026480015458584475 -0.056217743237269031 0.085600122529431111 0.14157574209533516 0.19553574837361037 0.47531816707202373 -0.032335082358292161 0.0057393764762744114
leaf_weight=76.288302823901176 3.6669916808605221 4.4616727232933036 84.045031260699034 56.016439169645309 54.888329777866602 74.662133373320103 9.3540435358881933 163.09705967456102 37.373229507356882 25.053592775017027 2.5428045503795138 2.1265524253249168 34.232731927186251 13.814201548695562
leaf_count=1150 47 44 1077 542 626 900 87 2668 388 195 34 25 526 191
internal_value=-0.00094138 0.020418 0.0338177 0.0504104 0.069692 0.00475401 0.0873043 -0.0433808 0.0959496 0.123019 0.17007 0.322956 -0.0028953 0.0547555
internal_weight=641.623 426.812 350.524 266.479 187.355 79.1238 132.467 214.811 123.113 67.0962 29.7229 4.66936 51.7139 17.4812
internal_count=8500 5068 3918 2841 1897 944 1271 3432 1184 642 254 59 764 238
is_linear=0
shrinkage=0.08


Tree=7
num_leaves=15
num_cat=0
split_feature=16 7 1 0 3 7 16 1 4 1 8 0 4 3
split_gain=84.2784 36.8303 25.4202 25.3345 24.5455 26.5812 20.6217 20.2011 17.8293 17.6068 15.8 14.801 15.2929 14.7024
threshold=20.684880980312368 0.33092834425008383 0.93226885336637044 0.88209150969945294 0.11609231996133788 0.42315809653101477 54.451304598211578 0.8625183312660919 97.647754050982286 0.64024561850137174 17.500000000000004 0.74579549546305623 75.212504121997753 0.079693100466572853
decision_type=2 2 2 2 2 2 2 2 2 2 2 2 2 2
left_child=4 7 11 -4 5 9 10 13 -9 -1 -5 -3 -13 -2
right_child=1 2 3 6 -6 -7 -8 8 -10 -11 -12 12 -14 -15
leaf_value=-0.02595326234188668 0.023258060385876744 -0.078405022456021933 -0.02243280983876501 0.26443988642870253 -0.0069029183244265595 0.03182033148157401 0.010041136120475849 0.1185087565852072 0.018628385408757813 0.11817057199393183 0.015431901040745493 -0.00071469054467495307 -0.046231037611704336 -0.045195857109484622
leaf_weight=6.0600801780819884 44.931274514645338 57.409384742379189 27.361987270414829 5.7880778424441797 43.969713717699051 79.755864977836609 7.5129845552146426 18.945100344717503 28.866029601544142 51.753364279866219 2.2705902755260468 66.655553072690964 162.21216612681746 36.305943556129932
leaf_count=60 566 982 412 50 531 864 121 211 367 415 26 919 2438 538
internal_value=-0.00100185 -0.0192768 -0.0334764 0.0239269 0.0451296 0.0617602 0.105389 0.0169473 0.0582059 0.103063 0.19428 -0.0420853 -0.0329748 -0.00733486
internal_weight=639.798 458.259 329.211 42.9336 181.539 137.569 15.5717 129.048 47.8111 57.8134 8.05867 286.277 228.868 81.2372
internal_count=8500 6630 4948 609 1870 1339 197 1682 578 475 76 4339 3357 1104
is_linear=0
shrinkage=0.08


Tree=8
num_leaves=15
num_cat=0
split_feature=16 0 3 7 6 1 3 3 7 3 12 4 16 1
split_gain=72.593 42.9583 33.9384 27.3124 22.5413 18.766 15.52 20.2338 14.6215 14.1748 12.2065 11.6437 11.5784 13.7062
threshold=54.813185980553193 0.74402022775618037 0.11609231996133788 0.75647069387302623 1.0000000180025095e-35 0.76434372277568097 0.073310569960095953 0.070712171063945436 0.30165639217839219 0.093685637915647282 1.0000000180025095e-35 106.11697826080776 81.95437940982157 0.83716052906604743
decision_type=2 2 2 2 2 2 2 2 2 2 2 2 2 2
left_child=1 -1 3 4 -3 -6 7 10 12 -8 -7 -4 13 -2
right_child=8 2 11 -5 5 6 9 -9 -10 -11 -12 -13 -14 -15
leaf_value=-0.038697905652637532 -0.027004048050902538 -0.043962449691123472 0.015654073452808552 -0.0056814415278878452 0.022457034255900794 0.094072108959171466 -0.0022590380990116453 0.25655408948777664 -0.05324341340342692 0.084386111491456417 -0.020349682828309245 -0.044867018314332575 -0.072921435460565273 0.066579565527892154
leaf_weight=72.75607181340456 21.573321051895618 13.805751170963047 38.0767424069345 60.550836753100157 56.717240124940872 89.783718213438988 25.204182874411345 4.6947888359427443 150.38987777754664 23.213525120168924 6.391777489334344 43.688181634992361 12.056458897888659 18.696529351174831
leaf_count=1150 328 155 459 735 639 756 241 37 2668 221 57 618 184 252
internal_value=-0.00103288 0.017397 0.0286672 0.0418932 0.0549985 0.0616305 0.0765132 0.094384 -0.04057 0.0392824 0.0864677 -0.0166832 -0.0041458 0.0164451
internal_weight=637.599 434.883 362.127 280.362 219.811 206.005 149.288 100.87 202.716 48.4177 96.1755 81.7649 52.3263 40.2699
internal_count=8500 5068 3918 2841 2106 1951 1312 850 3432 462 813 1077 764 580
is_linear=0
shrinkage=0.08


Tree=9
num_leaves=15
num_cat=0
split_feature=16 0 1 4 3 7 0 2 7 16 7 2 3 1
split_gain=64.5315 31.0672 30.5397 29.1042 20.0005 18.5139 17.9346 16.3707 14.2967 14.0324 13.3413 13.2737 13.2477 11.9667
threshold=20.684880980312368 0.76266137812025769 0.8625183312660919 47.828824089112231 0.0884170352272826 0.32408603829227756 0.67727848401629209 0.85660008483364691 0.61455615089110971 76.185031415827282 0.7824774301886358 0.56435014146796669 0.16515351708864409 0.62151576131106978
decision_type=2 2 2 2 2 2 2 2 2 2 2 2 2 2
left_child=6 -2 4 7 5 -3 -1 -4 9 12 13 -7 -5 -8
right_child=1 2 3 8 -6 11 10 -9 -10 -11 -12 -13 -14 -15
leaf_value=-0.047427728766657885 -0.056743848233239094 0.041674148047590391 0.056400191819074741 0.057046008532218265 -0.056046645643917217 0.091701775396995255 -0.030854189540289203 0.20129972965775308 -0.028601912751541309 -0.055329759263372982 -0.001550380972635956 -0.033294067678936771 -0.072535454938848609 0.061882093058649029
leaf_weight=14.482519917190073 100.74300857633352 37.567465480417013 13.949603442102672 53.58861543238163 82.489238746464252 5.8134504072368136 9.54397454112768 7.7694986537098876 43.896322168409824 10.546603213995693 31.902537800371647 84.026506267488003 5.5745986886322489 133.09774686023593
leaf_count=222 1775 434 157 589 1364 86 109 80 662 176 367 1225 82 1172
internal_value=-0.00105318 -0.0176568 -0.0062504 0.0233834 -0.025356 -0.00548546 0.0381193 0.108235 0.00716159 0.0296819 0.0452174 -0.0252057 0.0448363 0.0556772
internal_weight=634.992 445.965 345.222 135.325 209.897 127.407 189.027 21.7191 113.606 69.7098 174.544 89.84 59.1632 142.642
internal_count=8500 6630 4855 1746 3109 1745 1870 237 1509 847 1648 1311 671 1281
is_linear=0
shrinkage=0.08


Tree=10
num_leaves=15
num_cat=0
split_feature=16 0 3 1 7 4 12 10 2 3 10 4 5 10
split_gain=59.9776 37.6159 30.8202 25.0611 18.3447 18.244 17.0195 15.5173 15.905 12.8671 13.5197 12.6794 12.2799 12.3328
threshold=64.362088888226126 0.72755537817650662 0.11609231996133788 0.76434372277568097 0.45377284874316093 152.10154554440763 1.0000000180025095e-35 1.4581533208655737 0.86605105001561722 0.026157175711763743 6.8788003458389966 70.912156185900542 3.997342135410737 3.1912214907977874
decision_type=2 2 2 2 2 2 2 2 2 2 2 2 2 2
left_child=1 -1 3 4 -3 6 7 8 -5 10 -7 -4 13 -9
right_child=-2 2 11 5 -6 9 -8 12 -10 -11 -12 -13 -14 -15
leaf_value=-0.044185431816823155 -0.047632593378623515 0.03503632000300886 0.02563705189353447 0.090159206787985446 -0.036273250758268406 0.045506048475695005 -0.036895886409377722 -0.023332429252361848 0.28710631137523612 -0.0043872548521380426 0.26402048060833438 -0.038765154072358608 0.079867045754204224 0.054411556208159344
leaf_weight=66.139066495001316 138.32356529310346 42.978753693401814 27.737808000296354 8.1387072391808015 49.889150407165289 9.2884883657097799 10.945799130946396 17.817187391221523 3.873207736760377 57.806321311742067 2.2513312362134448 66.400401927530766 82.029795907437801 48.898582011461258
leaf_count=1160 2508 467 334 74 692 95 108 167 30 658 23 995 733 456
internal_value=-0.00106875 0.0119643 0.0206401 0.0320379 -0.00327157 0.0456414 0.0596282 0.0662004 0.153664 0.0110095 0.0881366 -0.0197891 0.0591373 0.0336492
internal_weight=632.518 494.195 428.056 333.917 92.8679 241.049 171.703 160.757 12.0119 69.3461 11.5398 94.1382 148.746 66.7158
internal_count=8500 5992 4832 3503 1159 2344 1568 1460 104 776 118 1329 1356 623
is_linear=0
shrinkage=0.08


Tree=11
num_leaves=15
num_cat=0
split_feature=16 0 4 16 1 3 1 3 0 18 0 6 0 5
split_gain=52.4707 33.0751 19.1109 17.737 20.9028 17.1393 20.7209 15.0407 14.6525 12.872 12.2782 11.9747 11.8782 11.766
threshold=64.362088888226126 0.83825814385631403 104.40985733240311 10.601985700348044 0.93226885336637044 0.062962770721296205 0.75830592249956952 0.13939633314391517 0.88099384261571212 4.4580808921708046 0.69650653005486451 1.5000000000000002 0.93416466385243069 3.7021218183755802
decision_type=2 2 2 2 2 2 2 2 2 2 2 2 2 2
left_child=1 5 3 12 9 6 -1 11 -6 -5 -8 -4 -3 -12
right_child=-2 2 7 4 8 -7 10 -9 -10 -11 13 -13 -14 -15
leaf_value=-0.047945961552186674 -0.045781227655242188 0.13661509793441107 -0.02042502296714245 0.1585977518412007 8.7179567992618827e-05 -0.032358146702263661 -0.036479235793305941 -0.053052563208469329 0.16425508924628193 0.013376768130951424 -0.0049109083472956639 0.034416176945935698 0.023154870063913983 0.079582851603648502
leaf_weight=24.832988832145929 132.64178350940347 21.27283833920956 35.280860930681229 4.0900321006774893 4.8969820328056839 123.54448911175132 11.458058811724184 21.581050030887127 12.020592775195835 86.958829268813133 14.845894582569597 91.746876761317253 8.1745706871151906 36.432310730218887
leaf_count=386 2508 143 413 41 48 1861 201 334 80 887 165 985 54 394
internal_value=-0.00107664 0.0108511 0.0285791 0.050084 0.0350736 -0.0131674 0.0139074 0.0086942 0.116735 0.0199003 0.0383909 0.0191845 0.105119 0.0551205
internal_weight=629.778 497.136 286.023 137.414 107.966 211.114 87.5693 148.609 16.9176 91.0489 62.7363 127.028 29.4474 51.2782
internal_count=8500 5992 2985 1253 1056 3007 1146 1732 128 928 760 1398 197 559
is_linear=0
shrinkage=0.08


Tree=12
num_leaves=15
num_cat=0
split_feature=16 7 1 0 3 7 7 0 3 0 1 4 16 6
split_gain=45.9215 26.9241 19.3463 19.8678 17.1565 13.8795 13.2726 12.9308 12.5312 13.1772 12.3898 14.7615 11.872 11.6485
threshold=20.684880980312368 0.33092834425008383 0.76143468469620224 0.73857264555257141 0.089206668605144382 0.75647069387302623 0.10776883061188601 0.67727848401629209 0.14820381787584391 0.88209150969945294 0.83831148706086112 110.41823389868689 75.831244591319589 1.5000000000000002
decision_type=2 2 2 2 2 2 2 2 2 2 2 2 2 2
left_child=6 8 -3 -4 5 12 -1 -8 9 10 -2 -12 -5 -9
right_child=1 2 3 4 -6 -7 7 13 -10 -11 11 -13 -14 -15
leaf_value=0.26583509634764091 -0.027913312636264443 -0.060597376765243634 -0.072381595843176758 0.043859238250315763 -0.03749326769652226 -0.028345479498621741 -0.048209332223508941 0.0030553920886447479 -0.053801898524460441 0.058756472807915919 0.096899032342738722 -0.011063610985691807 -0.05121041536355584 0.047598151865954855
leaf_weight=1.5280327945947636 38.650224674493074 87.122229188680649 33.572792313992977 68.920733392238617 66.879442647099495 34.947639428079128 12.917126111686228 53.0166927985847 15.051925405859945 43.113781146705151 15.128091536462305 17.459445614367723 9.5743979699909669 129.00420523062348
leaf_count=12 564 1605 706 794 1151 504 221 500 263 456 169 230 188 1137
internal_value=-0.00107192 -0.0157004 -0.0288192 -0.0158755 -0.00535505 0.0135918 0.0309765 0.0291355 0.0148162 0.0238483 0.00272155 0.0390558 0.0322632 0.0346243
internal_weight=626.887 430.421 301.017 213.895 180.322 113.443 196.466 194.938 129.403 114.352 71.2378 32.5875 78.4951 182.021
internal_count=8500 6630 4948 3343 2637 1486 1870 1858 1682 1419 963 399 982 1637
is_linear=0
shrinkage=0.08


Tree=13
num_leaves=15
num_cat=0
split_feature=16 7 0 1 6 1 4 1 18 16 10 2 18 1
split_gain=42.6212 26.4393 21.4344 15.5108 14.3315 12.9848 12.0397 14.5004 18.1133 11.2453 14.4181 12.9871 15.2646 12.6712
threshold=64.362088888226126 0.31564420253533648 0.83734467145539948 0.59678016064902384 1.5000000000000002 0.97361368902328993 157.01114009583844 0.95392265371829177 30.294335729427385 11.291801242075012 6.4404258774043699 0.57044948713007804 3.2082816289620752 0.70152715359545847
decision_type=2 2 2 2 2 2 2 2 2 2 2 2 2 2
left_child=1 3 -3 -1 5 -4 7 -5 -9 10 -6 -11 -13 -14
right_child=-2 2 4 6 9 -7 -8 8 -10 11 -12 12 13 -15
leaf_value=-0.069628565702262529 -0.042952004832610115 -0.02502008472529775 -0.027317737047627549 0.051002597695193802 0.039909528587370048 0.16058244610471217 0.002699652687012073 0.089102502027468833 0.38867600359822663 0.10699407718774653 0.1651030130159945 0.16912436130828493 -0.06565275145240887 0.013905840304739793
leaf_weight=7.9842488057911387 124.48978040739894 151.7470303401351 55.197283837944269 94.687317222356796 25.662907153367996 2.4585982859134665 32.353370748460293 4.4026580117642871 1.8280766941606996 9.2166175767779333 7.6401626318693152 3.6353693902492514 14.994442999362944 88.034524936228991
leaf_count=103 2508 2312 654 855 204 23 368 35 19 104 61 38 227 989
internal_value=-0.00106836 0.0093631 -0.00218483 0.0386783 0.0145681 -0.0193052 0.0451669 0.0587815 0.176996 0.0276593 0.0686306 0.0158846 0.00801202 0.00232719
internal_weight=624.332 499.843 358.587 141.256 206.84 57.6559 133.271 100.918 6.23073 149.184 33.3031 115.881 106.664 103.029
internal_count=8500 5992 4612 1380 2300 677 1277 909 54 1623 265 1358 1254 1216
is_linear=0
shrinkage=0.08


Tree=14
num_leaves=15
num_cat=0
split_feature=16 7 4 11 3 3 6 1 0 1 4 3 12 0
split_gain=37.2202 24.4674 20.8882 14.4642 13.3396 12.0332 12.4561 11.2645 12.8986 11.2361 10.2183 9.51613 9.28858 8.96633
threshold=64.362088888226126 0.74723189252633004 104.40985733240311 513.51159769584501 0.16887623098474372 0.11149178548834059 1.0000000180025095e-35 0.96923750705959388 0.72755537817650662 0.76143468469620224 55.436903093855854 0.050060265754519988 1.0000000180025095e-35 0.83825814385631403
decision_type=2 2 2 2 2 2 2 2 2 2 2 2 2 2
left_child=1 2 4 -4 7 6 -5 8 -1 -8 -2 -12 -10 -3
right_child=10 13 3 5 -6 -7 9 -9 12 -11 11 -13 -14 -15
leaf_value=-0.029314766373191282 0.0073892308526658113 -0.050215672336749478 0.19020748594227374 -0.079679056201999873 -0.035391836283766548 -0.037435966105059233 -0.023047193294500053 0.14538944938028692 0.052160381285977823 0.027696944420357875 -0.015923058047492122 -0.069554221813674447 -0.028822013997178157 -0.0045491033798263055
leaf_weight=15.73362737521529 22.554677288979292 48.835228275507689 2.5357523038983336 9.5723241418600065 14.828670505434273 47.161296129226685 37.706612378358841 6.699683502316474 138.62294777482748 107.67485643923283 31.152254119515419 66.106980416923761 9.698788680136202 63.034095458686352
leaf_count=289 450 824 30 133 199 771 520 53 1209 1072 586 1472 97 795
internal_value=-0.00106127 0.00849899 0.0179544 0.0003289 0.0373907 -0.00205333 0.00871563 0.0437113 0.039559 0.0145358 -0.0411254 -0.0523761 0.0468649 -0.0244843
internal_weight=621.918 502.104 390.235 204.651 185.584 202.115 154.954 170.755 164.055 145.381 119.814 97.2592 148.322 111.869
internal_count=8500 5992 4373 2526 1847 2496 1725 1648 1595 1592 2508 2058 1306 1619
is_linear=0
shrinkage=0.08


Tree=15
num_leaves=15
num_cat=0
split_feature=16 0 1 3 7 7 16 16 0 11 4 1 7 11
split_gain=33.4235 19.1834 20.0798 17.3337 14.5149 13.0819 11.6725 10.6417 12.3385 11.3604 10.0344 10.7926 9.40451 9.38323
threshold=32.848131150999968 0.74579549546305623 0.76143468469620224 0.079693100466572853 0.31564420253533648 0.7130228692525401 76.185031415827282 7.8990892954603913 0.8732620208817351 3740.202663475307 158.32081866823492 0.94887636795439112 0.2839123517039237 8624.8946858110266
decision_type=2 2 2 2 2 2 2 2 2 2 2 2 2 2
left_child=4 -2 -3 5 10 6 -4 -6 -9 -10 11 12 13 -1
right_child=1 2 3 -5 7 -7 -8 8 9 -11 -12 -13 -14 -15
leaf_value=0.028483703619889625 -0.063157767528853589 -0.0471267109128908 0.054496779302602251 -0.02500936333230809 0.03737407792366626 -0.023050395777116903 -0.028870374152998909 -0.023677202259900998 -0.017877714136487043 0.045320009160973278 -0.0065516852131495594 0.15972313361544979 0.12189157051971408 0.17884311181938212
leaf_weight=52.258231677114964 53.58926984667778 69.765395756810904 65.997159533202648 79.741526536643505 53.742379907518625 27.630742862820625 12.839800644665955 89.739091139286757 30.26337831094861 45.684448629617691 19.307859074324369 6.1564369872212401 9.6110741235315782 2.7985090389847747
leaf_count=380 1224 1376 729 1456 514 442 247 1148 264 400 187 39 75 19
internal_value=-0.00104521 -0.0196329 -0.0105208 0.00319403 0.0175426 0.0243176 0.0409192 0.00644026 -0.00359347 0.0201372 0.0445717 0.0585087 0.048873 0.0361264
internal_weight=619.125 309.564 255.975 186.209 309.561 106.468 78.837 219.429 165.687 75.9478 90.1321 70.8243 64.6678 55.0567
internal_count=8500 5474 4250 2874 3026 1418 976 2326 1812 664 700 513 474 399
is_linear=0
shrinkage=0.08


Tree=16
num_leaves=15
num_cat=0
split_feature=16 0 3 7 6 4 1 11 5 10 2 7 2 0
split_gain=29.3891 20.1393 16.8003 12.8585 14.2491 9.64411 11.0343 9.63219 8.91731 15.7238 9.84508 14.2086 9.08048 10.4664
threshold=64.362088888226126 0.72755537817650662 0.11609231996133788 0.74356055755781825 1.0000000180025095e-35 84.398455337916474 0.97361368902328993 8780.8275216943202 4.2346491674273077 1.9532667881507224 0.91052770700967434 0.26446582760761184 0.67877642200843169 0.90222016405118299
decision_type=2 2 2 2 2 2 2 2 2 2 2 2 2 2
left_child=1 -1 3 4 -3 6 -2 -5 10 -10 -6 -12 13 -11
right_child=5 2 -4 7 8 -7 -8 -9 9 12 11 -13 -14 -15
leaf_value=-0.037395290038336776 -0.013472367204029652 -0.045419608027629864 -0.017824099031198217 -0.013934097156741083 0.011551227651194531 -0.054895184777215673 0.22459731766220883 0.15204330841595809 0.12222371706926526 0.045334764087989372 0.15869461937667936 0.026614543539574514 0.025866162136837262 0.17431485008171868
leaf_weight=57.366692651063204 37.084401182830334 15.716093380004166 90.480006720870733 72.142005540430546 128.68198250606656 74.002851773053408 1.2893153205513943 2.3093591481447211 16.498624581843615 11.921515055000784 7.4876882620155838 17.155751798301935 78.03158301115036 6.0801692493259898
leaf_count=1160 783 187 1329 936 1155 1702 23 28 129 118 52 157 692 49
internal_value=-0.00102528 0.00722527 0.0129581 0.0207811 0.0285989 -0.0380189 -0.00547348 -0.00878575 0.0329745 0.0500767 0.0204225 0.0667459 0.0376817 0.0888985
internal_weight=616.248 503.871 446.505 356.025 281.573 112.377 38.3737 74.4514 265.857 112.532 153.325 24.6434 96.0333 18.0017
internal_count=8500 5992 4832 3503 2539 2508 806 964 2352 988 1364 209 859 167
is_linear=0
shrinkage=0.08


Tree=17
num_leaves=15
num_cat=0
split_feature=16 4 0 7 1 7 7 5 7 3 1 16 2 1
split_gain=27.1041 19.4173 14.8981 13.4252 13.1217 9.87832 11.8062 9.29955 11.9042 9.26379 8.66623 10.2292 12.4831 12.156
threshold=20.684880980312368 84.398455337916474 0.77405167256842289 0.33092834425008383 0.77962796443872062 0.72148055848846282 0.70183138920630206 3.5047833110549003 0.20428333533813184 0.15296132364759221 0.91856344632812836 46.548437447055292 0.92870136410978887 0.9402436016555239
decision_type=2 2 2 2 2 2 2 2 2 2 2 2 2 2
left_child=7 4 -3 9 -2 6 -6 -1 -9 -4 -5 12 13 -12
right_child=1 2 3 10 5 -7 -8 8 -10 -11 11 -13 -14 -15
leaf_value=-0.014820152278183781 -0.02493284890875758 -0.060724220907747137 0.02403289317150141 -0.039268001584162396 0.035463485434965525 -0.016547374642755096 0.22005646809110085 0.083625800903021394 0.022032788188546499 -0.08477534708784612 0.13397389803792101 -0.033660802056107955 0.26132641588233396 -0.047009225951879147
leaf_weight=35.004525553435087 46.301163621246815 60.713806860148907 58.563259586691856 111.32814387977123 73.114803526550531 25.488559857010841 2.2868395298719397 23.265556015074253 146.7831547036767 5.476035773754119 4.2300257533788699 13.850922551006077 1.8096474595367897 5.4166160933673382
leaf_count=328 802 1377 674 1970 861 413 31 155 1387 113 46 265 18 60
internal_value=-0.00100327 -0.0129143 -0.0260014 -0.015496 0.0103264 0.0265077 0.041062 0.0227301 0.0304598 0.0147286 -0.029662 0.0125955 0.0685205 0.0323514
internal_weight=613.633 408.58 261.388 200.675 147.191 100.89 75.4016 205.053 170.049 64.0393 136.635 25.3072 11.4563 9.64664
internal_count=8500 6630 4523 3146 2107 1305 892 1870 1542 787 2359 389 124 106
is_linear=0
shrinkage=0.08


Tree=18
num_leaves=15
num_cat=0
split_feature=16 3 1 0 7 4 7 0 0 2 11 3 16 2
split_gain=24.8345 20.0486 21.3152 15.3974 11.9701 13.2808 11.4449 9.57059 15.8801 10.0171 16.7774 8.41078 7.61714 12.6299
threshold=76.185031415827282 0.073310569960095953 0.76434372277568097 0.81361331926421498 0.16942909758749292 137.18845740224444 0.82650818461353825 0.97302915055416339 0.97921550519789002 0.48449134079705158 5128.1336743219708 0.070712171063945436 73.656849357708126 0.8710658045678813
decision_type=2 2 2 2 2 2 2 2 2 2 2 2 2 2
left_child=1 2 -1 -3 -5 -6 7 9 -9 10 -4 12 -11 -14
right_child=-2 3 6 4 5 -7 -8 8 -10 11 -12 -13 13 -15
leaf_value=-0.017758224602518937 -0.051401525844233319 -0.040017818391632182 -0.025080005880693895 0.067472719949550994 0.012038743096378106 -0.036926066846652887 -0.017078725534041241 0.23993836856408735 0.012442595191134 0.024787105583761421 0.26412567891036015 0.10950216239777472 0.045083876587067591 0.37847098439307258
leaf_weight=77.607925737276673 56.725309247151017 85.170750137418509 2.2100654300302258 16.005030155181885 100.77806976437569 54.690522588789463 27.703769214451313 3.8662909790873519 3.990690041333437 167.59162992984056 3.0630463175475597 8.3379030562937242 2.4406381063163276 1.0359323564916847
leaf_count=1116 1386 1604 23 157 1207 845 383 26 28 1564 26 73 42 20
internal_value=-0.000984331 0.00417342 0.018294 -0.0122142 0.0015958 -0.00518603 0.0309981 0.0379158 0.12439 0.0342368 0.142914 0.0310426 0.0272185 0.144425
internal_weight=611.218 554.492 297.848 256.644 171.474 155.469 220.24 192.536 7.85698 184.679 5.27311 179.406 171.068 3.47657
internal_count=8500 7114 3301 3813 2209 2052 2185 1802 54 1748 49 1699 1626 62
is_linear=0
shrinkage=0.08


Tree=19
num_leaves=15
num_cat=0
split_feature=16 0 3 7 4 1 4 1 16 7 1 0 4 0
split_gain=22.3382 19.2278 18.5722 13.2174 12.2269 12.0319 10.2251 10.2097 11.1517 9.7125 9.26959 9.61127 8.7946 12.5028
threshold=28.383341030165237 0.7364768296403944 0.086890268832708964 0.7188634646077684 96.279972850591193 0.6523831425785549 59.823351139374218 0.82519545971619479 10.601985700348044 0.24652885874479935 0.8625183312660919 0.85380262599989132 107.82320912448306 0.86552157645959016
decision_type=2 2 2 2 2 2 2 2 2 2 2 2 2 2
left_child=5 -2 3 4 -3 -1 7 8 -7 -8 -4 -12 13 -13
right_child=1 2 10 -5 -6 6 9 -9 -10 -11 11 12 -14 -15
leaf_value=-0.035743482887485814 -0.062793856432863365 0.047018459388959551 -0.054329157387027024 -0.030793305674534557 -0.00043553757074784558 0.078799683595289952 0.047389402418294257 0.077558638554701548 -0.030166259195807538 0.0026839572764963378 -0.050330010103720471 0.29184658817942649 -0.024213485907161925 0.043744433021796647
leaf_weight=26.043906845152378 46.114452991634607 60.536144116893411 60.893810963258147 43.109244372695684 81.578320125117898 9.6934896297752875 39.428757824003696 35.538957875221968 15.822250436991451 147.27657902613282 17.939572017639875 1.4620975814759756 11.615390751510857 11.721522592008112
leaf_count=317 1203 696 1364 780 1133 77 285 247 145 1513 340 21 222 157
internal_value=-0.00096851 -0.0148234 -0.00716512 0.00800821 0.0197783 0.0159815 0.0214187 0.0498389 0.0112302 0.0121249 -0.0342846 -0.00572523 0.0265418 0.0712596
internal_weight=608.774 334.971 288.856 185.224 142.114 273.804 247.76 61.0547 25.5157 186.705 103.632 42.7386 24.799 13.1836
internal_count=8500 5916 4713 2609 1829 2584 2267 469 222 1798 2104 740 400 178
is_linear=0
shrinkage=0.08


Tree=20
num_leaves=15
num_cat=0
split_feature=16 6 7 7 4 1 0 16 16 5 3 2 4 5
split_gain=21.0226 16.7529 15.8904 15.3121 12.2773 10.1797 9.58458 8.69179 7.6997 8.55303 7.6743 10.2794 13.3712 8.35049
threshold=76.185031415827282 1.5000000000000002 0.18206911794995423 0.75647069387302623 104.40985733240311 0.74226478364080661 0.77405167256842289 3.684048722810719 12.711267428393393 4.7647036744549514 0.073310569960095953 0.92211660722716904 45.529056497787003 4.5374834208369341
decision_type=2 2 2 2 2 2 2 2 2 2 2 2 2 2
left_child=1 2 -1 4 7 -4 -6 -3 9 -7 11 13 -13 -9
right_child=-2 3 5 -5 6 8 -8 10 -10 -11 -12 12 -14 -15
leaf_value=0.048137832985527158 -0.04901080300020632 0.11477569935567494 -0.070330460300906908 -0.019565175413398177 -0.035691467822314187 0.0031556332436141975 0.014023028102656699 0.021113225374361898 -0.029110502364538854 0.13934751391617833 0.010615414665309844 0.25902524617693229 0.064401743452885227 0.084087057997607267
leaf_weight=19.877887547016144 53.141383372247219 8.4991185255348665 29.157060362398624 77.428237605839968 30.493065595626831 22.146539788693193 133.38464719429612 55.300515769049525 80.380004614591599 3.4049261771142474 63.663476686924696 3.1320278942584983 8.1072584353387338 17.818595364689827
leaf_count=196 1386 51 525 1283 618 203 1515 501 1168 32 797 21 59 145
internal_value=-0.00095059 0.00366956 -0.0186447 0.0123617 0.0200772 -0.0284715 0.00477255 0.0361012 -0.0169501 0.0213042 0.0315838 0.0474082 0.118637 0.0364595
internal_weight=605.935 552.793 154.966 397.827 320.399 135.089 163.878 156.521 105.931 25.5515 148.022 84.3584 11.2393 73.1191
internal_count=8500 7114 2124 4990 3707 1928 2133 1574 1403 235 1523 726 80 646
is_linear=0
shrinkage=0.08


Tree=21
num_leaves=15
num_cat=0
split_feature=16 3 1 4 12 0 7 3 7 5 0 7 1 2
split_gain=18.6053 16.1164 13.0433 13.1559 12.5427 11.4816 10.3543 9.48942 13.4037 9.48246 9.63901 9.09449 11.315 8.96596
threshold=76.185031415827282 0.14693277068442304 0.7216183512350004 137.18845740224444 1.0000000180025095e-35 0.82735081971870639 0.80552681339254051 0.073310569960095953 0.14758696094327828 3.997342135410737 0.64286487212569032 0.33092834425008383 0.59678016064902384 0.7421624392871965
decision_type=2 2 2 2 2 2 2 2 2 2 2 2 2 2
left_child=1 2 5 4 9 -1 7 -5 -9 13 -11 12 -7 -4
right_child=-2 -3 3 6 -6 11 -8 8 -10 10 -12 -13 -14 -15
leaf_value=-0.057942056431742633 -0.047249715597606816 -0.034186918430114475 -0.019556812318482379 0.020479654919499501 -0.042160134426487576 -0.059831407595185605 -0.058127906951460508 0.12245523868286269 -0.038719039914202946 -0.067979175248197479 0.048241250950963654 -0.022697871157972404 0.078706498639402697 0.028889481596777206
leaf_weight=31.940262254327536 50.809697868302464 64.675254289060831 37.25926368124783 78.124907830730081 16.564313286915421 4.9985894672572639 20.211242746561766 3.5911338888108721 41.055749660357833 4.7356576323509207 128.37290723621845 34.373061463236809 15.389991566538809 71.108485393226147
leaf_count=650 1386 1163 399 844 197 57 368 40 638 103 1231 535 136 753
internal_value=-0.000923391 0.00333769 0.00831368 0.0143968 0.0251829 -0.0198226 -0.0050688 0.00366603 -0.0257551 0.0298023 0.0441064 0.00241089 0.0447417 0.0122326
internal_weight=603.211 552.401 487.726 401.024 258.041 86.7019 142.983 122.772 44.6469 241.476 133.109 54.7616 20.3886 108.368
internal_count=8500 7114 5951 4573 2683 1378 1890 1522 678 2486 1334 728 193 1152
is_linear=0
shrinkage=0.08


Tree=22
num_leaves=15
num_cat=0
split_feature=6 0 4 7 8 16 1 7 18 16 7 15 10 2
split_gain=17.6342 15.9903 14.2797 13.9589 12.583 10.8256 10.0683 9.52538 9.33606 9.23838 8.39017 8.42274 8.13587 11.1809
threshold=1.5000000000000002 0.85052260580294459 80.113942370105988 0.15657755743369337 5.5000000000000009 63.615892761689075 0.74226478364080661 0.74723189252633004 29.984370109197624 53.588869677700266 0.7188634646077684 1.0000000180025095e-35 4.2830819792537662 0.8621836497704185
decision_type=2 2 2 2 2 2 2 2 2 2 2 2 2 2
left_child=3 2 4 -1 8 6 -5 9 -2 -4 -3 -12 -10 -14
right_child=1 10 7 5 -6 -7 -8 -9 12 -11 11 -13 13 -15
leaf_value=0.044054454474586308 0.023188596198082934 0.029168553095698237 0.00070044874776672614 -0.067023158702142926 0.00051269668570821621 -0.077531625980024443 -0.0096069482598706533 -0.06914878771064055 0.059651152617028497 -0.054427591863781564 -0.038275621817049431 0.024830801922845425 0.11225262398469146 0.38385673383815566
leaf_weight=17.756802322342992 8.3812928479164857 188.83474037982523 70.621255768463016 24.386681471019983 51.277642954140902 26.327729711309075 98.47884764149785 25.803628655150533 3.6980594024062148 26.85234691016376 26.927858153358102 27.217188194394112 2.3527769632637501 1.650515843182802
leaf_count=178 123 1901 969 447 747 706 1213 595 49 706 411 406 34 15
internal_value=-0.000905427 0.00760059 -0.00974326 -0.022998 0.0198767 -0.0309785 -0.0210031 -0.025928 0.0816166 -0.0144864 0.0212083 -0.0065538 0.145203 0.224232
internal_weight=600.567 433.617 190.638 166.95 67.3603 149.193 122.866 123.277 16.0826 97.4736 242.98 54.145 7.70135 4.00329
internal_count=8500 5956 3238 2544 968 2366 1660 2270 221 1675 2718 817 98 49
is_linear=0
shrinkage=0.08


Tree=23
num_leaves=15
num_cat=0
split_feature=16 1 7 10 8 0 2 5 4 3 1 18 1 11
split_gain=16.7531 16.8734 13.8352 11.7452 10.9232 10.9167 10.5956 9.62641 8.98903 8.78521 12.9797 12.3369 10.5647 11.5391
threshold=11.291801242075012 0.93226885336637044 0.5476701529275908 7.0956012762863834 3.5000000000000004 0.86272365434464404 0.88201053545478469 4.5374834208369341 87.508371438996519 0.062962770721296205 0.87955470997851026 10.796962017405955 0.79970545926753023 3066.2929639560812
decision_type=2 2 2 2 2 2 2 2 2 2 2 2 2 2
left_child=9 2 -2 4 7 -6 -7 8 -3 10 11 -1 13 -13
right_child=1 3 -4 -5 5 6 -8 -9 -10 -11 -12 12 -14 -15
leaf_value=-0.016364780276749077 -0.0011197656469063959 0.12729657967841923 -0.030794729842522128 0.10910238920321851 -0.036895330949570149 0.0020280074595773819 0.10765040753190461 0.22194849794679569 -0.060366146208752414 0.0066268284602185737 -0.0076554543748284286 0.17386194836960933 0.15603248324633448 0.015376113046292368
leaf_weight=6.9706115126609793 238.71637472324073 3.6414409931749088 173.72772724553943 9.9264044035226089 25.11539663746953 19.024923870339993 8.9323358442634326 2.7195493075996637 2.962602199986577 62.493524588644505 16.281687203794718 3.9974976107478168 12.817329064011572 11.115987580269573
leaf_count=52 3319 34 3290 117 391 198 83 28 54 615 106 33 84 96
internal_value=-0.000887513 -0.00736931 -0.0136193 0.0282734 0.0154146 0.00138511 0.0357743 0.0952746 0.0431103 0.0267537 0.0513282 0.0788444 0.102605 0.0572954
internal_weight=598.443 484.767 412.444 72.3227 62.3962 53.0727 27.9573 9.32359 6.60404 113.677 51.1831 34.9014 27.9308 15.1135
internal_count=8500 7514 6609 905 788 672 281 116 88 986 371 265 213 129
is_linear=0
shrinkage=0.08


Tree=24
num_leaves=15
num_cat=0
split_feature=6 4 0 7 16 0 1 16 10 4 10 7 8 4
split_gain=15.2568 13.2926 13.5205 12.0211 8.93268 8.71957 8.20171 7.59139 8.48728 6.92163 6.8218 10.2479 8.39029 6.81345
threshold=1.5000000000000002 107.82320912448306 0.86452847204096106 0.18564086092859275 63.615892761689075 0.64286487212569032 0.74226478364080661 53.588869677700266 1.1612902670870366 106.73178434647501 7.2107618886207829 0.58737930114583858 9.5000000000000018 57.662495353871158
decision_type=2 2 2 2 2 2 2 2 2 2 2 2 2 2
left_child=3 5 7 -1 6 -2 -5 8 -3 -7 -10 -12 -13 -8
right_child=1 2 -4 4 -6 9 13 -9 10 -11 11 12 -14 -15
leaf_value=0.031227325199634663 -0.057224693469986175 0.17249719913008027 0.012342205334867237 -0.065015210427326262 -0.07626429570898316 0.022581457708300518 0.028451691681725066 -0.063541947966429785 -0.027554836423506243 0.18418377735648039 -0.019415107637782578 0.3082612816511196 0.046922812989495223 -0.022932759419568318
leaf_weight=23.49693357758224 8.8357400037348253 1.5168477911502112 108.29138041473925 22.526971496641636 22.934526957571507 211.58780085109174 21.358751652762294 28.178485497832298 64.608978129923344 1.7099725734442461 5.3084301687777025 1.4048798196017744 1.7854407057166097 72.827587252482772
leaf_count=241 211 24 1332 440 678 2415 214 833 1001 21 68 19 32 971
internal_value=-0.000861722 0.00699048 -0.00738444 -0.0217131 -0.0306208 0.020651 -0.0216517 -0.0281642 -0.0148055 0.023877 -0.0186917 0.0486877 0.162005 -0.0112802
internal_weight=596.373 433.228 211.094 163.145 139.648 222.134 116.713 102.803 74.6246 213.298 73.1077 8.49875 3.19032 94.1863
internal_count=8500 5956 3309 2544 2303 2647 1625 1977 1144 2436 1120 119 51 1185
is_linear=0
shrinkage=0.08


Tree=25
num_leaves=15
num_cat=0
split_feature=16 3 12 4 1 0 16 13 16 1 0 8 18 5
split_gain=14.0623 13.3966 10.7364 10.3357 9.84784 9.12746 8.85704 8.32705 8.83192 10.4782 9.44631 8.77454 9.0097 7.83447
threshold=76.185031415827282 0.14693277068442304 1.0000000180025095e-35 157.01114009583844 0.97129465203655296 0.65909207190995345 6.320053302453565 1.5000000000000002 13.041344142616513 0.81578964251031649 0.93533926436581372 2.5000000000000004 24.574411243371511 4.4674137884797807
decision_type=2 2 2 2 2 2 2 2 2 2 2 2 2 2
left_child=1 2 3 4 5 -1 -4 8 10 -10 -7 12 -11 -14
right_child=-2 -3 6 -5 -6 7 -8 -9 9 11 -12 -13 13 -15
leaf_value=-0.04905656639198757 -0.043291329513045797 -0.032208241996542368 0.08671057524609839 -0.010445407324352691 0.093195568389124794 0.061131211473613195 -0.051233942565255854 -0.01431877639017474 -0.0070894913569332155 0.029936120557327514 -0.022928821861972214 0.022080246689830774 0.092592086463765558 0.2773711791964224
leaf_weight=13.672314617782829 46.074893340468407 62.284183174371719 3.3168746866285792 114.11952333897352 10.622891571372746 56.259261589497328 29.237440148368478 44.599065156653523 83.269630786031485 7.3773460257798416 10.090381089597939 107.30896203964949 4.0261304695159197 2.31174336373806
leaf_count=334 1386 1163 26 1664 89 401 428 501 1203 69 62 1111 41 22
internal_value=-0.000842011 0.00272383 0.00719866 0.0103832 0.0173837 0.0149353 -0.0371791 0.0177106 0.0229887 0.0147529 0.0483475 0.0297813 0.0900349 0.15999
internal_weight=594.571 548.496 486.212 453.657 339.538 328.915 32.5543 315.243 270.643 204.294 66.3496 121.024 13.7152 6.33787
internal_count=8500 7114 5951 5497 3833 3744 454 3410 2909 2446 463 1243 132 63
is_linear=0
shrinkage=0.08


Tree=26
num_leaves=15
num_cat=0
split_feature=6 0 4 16 18 7 11 1 11 15 3 3 1 16
split_gain=13.1115 11.0522 10.468 10.2487 9.83279 9.51105 7.56846 10.0312 8.48278 8.25777 7.49424 9.39444 7.40811 6.9333
threshold=1.5000000000000002 0.85052260580294459 101.1726467902311 63.615892761689075 5.5727865113994994 0.18564086092859275 1220.5884121675133 0.92223689308876555 2066.2074356491771 1.0000000180025095e-35 0.074629835791435409 0.068417975675163945 0.74226478364080661 53.588869677700266
decision_type=2 2 2 2 2 2 2 2 2 2 2 2 2 2
left_child=3 2 4 5 -2 -1 7 9 -8 -6 11 -10 -7 -4
right_child=1 -3 13 -5 6 12 8 -9 10 -11 -12 -13 -14 -15
leaf_value=0.039621049673261938 -0.087424158673555435 0.017487897475294382 -0.014182657896237625 -0.067436553734529975 0.159101822041187 -0.063279743154660867 -0.063913349562507035 0.25817194045861164 0.03033273729617595 -0.043274469025917021 -0.0098726608121767895 0.1641975093772263 -0.010835908741443006 -0.063645207575477938
leaf_weight=19.730775088071823 6.0891299638897172 247.10735699534416 69.120817717164755 25.031419707462192 2.2108238395303479 21.141027381643653 8.6926741171628219 1.8299677129834888 35.878620686009526 3.0994786284863949 30.588808691129088 3.7013289500027886 93.384364454075694 24.589188300073147
leaf_count=163 111 2718 1103 756 34 440 127 21 427 45 526 45 1185 799
internal_value=-0.000816778 0.00640387 -0.00833742 -0.0204409 0.0108176 -0.0116788 0.0177734 0.096644 0.0106323 0.0409803 0.0198671 0.0428511 -0.0205169 -0.0271615
internal_weight=592.196 432.908 185.801 159.288 92.0908 134.256 86.0017 7.14027 78.8614 5.3103 70.1688 39.5799 114.525 93.71
internal_count=8500 5956 3238 2544 1336 1788 1225 100 1125 79 998 472 1625 1902
is_linear=0
shrinkage=0.08


Tree=27
num_leaves=15
num_cat=0
split_feature=3 16 1 3 6 13 5 10 0 1 7 7 11 3
split_gain=11.9787 11.5768 10.8305 8.60642 8.44283 9.10242 10.6902 11.5407 8.21556 7.87381 7.51731 13.4418 7.78897 7.35931
threshold=0.073310569960095953 61.942219771521131 0.76434372277568097 0.07170135223027925 1.0000000180025095e-35 1.0000000180025095e-35 4.4823616559308128 2.0706898762708112 0.82735081971870639 0.98114072623949067 0.63546606881563561 0.27672610239594453 4710.4045834469061 0.032935237271617651
decision_type=2 2 2 2 2 2 2 2 2 2 2 2 2 2
left_child=2 8 -1 4 -4 9 -7 -8 -2 -6 11 12 -9 -12
right_child=1 -3 3 -5 5 6 7 10 -10 -11 13 -13 -14 -15
leaf_value=-0.015806188832510282 -0.026889608881516203 -0.049376757143293502 -0.044793086485374445 0.10848489718606842 0.030522754669560302 -0.016000246523333719 0.15435511087335047 -0.011863338460984828 0.0057396861224953098 0.16892687978764712 0.19821437052407209 -0.070643235033607144 0.16776182695643793 0.032370553080690735
leaf_weight=81.41526822373271 75.871454510837793 47.160288896411657 14.036105029284952 6.5306265801191321 122.48268767632544 69.672201778739691 4.8517032824456718 3.0272849872708383 141.47123225778341 2.6884151361882678 2.430956179276107 9.8637248668819648 3.1553269531577826 5.7938528135418892
leaf_count=1351 1445 1469 208 65 1272 727 43 23 1642 27 30 97 24 77
internal_value=-0.000797855 -0.013447 0.00946679 0.0178812 0.0153951 0.0191671 0.00101359 0.0417167 -0.00565077 0.0334954 0.0192008 -0.0126743 0.0798093 0.081388
internal_weight=590.451 264.503 325.948 244.533 238.002 223.966 98.7951 29.1228 217.343 125.171 24.2711 16.0463 6.18261 8.22481
internal_count=8500 4556 3944 2593 2528 2320 1021 294 3087 1299 251 144 47 107
is_linear=0
shrinkage=0.08


Tree=28
num_leaves=15
num_cat=0
split_feature=16 1 4 6 0 12 0 3 5 2 16 18 7 10
split_gain=11.4589 12.5961 13.864 11.8915 10.0458 9.34759 7.9329 9.41583 7.71637 8.53414 9.30035 11.2155 7.33088 7.4742
threshold=11.291801242075012 0.86570427685427886 47.828824089112231 1.5000000000000002 0.96756574164243248 1.0000000180025095e-35 0.7071912418844315 0.1101696764893577 3.6572926098268037 0.56435014146796669 59.837299290461296 28.500031722350933 0.21463423127702116 6.3776500188525116
decision_type=2 2 2 2 2 2 2 2 2 2 2 2 2 2
left_child=-1 3 4 -2 -3 -4 -5 8 -8 10 11 -10 13 -11
right_child=1 2 5 6 -6 -7 7 -9 9 12 -12 -13 -14 -15
leaf_value=0.021770679248559542 -0.046110449438789398 0.044707141383310063 0.0043596522972578948 -0.057592548674336053 0.22973759473340813 -0.075193033802233952 -0.025472162938550879 -0.03695053519099975 0.2584026302568454 0.084524089261326374 -0.047852032657889065 0.037920822736946802 0.0010157559170873474 -0.039189274090661058
leaf_weight=115.8774675745517 68.939428186044097 32.11863886937499 152.79833308234811 18.597337843850255 1.9945438541471947 10.076389096677302 36.313335243612528 40.589641669765115 2.9486960247158986 14.083964860066773 2.1048545707017183 2.9575957097113132 85.291282897815108 4.016841171309351
leaf_count=986 1435 320 2086 558 13 177 521 874 30 137 42 31 1249 41
internal_value=-0.000775069 -0.00630039 0.00915096 -0.0173347 0.0555256 -0.000561945 -0.0077467 -0.00282387 0.00655347 0.0169926 0.0965385 0.147996 0.0108292 0.0570702
internal_weight=588.708 472.831 196.988 275.843 34.1132 162.875 206.904 188.306 147.717 111.403 8.01115 5.90629 103.392 18.1008
internal_count=8500 7514 2596 4918 333 2263 3483 2925 2051 1530 103 61 1427 178
is_linear=0
shrinkage=0.08


Tree=29
num_leaves=15
num_cat=0
split_feature=1 7 0 16 12 1 11 5 5 0 5 4 0 4
split_gain=11.0921 11.2903 12.2602 9.51854 9.07096 8.44051 7.46754 7.06291 7.66305 7.31959 9.97109 15.5062 7.61922 7.05979
threshold=0.62151576131106978 0.31564420253533648 0.70458536599303245 47.256032913349081 1.0000000180025095e-35 0.76143468469620224 647.91272216274547 3.7569794567442112 3.7707536243904536 0.80595045979318103 3.4273102570518303 56.799154250831243 0.94896718501061816 168.41070324345637
decision_type=2 2 2 2 2 2 2 2 2 2 2 2 2 2
left_child=-1 4 -3 7 6 -5 -2 9 -9 -4 11 -11 -13 -7
right_child=1 2 3 5 -6 13 -8 8 -10 10 -12 12 -14 -15
leaf_value=-0.044945633857317126 0.12287721434928932 -0.055728121317501933 -0.062824471293170689 -0.067654084103066503 -0.050353710447218689 0.0020147425736531054 0.020864504557696683 0.16677864497580872 0.013713524136183533 0.15467557386872652 -0.027119870766987741 -0.021872227262728066 0.13113679729369579 -0.054293199621423816
leaf_weight=34.234471635892987 4.7319290880113831 28.968946136534214 15.511979686096309 20.730809258297086 11.277651449665425 63.929549522697926 155.85906654782593 2.1188054326921693 173.81386685557663 5.7286368273198631 35.363193064928055 13.665801564231517 2.4573778659105292 18.338390238583088
leaf_count=714 48 888 229 655 137 1333 1640 21 1788 39 349 163 25 471
internal_value=-0.000756947 0.00198113 -0.00570356 -0.00158263 0.019 -0.022033 0.0238704 0.00688824 0.0155569 -0.0140821 -0.000867148 0.0416181 0.0014483 -0.0105369
internal_weight=586.73 552.496 380.627 351.658 171.869 102.999 160.591 248.66 175.933 72.727 57.215 21.8518 16.1232 82.2679
internal_count=8500 7786 5961 5073 1825 2459 1688 2614 1809 805 576 227 188 1804
is_linear=0
shrinkage=0.08


Tree=30
num_leaves=15
num_cat=0
split_feature=3 4 1 16 5 12 0 0 10 11 3 11 16 16
split_gain=10.494 9.59593 10.9179 9.87263 14.5332 9.67269 8.2667 10.3738 8.08966 9.51949 7.94538 7.92184 16.475 7.89251
threshold=0.14693277068442304 169.84965610863688 0.97361368902328993 51.782703010736107 3.7569794567442112 1.0000000180025095e-35 0.76266137812025769 0.76531697964822076 2.1031081592684182 3891.1170359714065 0.01025252531567967 8593.0097431685299 24.134099808210639 6.320053302453565
decision_type=2 2 2 2 2 2 2 2 2 2 2 2 2 2
left_child=1 2 5 4 -3 6 11 -8 -4 -10 -5 -1 -13 -7
right_child=-2 3 8 10 -6 13 7 -9 9 -11 -12 12 -14 -15
leaf_value=-0.024424168152894249 -0.031211717939126901 -0.062387804994050056 0.21154406070796494 0.16960153010309439 0.017034044688522619 0.081338398861126537 0.15081310146407381 0.012778181485900634 0.14974113230446259 -0.008271024608799785 -0.068834812474850599 0.35294582599460561 -0.08351463666871474 -0.058136076154696383
leaf_weight=55.753509452566504 64.367984006181359 20.095942517742515 2.4533526208251706 0.92641581222415226 55.384243838489056 2.9391314052045372 3.5230532195419064 318.36627395264804 3.871577484533189 6.5997102595865726 25.911234239116311 1.0828079096972936 1.1322897169739006 22.280758216977119
leaf_count=1256 1386 284 19 19 682 22 41 3517 40 58 737 13 33 393
internal_value=-0.000739886 0.00302973 0.00840481 -0.0189292 -0.00411133 0.00609535 0.00928068 0.014289 0.0807868 0.0501512 -0.0606042 -0.0185294 0.129841 -0.0418817
internal_weight=584.688 520.32 418.002 102.318 75.4802 405.078 379.858 321.889 12.9246 10.4713 26.8377 57.9686 2.2151 25.2199
internal_count=8500 7114 5392 1722 966 5275 4860 3558 117 98 756 1302 46 415
is_linear=0
shrinkage=0.08


Tree=31
num_leaves=15
num_cat=0
split_feature=7 6 7 1 15 4 0 5 16 10 3 3 4 16
split_gain=9.98134 9.69822 8.27088 8.53158 7.82887 8.80004 7.56717 10.1545 8.56147 6.83851 8.528 7.47819 7.34347 7.60137
threshold=0.75647069387302623 1.5000000000000002 0.14081855118981049 0.97361368902328993 1.0000000180025095e-35 59.823351139374218 0.76266137812025769 4.6537815235006725 26.258033338861555 7.6327349880525555 0.0090929353160968968 0.008077911283213543 107.82320912448306 20.079785707741276
decision_type=2 2 2 2 2 2 2 2 2 2 2 2 2 2
left_child=1 2 -1 -4 -2 6 -6 8 -8 10 11 -3 -12 -14
right_child=4 9 3 -5 5 -7 7 -9 -10 -11 12 -13 13 -15
leaf_value=0.04712702043387812 -0.044392188183109235 0.041506096928327095 -0.026059429069623039 0.10405239943609669 -0.083700851274159827 -0.020138969360436527 0.12844951841096619 0.24814666360609583 -0.018693111698340783 -0.037507716426426384 0.023117589830729229 0.21654279390673789 0.022775938754448492 -0.014211200884730936
leaf_weight=12.280025186017154 53.446542898193002 4.5673552192747584 106.23932379111648 3.3263284508138886 2.2123723477125159 42.026269011199474 4.5103749409317953 1.8791273869574059 5.766112320125103 17.621897274628282 172.29145161435008 2.3741405420005322 55.537653412669897 98.862006578594446
leaf_count=123 1069 43 1724 40 63 887 34 22 103 224 1840 17 490 1821
internal_value=-0.000727913 0.00431611 -0.0151315 -0.0221093 -0.0224533 -0.00166108 0.0523866 0.0771551 0.0458881 0.0110622 0.0136276 0.101372 0.0117632 -0.000906904
internal_weight=582.941 473.1 121.846 109.566 109.841 56.3943 14.368 12.1556 10.2765 351.255 333.633 6.9415 326.691 154.4
internal_count=8500 6322 1887 1764 2178 1109 222 159 137 4435 4211 60 4151 2311
is_linear=0
shrinkage=0.08


Tree=32
num_leaves=15
num_cat=0
split_feature=1 16 3 6 7 11 8 10 7 5 0 3 10 10
split_gain=9.56198 8.81587 8.42086 7.59886 7.57 9.79119 8.61235 15.2512 9.9457 8.10832 6.89028 6.79092 6.35871 6.30761
threshold=0.62151576131106978 76.185031415827282 0.16887623098474372 1.0000000180025095e-35 0.78612241644400793 441.31920526884591 2.5000000000000004 1.8950606755908297 0.13099237956727441 3.997342135410737 0.63843768591438499 0.31927028517833789 1.4330247137661214 7.4078558204172014
decision_type=2 2 2 2 2 2 2 2 2 2 2 2 2 2
left_child=-1 2 3 -2 5 -5 7 -7 -9 -8 -11 -4 -6 -14
right_child=1 -3 11 4 12 6 9 8 -10 10 -12 -13 13 -15
leaf_value=-0.042762994200168915 -0.033890018544249646 -0.035804481971590682 -0.041000639095889919 0.22246327277723177 0.08880984262627846 0.1553684310981242 -0.0057484063621367956 0.17014267939296837 0.014915159918199666 -0.069520359766652093 0.022022537009479742 0.13951039175016441 -0.029190652530853636 0.052773328835105104
leaf_weight=32.653721478767693 27.051040557213128 37.197285297326744 32.992804745212197 1.4384910967200983 3.5869642272591582 6.9206919241696587 140.24395989999175 2.8526265509426585 35.720684943720698 5.412596369162201 189.38371966034174 1.3900268040597428 57.576462096534669 6.7091464828699818
leaf_count=714 456 1259 684 14 61 72 1626 23 398 147 1909 23 1008 106
internal_value=-0.000705848 0.00179804 0.00453375 0.0072905 0.00976685 0.0141414 0.0133539 0.0460146 0.0263948 0.00891906 0.0194789 -0.033703 -0.0148524 -0.0206365
internal_weight=581.13 548.477 511.279 476.896 449.845 381.973 380.534 45.494 38.5733 335.04 194.796 34.3828 67.8726 64.2856
internal_count=8500 7786 6527 5820 5364 4189 4175 493 421 3682 2056 707 1175 1114
is_linear=0
shrinkage=0.08


Tree=33
num_leaves=15
num_cat=0
split_feature=0 16 1 7 5 1 5 16 10 1 10 7 4 0
split_gain=8.6708 12.4808 10.6556 8.42931 9.11806 7.51009 7.20309 6.79484 7.1733 6.78425 6.72866 9.91874 7.23167 8.86942
threshold=0.88099384261571212 75.163636886762347 0.67524747289196341 0.82650818461353825 3.2220805090196696 0.55852065623832747 3.3276675095313668 20.684880980312368 1.1083024309259577 0.97361368902328993 3.7933460627335629 0.12759779077346642 111.23904256701685 0.86387111244065329
decision_type=2 2 2 2 2 2 2 2 2 2 2 2 2 2
left_child=1 2 -1 4 -4 -2 -6 -8 -9 -3 11 -10 13 -12
right_child=5 9 3 -5 6 -7 7 8 10 -11 12 -13 -14 -15
leaf_value=-0.049671372522053753 -0.074578758944634629 -0.07010720208814368 0.13388049476487282 -0.037067687531164621 -0.056803144439043829 0.01278177626515358 0.02511164289376628 0.12758394251300606 0.12556313238874445 0.13312947486565352 0.0458769604419118 -0.036083272587631089 -0.01659204244902376 -0.054795792169127264
leaf_weight=30.218442807905376 6.4647510536015025 25.528714458458129 3.4994002077728501 33.665799470618367 11.919920826330779 243.98873943090439 83.282869851216674 2.6113741463050237 2.5508764851838341 1.0963239334523667 36.804362285882235 51.028218781575561 40.007549218833447 6.6061188280582419
leaf_count=674 124 986 38 703 186 2714 766 32 30 26 538 848 766 69
internal_value=-0.000688038 -0.00923009 -0.0046038 0.000403516 0.00569702 0.0105268 0.0037867 0.00702696 -0.00376139 -0.0617386 -0.00626503 -0.0283874 0.00794406 0.0305568
internal_weight=579.273 328.82 302.195 271.976 238.311 250.453 234.811 222.891 139.608 26.625 136.997 53.5791 83.418 43.4105
internal_count=8500 5662 4650 3976 3273 2838 3235 3049 2283 1012 2251 878 1373 607
is_linear=0
shrinkage=0.08


Tree=34
num_leaves=15
num_cat=0
split_feature=3 12 11 4 1 11 5 3 16 0 7 3 13 8
split_gain=8.12436 8.22702 9.4256 7.97183 7.34179 7.20471 7.10139 6.71586 6.56904 6.38949 6.37138 6.15249 5.93841 5.65718
threshold=0.14693277068442304 1.0000000180025095e-35 441.31920526884591 152.10154554440763 0.97361368902328993 3891.1170359714065 4.7509219136354792 0.31927028517833789 7.1963879571428633 0.72755537817650662 0.14758696094327828 0.073310569960095953 1.0000000180025095e-35 22.500000000000004
decision_type=2 2 2 2 2 2 2 2 2 2 2 2 2 2
left_child=1 2 -1 4 9 -6 7 -2 -3 -4 12 -12 -5 -8
right_child=6 8 3 10 5 -7 13 -9 -10 -11 11 -13 -14 -15
leaf_value=0.18286688214624799 -0.045019465556007637 0.054922292806456705 -0.027164123303555943 0.0057225336280088326 0.15630628755064099 0.025019440040142948 0.012653463353239905 0.13073720493875735 -0.050771703582556817 0.011897774291409265 -0.0044836140291372398 -0.042852597747187915 0.13108166128573071 0.20540903246352538
leaf_weight=1.9034573845565308 49.950708026066422 4.3497705198824397 29.302965748123825 7.7634568866342288 4.2472659554332477 7.227500980719924 8.6269945250824076 1.4312889873981465 27.917851050384343 313.79653766285628 74.789513354189694 41.637294767424464 3.5127369686961174 1.0985514875501383
leaf_count=24 1158 32 805 81 37 60 177 22 531 3468 1140 895 41 29
internal_value=-0.000674903 0.00258888 0.0051955 0.00449427 0.0106669 0.0736139 -0.0282587 -0.0401236 -0.0365238 0.00856163 -0.0126443 -0.0182054 0.0447742 0.0344262
internal_weight=577.556 516.448 484.181 482.277 354.574 11.4748 61.1075 51.382 32.2676 343.1 127.703 116.427 11.2762 9.72555
internal_count=8500 7114 6551 6527 4370 97 1386 1180 563 4273 2157 2035 122 206
is_linear=0
shrinkage=0.08


Tree=35
num_leaves=15
num_cat=0
split_feature=16 7 0 6 1 13 16 10 5 2 10 1 10 10
split_gain=7.90252 7.52761 10.0554 8.32874 7.52193 6.93253 6.96548 7.93062 7.185 9.85988 9.50294 10.503 9.39929 12.096
threshold=81.95437940982157 0.31564420253533648 0.67727848401629209 1.5000000000000002 0.84775265149569523 1.5000000000000002 11.291801242075012 6.5028092215761211 3.6499786385626281 0.55835680544469957 4.8720966769032685 0.72815631928234714 3.9844874963569077 4.197522793794783
decision_type=2 2 2 2 2 2 2 2 2 2 2 2 2 2
left_child=1 -1 -3 4 -4 6 7 -5 -8 -10 11 -11 -13 -14
right_child=-2 2 3 5 -6 -7 8 -9 9 10 -12 12 13 -15
leaf_value=0.014787039119473986 -0.048711784749403159 -0.061970780153018781 -0.047584299629865594 0.018656531181795506 -0.0012948190255095613 -0.026940813421256704 -0.028555538611083259 0.09296946051294859 0.083627776047314667 -0.048476027942325972 -0.018637071473892701 0.019471427526449214 0.20766087990333795 0.047392907585098738
leaf_weight=177.00886057969183 21.096796005032957 18.968505192548037 42.742917345836759 39.22872618585825 47.361816148273647 37.732299562543631 37.438238760456443 12.003114391118286 10.988450319506226 10.709269808605312 60.246670380234718 45.570800270885229 4.2036565802991381 10.648628551512955
leaf_count=1807 791 662 891 308 674 562 645 90 137 239 902 603 48 141
internal_value=-0.000654294 0.00117297 -0.00520484 -0.00220445 -0.0232531 0.00485209 0.0100444 0.0360673 0.00262972 0.0108305 0.00474177 0.0245428 0.0374846 0.0927537
internal_weight=575.949 554.852 377.843 358.875 90.1047 268.77 231.038 51.2318 179.806 142.367 131.379 71.1324 60.4231 14.8523
internal_count=8500 7709 5902 5240 1565 3675 3113 398 2715 2070 1933 1031 792 189
is_linear=0
shrinkage=0.08


Tree=36
num_leaves=15
num_cat=0
split_feature=3 12 7 0 16 1 7 1 8 1 3 18 5 0
split_gain=7.06258 8.13794 7.10022 10.2533 7.70163 7.58155 6.01705 6.01574 5.76098 14.1745 9.0886 8.38337 8.00977 6.93418
threshold=0.16648774022745502 1.0000000180025095e-35 0.33092834425008383 0.67727848401629209 75.831244591319589 0.7216183512350004 0.95138694869893192 0.98114072623949067 4.5000000000000009 0.83831148706086112 0.069530971430019503 47.12879836300403 4.6349868234583234 0.93906517993631156
decision_type=2 2 2 2 2 2 2 2 2 2 2 2 2 2
left_child=1 2 8 -4 5 -5 -2 -6 9 13 12 -10 -11 -1
right_child=6 -3 3 4 7 -7 -8 -9 11 10 -12 -13 -14 -15
leaf_value=-0.029163701820884992 -0.038333575919515618 -0.036971480371927296 -0.066990267448238036 -0.027448557236715181 -0.056484048191912162 0.008946605001114348 0.16647490730497808 0.2170853863926486 0.0078377132189797714 0.0061968808629199422 0.16115908865670356 0.16901930768316742 0.17223593661023834 0.13192553341185584
leaf_weight=13.537942646071313 38.261698886752129 32.60504695866257 15.119695800356565 42.87452204618603 18.49412507284433 251.55465632677078 0.94062151201069255 0.5291582215577354 138.28803193941712 7.7415895871818083 7.7196792475879183 2.0965370237827292 2.4472183976322412 1.9574562516063441
leaf_count=169 935 597 565 877 744 2982 22 12 1405 63 72 23 17 17
internal_value=-0.000643145 0.0017587 0.00427243 -0.00264449 0.000459291 0.00364677 -0.0334194 -0.0488743 0.0173499 0.0472098 0.0956848 0.0102448 0.0460773 -0.0088141
internal_weight=574.168 534.966 502.361 328.572 313.452 294.429 39.2023 19.0233 173.788 33.4039 17.9085 140.385 10.1888 15.4954
internal_count=8500 7543 6946 5180 4615 3859 957 756 1766 338 152 1428 80 186
is_linear=0
shrinkage=0.08


Tree=37
num_leaves=15
num_cat=0
split_feature=6 16 11 12 1 7 4 10 7 16 18 7 5 7
split_gain=6.93833 8.07353 6.98152 6.84929 7.21761 6.83072 9.53301 7.30615 6.28864 5.65666 9.22607 5.32065 5.28627 5.24329
threshold=1.5000000000000002 63.615892761689075 8262.9929193603311 1.0000000180025095e-35 0.83716052906604743 0.18564086092859275 137.18845740224444 7.0956012762863834 0.7188634646077684 9.9530198794419604 34.770949321747828 0.13099237956727441 4.0474450087625629 0.61885482260656433
decision_type=2 2 2 2 2 2 2 2 2 2 2 2 2 2
left_child=1 2 3 4 9 -6 7 -7 -2 10 12 -3 -1 -9
right_child=8 11 -4 -5 5 6 -8 13 -10 -11 -12 -13 -14 -15
leaf_value=-0.081463525140960599 0.0096481009535873772 0.08945061296527175 -0.077096556815485523 -0.072971712910047282 0.081877929710756456 0.020665472605963846 -0.039349417274697228 0.23330357003694288 -0.013888453386447699 -0.036368863017445498 0.15631038617237381 -0.074243238582403101 0.044914068579640809 0.040464836243411392
leaf_weight=3.8807394206523878 333.69989391230047 1.3642997164279247 8.7606241134926659 8.3321057856082898 9.7436385750770551 30.505719749256968 17.40221686847508 1.8838886097073548 92.872669038362801 36.440451262518764 2.7361569087952367 18.544419459998608 4.6643486749380827 1.732054879888892
leaf_count=45 4152 26 141 141 61 316 265 21 1804 701 23 730 51 23
internal_value=-0.000628192 -0.0156818 -0.00820603 -0.00306183 0.00228271 0.020452 0.00883577 0.0334105 0.00452376 -0.0210439 0.0284584 -0.0630257 -0.0124801 0.140933
internal_weight=572.563 145.991 126.082 117.321 108.989 61.2675 51.5239 34.1217 426.573 47.7217 11.2812 19.9087 8.54509 3.61594
internal_count=8500 2544 1788 1647 1506 686 625 360 5956 820 119 756 96 44
is_linear=0
shrinkage=0.08


Tree=38
num_leaves=15
num_cat=0
split_feature=3 16 5 5 4 5 4 3 2 16 0 16 1 11
split_gain=6.8062 7.67066 7.47399 8.56981 8.43594 7.62123 7.1895 6.66011 7.86668 6.46836 6.13039 7.12249 8.73895 7.51549
threshold=0.073310569960095953 28.802324975306362 4.7509219136354792 4.7647036744549514 195.34121101153877 3.2220805090196696 157.01114009583844 0.07170135223027925 0.77563098777078421 49.28944487984986 0.88099384261571212 10.998895259157814 0.71618231989979764 8780.8275216943202
decision_type=2 2 2 2 2 2 2 2 2 2 2 2 2 2
left_child=7 6 5 -4 -5 -3 -2 10 -9 -6 11 -1 -13 -14
right_child=1 2 3 4 9 -7 -8 8 -10 -11 -12 12 13 -15
leaf_value=0.028993870386848412 0.013853268128470753 0.16166098168753354 0.19395012127491684 -0.011752482771350541 0.36246498139867073 -0.035193774651744864 -0.032828269070403732 0.1403075101107005 -0.0066107733149110403 0.024776231951195826 0.017538306608615158 -0.062042812767783513 -0.0083031537701644849 0.1049074619641386
leaf_weight=32.165517529472709 96.244086168706417 1.2739813309162844 1.6797073567286158 16.173508839681748 0.70869484171271213 104.75693056639284 27.049154927954078 5.1211869902908784 4.2834081556648016 0.7442918187007308 139.69044743478298 19.77076250500977 117.59509338624775 3.8765782928094259
leaf_count=254 980 29 30 372 14 2689 413 52 50 29 1296 517 1728 47
internal_value=-0.000609495 -0.0105558 -0.0244925 0.0212894 0.00483584 -0.0328285 0.00361186 0.00705854 0.0733922 0.189484 0.00506606 -0.00498108 -0.0127183 -0.00469021
internal_weight=571.133 248.63 125.337 19.3062 17.6265 106.031 123.293 322.503 9.4046 1.45299 313.098 173.408 141.242 121.472
internal_count=8500 4556 3163 445 415 2718 1393 3944 102 43 3842 2546 2292 1775
is_linear=0
shrinkage=0.08


Tree=39
num_leaves=15
num_cat=0
split_feature=4 16 3 11 8 1 18 0 8 4 3 5 10 10
split_gain=6.24123 7.68526 8.37614 11.7255 14.9417 8.05247 7.49153 7.40377 7.40372 6.38662 6.24679 5.36432 7.08303 9.19605
threshold=84.398455337916474 54.451304598211578 0.044951840129597763 2610.4283489427016 18.500000000000004 0.94887636795439112 36.25430181595268 0.9690565852303642 10.500000000000002 83.633287063350977 0.14209964775057568 3.7099891242811442 6.7751089108469227 5.3539981878334046
decision_type=2 2 2 2 2 2 2 2 2 2 2 2 2 2
left_child=9 10 3 4 6 -5 -3 -4 -9 -1 11 -2 13 -13
right_child=1 2 7 5 -6 -7 -8 8 -10 -11 -12 12 -14 -15
leaf_value=0.0082366908936782925 -0.017278424913087037 -0.039173622881694098 -0.054744721180098876 -0.041423111178955384 0.29132082365348078 0.13920959616770265 0.20145752646667639 0.21517797522358106 -0.08373856470958152 0.13035775520467632 -0.037759748413378799 0.013579474297210872 0.042678396453159649 -0.033632453124295594
leaf_weight=222.93597425147891 61.928973795846105 3.2618950884789255 48.997000003233552 16.330588103272024 1.8858543336391447 1.7486120108515013 1.109738230705261 1.3197731161490076 0.88653813861310471 2.7748677171766749 26.692850755527616 110.46450104750693 34.37860184814781 34.698519222438335
leaf_count=2686 806 66 1735 404 39 29 25 26 26 34 584 1230 381 429
internal_value=-0.000597347 -0.00738462 -0.0299238 0.00871661 0.103104 -0.0239524 0.0219105 -0.0482894 0.0950676 0.00973804 -0.00103546 0.00302414 0.0100271 0.00229434
internal_weight=569.414 343.703 75.54 24.3367 6.25749 18.0792 4.37163 51.2033 2.20631 225.711 268.163 241.471 179.542 145.163
internal_count=8500 5780 2350 563 130 433 91 1787 52 2720 3430 2846 2040 1659
is_linear=0
shrinkage=0.08


Tree=40
num_leaves=15
num_cat=0
split_feature=1 18 16 0 1 10 8 16 16 11 10 0 3 10
split_gain=6.19471 6.9423 5.32702 6.38984 6.70024 8.46455 6.77571 6.47048 9.76438 17.5559 6.15742 7.85871 7.59722 5.98482
threshold=0.62151576131106978 3.7268342254044184 11.291801242075012 0.62353037702661729 0.93335115325501405 7.0956012762863834 3.5000000000000004 81.95437940982157 81.047206761588441 3414.7525994969337 5.3805999877894761 0.85491248241960405 0.039504720036853187 5.5850478215546335
decision_type=2 2 2 2 2 2 2 2 2 2 2 2 2 2
left_child=1 -1 -2 -4 7 6 -6 8 13 -10 11 -8 -13 -5
right_child=2 -3 3 4 5 -7 10 -9 9 -11 -12 12 -14 -15
leaf_value=0.13453166692382659 0.01689071682579402 -0.045762178185515048 -0.062039318891934335 0.0033160112886522399 0.07165389123849665 0.090295422983727808 -0.031908422857344645 -0.059307802362587279 0.4305333356973528 -0.023118742099749651 -0.049187175913792701 0.13214139150166326 0.019799728650231444 -0.019253732943355625
leaf_weight=1.4387632589787269 111.74591762758791 27.347526106052101 11.316597815603016 215.69124430418015 9.6255481829866749 9.8507920922711474 14.09532725997269 13.807886558584867 0.92348820623010341 1.3354683592915533 12.920882275328038 4.9185688719153431 17.776452470570803 115.43545002769679
leaf_count=33 894 681 422 3224 106 103 233 591 21 52 159 42 181 1758
internal_value=-0.000591752 -0.0367509 0.00133781 -0.00272575 -0.0011137 0.0216195 0.0102183 -0.0056439 -0.00342129 0.16234 -0.00167741 0.0150082 0.0441469 -0.00455212
internal_weight=568.23 28.7863 539.444 427.698 416.381 69.1876 59.3368 347.194 333.386 2.25896 49.7112 36.7903 22.695 331.127
internal_count=8500 714 7786 6892 6470 824 721 5646 5055 73 615 456 223 4982
is_linear=0
shrinkage=0.08


Tree=41
num_leaves=15
num_cat=0
split_feature=6 16 11 12 7 11 1 10 1 7 10 10 0 3
split_gain=5.98883 6.90815 6.28165 6.25196 6.17159 6.77672 7.85152 7.52824 5.3448 5.21119 4.79754 6.81425 8.56928 9.54854
threshold=1.5000000000000002 63.615892761689075 8262.9929193603311 1.0000000180025095e-35 0.18206911794995423 5771.4970888200596 0.82195270801674003 5.5326563457677613 0.74226478364080661 0.7188634646077684 7.6327349880525555 6.7751089108469227 0.95986236323404872 0.027224030820112526
decision_type=2 2 2 2 2 2 2 2 2 2 2 2 2 2
left_child=1 2 3 4 5 6 -1 -7 -6 10 11 -2 13 -13
right_child=9 -3 -4 -5 8 7 -8 -9 -10 -11 -12 12 -14 -15
leaf_value=-0.082694445453380561 0.0064805997317957777 -0.061004303573216186 -0.075638926538442772 -0.071967412803098277 -0.051838796217155071 0.19280692904807947 0.058364276435442973 0.01295907414268749 0.0017434071813230974 -0.012767527106004008 -0.033690247538454288 0.13308228738143549 0.1686634805101758 0.015056191254525016
leaf_weight=3.90255104750395 276.18230997119099 18.062551094219089 8.2213354185223562 7.9036848479881874 14.092354980297385 3.3952605351805678 7.1566068194806576 2.653906024992466 77.089356359094381 91.130852177739143 16.165190233848989 5.0688535235822192 3.1314605362713328 32.608810338191688
leaf_count=42 3427 756 141 141 370 24 44 21 1005 1804 211 50 31 433
internal_value=-0.000580998 -0.0147721 -0.00806012 -0.00327856 0.00173479 0.0458252 0.00858753 0.113904 -0.00653785 0.00418444 0.00882144 0.0109893 0.041503 0.0309345
internal_weight=566.765 142.478 124.415 116.194 108.29 17.1083 11.0592 6.04917 91.1817 424.287 333.157 316.991 40.8091 37.6777
internal_count=8500 2544 1788 1647 1506 131 86 45 1375 5956 4152 3941 514 483
is_linear=0
shrinkage=0.08


Tree=42
num_leaves=15
num_cat=0
split_feature=3 10 11 12 4 16 16 7 2 18 9 3 5 10
split_gain=5.43206 6.29925 8.27913 5.73455 5.80244 5.44832 5.04052 4.97492 6.08914 6.00253 7.89793 11.1978 7.81819 12.1324
threshold=0.20278651910848774 1.9532667881507224 5064.4191481801117 1.0000000180025095e-35 152.10154554440763 78.164709589515198 7.1963879571428633 0.14758696094327828 0.68353732515934285 13.325691843067622 1.0000000180025095e-35 0.050617573454272063 4.0208605885512609 6.7751089108469227
decision_type=2 2 2 2 2 2 2 2 2 2 2 2 2 2
left_child=3 2 -2 4 -1 7 -5 -6 9 -9 11 -11 -12 -14
right_child=1 -3 -4 6 5 -7 -8 8 -10 10 12 -13 13 -15
leaf_value=0.0079032160682163503 0.2097072948755577 -0.06192090891928527 -0.084887238356314287 0.045180258795619717 0.041434257956255591 -0.081965666810118534 -0.045505184771399143 -0.044643075219325992 -0.022700363613828888 0.26434339251307948 -0.06043973539717741 0.014038634277611699 0.017755132560263859 0.26177283064201473
leaf_weight=382.4665399286896 1.3414350012317329 15.847863155417143 1.1205493193119762 4.5926383547484901 11.913390520960091 6.6677197478711596 26.889070140197873 6.4863318325951722 89.32313141040504 2.2309254780411747 5.4181053591892114 2.3474877728149295 7.2608953043818456 1.5894743185490368
leaf_count=4975 34 397 31 36 119 351 593 102 1538 26 102 51 121 24
internal_value=-0.000563096 -0.0434261 0.0756253 0.000871181 0.00289467 -0.0114827 -0.0322757 -0.00776962 -0.0128822 0.0217361 0.0445812 0.136005 0.0152455 0.0615793
internal_weight=565.496 18.3098 2.46198 547.186 515.704 133.237 31.4817 126.57 114.656 25.3332 18.8469 4.57841 14.2685 8.85037
internal_count=8500 462 65 8038 7409 2434 629 2083 1964 426 324 77 247 145
is_linear=0
shrinkage=0.08


Tree=43
num_leaves=15
num_cat=0
split_feature=0 16 1 1 11 11 0 10 2 7 6 5 2 3
split_gain=5.26314 8.77083 8.06041 7.73619 6.95603 10.13 13.5651 8.78047 8.02942 5.52631 6.42006 6.63117 6.04406 6.15449
threshold=0.88099384261571212 75.163636886762347 0.98445783137654186 0.65907501659208634 1119.448351245788 1418.8643479302325 0.90496143013947294 6.8558334540075583 0.85783679134301616 0.82650818461353825 1.0000000180025095e-35 3.2220805090196696 0.98083193564500293 0.16887623098474372
decision_type=2 2 2 2 2 2 2 2 2 2 2 2 2 2
left_child=1 3 -3 -1 7 6 -6 -2 -8 10 -5 -12 13 -13
right_child=4 2 -4 9 5 -7 8 -9 -10 -11 11 12 -14 -15
leaf_value=-0.048409119720718936 -0.062830513739943042 -0.063691659110479276 0.28762950492273542 -0.050591530047659407 -0.074617886677730533 0.0082078807603883988 0.078998468792158702 0.078159398343294134 0.24190625325727119 -0.031437107776885437 0.1121069063862587 0.0073542823296768936 0.12231237915255187 -0.04932919536202969
leaf_weight=22.948828031308949 15.967363359406592 21.088454609736804 0.42640482634305854 12.97778619546443 2.5859626000747076 218.72766859922558 5.7106653694063407 3.4351547732949248 2.9297262690961361 31.66603051032871 3.7964276541024438 206.47271834965795 2.7981222970411173 13.032933865673838
leaf_count=584 186 1004 8 265 33 2508 48 36 27 721 37 2675 33 335
internal_value=-0.000553803 -0.00742397 -0.0567288 -0.00381208 0.00813067 0.0120119 0.0861271 -0.0378687 0.134236 -3.1946e-05 0.00412769 0.00726848 0.00547809 0.00398876
internal_weight=564.564 315.208 21.5149 293.693 249.357 229.954 11.2264 19.4025 8.64039 270.744 239.078 226.1 222.304 219.506
internal_count=8500 5662 1012 4650 2838 2616 108 222 75 4066 3345 3080 3043 3010
is_linear=0
shrinkage=0.08


Tree=44
num_leaves=15
num_cat=0
split_feature=4 0 0 16 1 1 7 18 11 8 16 0 0 18
split_gain=4.93995 6.00403 6.82976 13.994 7.6645 6.48075 5.53817 9.38892 7.9488 7.29503 10.1691 6.23318 4.94735 11.5577
threshold=84.398455337916474 0.77132874906168236 0.77833125833780215 7.1963879571428633 0.87290531715568986 0.98114072623949067 0.53203129892184609 2.8523073770516385 441.31920526884591 2.5000000000000004 16.985672587136175 0.95609537000588773 0.97302915055416339 34.155782824018921
decision_type=2 2 2 2 2 2 2 2 2 2 2 2 2 2
left_child=-1 5 3 -3 -5 -2 8 -8 -4 10 -10 -12 -9 -14
right_child=1 2 6 4 -6 -7 7 12 9 -11 11 -13 13 -15
leaf_value=0.0086188282142944852 -0.034434230862727448 0.34010062990576267 0.1884826641144251 -0.058335901807342855 0.14407795799836862 0.144858657991112 0.15719655844919206 -0.024502116360014949 0.14395008421157895 -0.0022617141862569744 -0.007710051299269596 0.14800181800685025 -0.028950003873914294 0.22381247202732715
leaf_weight=225.66797314491123 55.869645055383444 1.1016089469194401 1.5074593275785435 2.9145548716187477 2.0319229792803526 1.3207682222127903 1.9332720991224039 103.29041229374707 5.3504291512072113 143.27603826578707 11.829024066217242 1.9111240971833456 3.4683878729119888 1.7379059456288812
leaf_count=2720 1675 10 11 81 32 21 36 1944 37 1678 173 16 46 20
internal_value=-0.00054433 -0.00667046 -0.00185146 0.0822392 0.024812 -0.0302936 -0.00370557 -0.017553 0.0056258 0.0039281 0.0503831 0.013948 -0.0206668 0.0554243
internal_weight=563.211 337.543 280.352 6.04809 4.94648 57.1904 274.304 110.43 163.874 162.367 19.0906 13.7401 108.497 5.20629
internal_count=8500 5780 4084 123 113 1696 3961 2046 1915 1904 226 189 2010 66
is_linear=0
shrinkage=0.08


Tree=45
num_leaves=15
num_cat=0
split_feature=6 16 11 11 1 5 5 16 8 16 3 10 16 16
split_gain=4.92014 6.04717 5.6089 5.72399 8.06812 7.12659 7.00168 6.35056 6.25953 6.14128 5.09619 5.12146 6.89621 8.86627
threshold=1.5000000000000002 63.615892761689075 8262.9929193603311 4543.3715860806305 0.75508965111960535 4.7411807795017973 4.8188303042548801 7.1963879571428633 14.500000000000002 39.303374760674899 0.15296132364759221 5.920286765910058 7.1963879571428633 9.9530198794419604
decision_type=2 2 2 2 2 2 2 2 2 2 2 2 2 2
left_child=1 2 3 4 -1 10 -7 8 -6 -8 11 12 -5 -14
right_child=-2 -3 -4 5 7 6 9 -9 -10 -11 -12 -13 13 -15
leaf_value=-0.085931211691634396 0.0037577417901818806 -0.058952525748502897 -0.073815908355770038 -0.063972281029879896 0.1238608233163522 0.18503994304653035 -0.020339114878503147 -0.01959490982870209 -0.0099488076423508813 0.1514583590766273 -0.084691639320347623 -0.032707192881807873 0.18723402550874574 0.029936522195124743
leaf_weight=9.8333270829170925 422.91032086312771 16.566495282575488 7.6424489095807067 4.2176433168351677 4.307067269459365 2.8415921330451948 4.2589831203222275 43.544492355547845 4.6561990231275558 1.9375199060887096 3.8655129056423894 11.764553254470227 2.5740246661007431 21.0349838482216
leaf_count=262 5956 756 141 40 32 35 48 565 34 28 102 165 18 318
internal_value=-0.000534469 -0.0135894 -0.00745355 -0.00303707 -0.0194268 0.0164268 0.0810611 -0.00697225 0.05435 0.0333784 0.00298423 0.0115445 0.0302533 0.0470862
internal_weight=561.955 139.045 122.478 114.836 62.3411 52.4948 9.0381 52.5078 8.96327 6.1965 43.4567 39.5912 27.8267 23.609
internal_count=8500 2544 1788 1647 893 754 111 631 66 76 643 541 376 336
is_linear=0
shrinkage=0.08


Tree=46
num_leaves=15
num_cat=0
split_feature=5 0 4 7 7 4 0 16 0 1 5 15 3 11
split_gain=4.70216 6.53961 6.80233 6.57795 7.22102 7.52762 6.69942 8.71723 10.7644 7.52807 8.10614 6.05524 11.3903 5.97814
threshold=3.6572926098268037 0.94758900779258659 101.1726467902311 0.30518463419485597 0.22404694792055366 47.828824089112231 0.8111398124367567 36.575107823119517 0.89019477079084586 0.88627665349727847 3.4411021823787351 1.0000000180025095e-35 0.076880818257242287 6727.3374527352071
decision_type=2 2 2 2 2 2 2 2 2 2 2 2 2 2
left_child=1 2 3 4 11 -6 -5 8 9 10 -8 12 -1 -3
right_child=-2 13 -4 6 5 -7 7 -9 -10 -11 -12 -13 -14 -15
leaf_value=0.16050393135422641 0.0034623493654670282 0.0029018545178992141 -0.040596677931386667 -0.068307049700860767 0.22880937029083709 0.04439793413204382 0.1254823922074437 -0.055207460404819726 -0.04888336056623678 0.20023236791213428 -0.047124268985020937 -0.058961576630265737 -0.051346330749786756 0.11097866596362158
leaf_weight=3.2462349534034747 433.04729147348553 11.47543769516051 55.866818971466273 12.454633529298006 2.1554568316787472 4.1330411667004228 3.7979082800447959 9.8819745779037458 5.4724489189684382 2.8657094389200211 3.2157062329351902 5.6086235288530588 3.2508309744298458 4.5839574430137864
leaf_count=27 6358 127 1179 282 20 44 29 211 39 20 29 56 32 47
internal_value=-0.000519529 -0.01399 -0.0208386 -0.00115651 0.0380614 0.107607 -0.0202972 0.00339903 0.0411242 0.090982 0.0463431 0.00193479 0.0545039 0.0337511
internal_weight=561.056 128.009 111.949 56.0826 18.3942 6.2885 37.6884 25.2337 15.3518 9.87932 7.01361 12.1057 6.49707 16.0594
internal_count=8500 2142 1968 789 179 64 610 328 117 78 58 115 59 174
is_linear=0
shrinkage=0.08


Tree=47
num_leaves=15
num_cat=0
split_feature=1 18 10 18 0 18 3 1 1 10 16 10 4 5
split_gain=4.63525 5.84952 7.43397 4.69479 7.05889 6.23738 8.1707 9.07353 6.00411 9.71793 8.1196 7.78513 7.05394 5.96257
threshold=0.62151576131106978 6.0548799479311732 6.9935703005061427 11.150801413982771 0.77405167256842289 16.674183265402103 0.049526174946888733 0.63579781243590505 0.87503455707421141 1.7602369433038785 14.19433118711664 4.386439741344204 77.7842373491941 4.0117226754631643
decision_type=2 2 2 2 2 2 2 2 2 2 2 2 2 2
left_child=1 2 -1 4 -2 13 7 -7 10 -10 11 12 -9 -5
right_child=3 -3 -4 5 -6 6 -8 8 9 -11 -12 -13 -14 -15
leaf_value=-0.010652300125186854 -0.059555540513434736 -0.046148238609887662 0.26598733611796321 0.00045345500669179649 -0.0046915811313282246 0.2075607586174753 -0.0079961518627635984 0.11343924842335787 0.093513639956340336 -0.021218430842153076 0.012757028746849766 0.11398673740738501 -0.035624385886741959 0.04946692972446827
leaf_weight=2.0433098003268273 17.850914549082518 23.808138677384704 0.89355541300028551 28.371524600312114 94.262975487858057 1.5856275921687473 232.48498788708821 3.0870744977146405 5.3458816455677143 40.668714190833271 55.837052672170103 11.821074634790419 5.9432767052203417 36.092499213758856
leaf_count=57 478 643 14 422 1140 23 3776 18 56 425 842 78 44 484
internal_value=-0.000508059 -0.0330079 0.0735166 0.00112165 -0.0134271 0.00499385 0.000855853 0.0174137 0.0149566 -0.00788909 0.0286644 0.0712621 0.0153338 0.0278954
internal_weight=560.097 26.745 2.93687 533.352 112.114 421.238 356.774 124.289 122.703 46.0146 76.6885 20.8514 9.03035 64.464
internal_count=8500 714 71 7786 1618 6168 5262 1486 1463 481 982 140 62 906
is_linear=0
shrinkage=0.08


Tree=48
num_leaves=15
num_cat=0
split_feature=0 13 5 7 3 0 7 10 6 17 11 8 4 16
split_gain=4.39423 4.73914 5.94464 10.2484 8.01191 6.11301 7.91103 8.69978 5.19239 5.43314 5.7392 4.96818 8.86565 8.59712
threshold=0.63843768591438499 1.5000000000000002 4.5789139000130445 0.27672610239594453 0.057153686301397479 0.88598977214760244 0.40230675705490199 5.3539981878334046 1.5000000000000002 1.0000000180025095e-35 606.05638960168119 9.5000000000000018 192.42901438038658 29.847937356324156
decision_type=2 2 2 2 2 2 2 2 2 2 2 2 2 2
left_child=-1 8 -3 4 -4 -5 -7 -8 -2 11 -11 13 -13 -10
right_child=1 2 3 5 -6 6 7 -9 9 10 -12 12 -14 -15
leaf_value=-0.042452025969368513 -0.011111163312535881 -0.032042207261097688 0.23480973116892823 -0.061644814976983778 0.033317068150141668 -0.083032603708969019 0.17807235718742284 -0.047079187171232884 0.050204766223788083 0.12355999822288639 -0.014516112118496355 0.01124741541644405 -0.049054268258425363 0.0045607416079249266
leaf_weight=15.53211562335491 114.81282294122502 53.784536755643785 2.1269242148846415 8.1801635222509486 3.1093161851167679 2.272462334483861 3.0948763033375144 1.7025711601600049 52.509354887530208 1.9795811790972937 72.000849397853017 157.54185989033431 17.319236984476447 53.133574946783483
leaf_count=612 2027 922 17 144 34 17 31 25 440 23 949 1981 327 951
internal_value=-0.000495619 0.000703258 -0.0180738 0.0185987 0.115162 -0.0145571 0.0399252 0.0981681 0.00367491 0.00846392 -0.0108214 0.0135503 0.00527479 0.0272479
internal_weight=559.1 543.568 74.2709 20.4863 5.23624 15.2501 7.06991 4.79745 469.297 354.484 73.9804 280.504 174.861 105.643
internal_count=8500 7888 1190 268 51 217 73 56 6698 4671 972 3699 2308 1391
is_linear=0
shrinkage=0.08


Tree=49
num_leaves=15
num_cat=0
split_feature=3 10 5 12 7 0 7 11 16 16 0 13 0 13
split_gain=4.30154 5.59412 6.70093 4.80734 4.66488 7.4376 5.66652 6.87743 6.46391 9.07595 5.67369 4.79173 5.13864 4.71816
threshold=0.20278651910848774 1.9532667881507224 4.4132305432947287 1.0000000180025095e-35 0.31564420253533648 0.65909207190995345 0.29790170838817337 6515.7810666855257 6.320053302453565 9.9530198794419604 0.8215511575961375 1.5000000000000002 0.87627470255739504 1.0000000180025095e-35
decision_type=2 2 2 2 2 2 2 2 2 2 2 2 2 2
left_child=3 2 -2 4 6 -6 8 13 -1 10 -10 -7 -13 -8
right_child=1 -3 -4 -5 5 11 7 -9 9 -11 -12 12 -14 -15
leaf_value=-0.046274769398519919 -0.036460862797503761 -0.059351732794345934 0.22901693373332752 -0.030271221082402495 -0.067910302561962177 0.0031465349238972659 0.088484939998579065 0.16760180994389198 0.17654373027037107 0.0083516700313280515 0.048520695937369435 -0.051615469811078167 0.0028247757987205223 -0.028377997789433791
leaf_weight=12.29172161221504 1.5255659706890612 14.453949692659078 1.0122488550841806 30.167438330128789 10.863902661483733 286.78970002708957 4.4340154444798809 3.1666657179594031 3.0452985893934956 133.33835155703127 8.1305696815252286 22.775709321256727 21.639553959481418 4.41025351267308
leaf_count=79 45 397 20 629 495 4366 52 35 23 1476 40 476 304 63
internal_value=-0.000483552 -0.0401176 0.0694293 0.000761154 0.00259359 -0.00277672 0.0134753 0.0664335 0.00941884 0.0141559 0.0834055 -0.000640263 -0.0250916 0.0302105
internal_weight=558.045 16.9918 2.53781 541.053 510.886 342.069 168.817 12.0109 156.806 144.514 11.1759 331.205 44.4153 8.84427
internal_count=8500 462 65 8038 7409 5641 1768 150 1618 1539 63 5146 780 115
is_linear=0
shrinkage=0.08


Tree=50
num_leaves=15
num_cat=0
split_feature=1 14 10 16 11 5 4 0 3 4 4 5 18 2
split_gain=4.09274 5.57086 7.36567 5.7679 4.09842 4.1334 5.0102 9.61748 6.4911 7.57275 4.96695 12.0169 7.61405 5.35563
threshold=0.62151576131106978 1.0000000180025095e-35 5.6894700312493702 5.2417520073324297 8960.659420390728 4.0117226754631643 152.10154554440763 0.86452847204096106 0.026157175711763743 187.8840914857862 143.9005849746105 3.7099891242811442 15.231520367488688 0.7421624392871965
decision_type=2 2 2 2 2 2 2 2 2 2 2 2 2 2
left_child=1 3 -3 -1 5 6 10 -8 9 -9 13 -12 -13 -2
right_child=4 2 -4 -5 -6 -7 7 8 -10 -11 11 12 -14 -15
leaf_value=0.073538609199966076 -0.025067202062548408 -0.085232426312302642 0.20930767174349527 -0.056290618084799807 0.099169993065352152 0.0065356232723505839 -0.065121696233479215 -0.0022072801427661056 -0.016532030478773548 0.18428688398159299 -0.025182547019700074 -0.02118863329169424 0.24149286171205309 0.006031507319401214
leaf_weight=2.4416221119463506 52.860504438634962 0.91932635288685505 1.3287624521180985 21.254940881859511 2.7103198971599332 307.66327022528276 25.117170241195709 3.166735463775697 21.358330636285245 2.4885460464283824 4.6488216063007695 0.97012116387486491 2.5960489362478256 107.54772085370496
leaf_count=35 715 22 26 631 29 4316 678 36 367 25 89 15 43 1473
internal_value=-0.000469999 -0.0314954 0.0888594 -0.0429134 0.00104554 0.000542244 -0.00781069 -0.0294865 0.00364705 0.0798575 -0.0011095 0.0595622 0.170034 -0.00421668
internal_weight=557.072 25.9447 2.24809 23.6966 531.128 528.417 220.754 52.1308 27.0136 5.65528 168.623 8.21499 3.56617 160.408
internal_count=8500 714 48 666 7786 7757 3441 1106 428 61 2335 147 58 2188
is_linear=0
shrinkage=0.08


Tree=51
num_leaves=15
num_cat=0
split_feature=6 3 7 7 4 0 0 15 10 10 10 18 13 5
split_gain=3.98874 4.55354 5.34074 4.44294 5.82147 6.33275 9.22081 6.883 6.63572 6.15376 6.32272 6.10605 5.46805 5.3573
threshold=1.0000000180025095e-35 0.16887623098474372 0.95138694869893192 0.75647069387302623 61.815385141726999 0.9243315917223085 0.82735081971870639 1.0000000180025095e-35 3.917941683615966 1.4330247137661214 7.9168198659838671 28.500031722350933 1.0000000180025095e-35 4.7509219136354792
decision_type=2 2 2 2 2 2 2 2 2 2 2 2 2 2
left_child=-1 3 -3 -2 5 6 13 12 -9 11 -11 -6 -8 -5
right_child=1 2 -4 4 9 -7 7 8 -10 10 -12 -13 -14 -15
leaf_value=-0.029515088041921048 0.0063254364021872837 -0.034968676717835649 0.15669816960241129 -0.053929894273294886 -0.012104957324273554 -0.061221057035917605 0.097793934899649784 0.043400494515387446 0.21849960176876482 -0.037999904529807026 0.1745536265568903 0.20782518105997702 -0.06351700896478954 0.11002705618216048
leaf_weight=28.686001840978861 414.80435564322397 29.479302924592051 0.96076236478984256 6.9311552438885027 1.9872420318424695 5.0730674201622596 2.8621663954108936 2.3240877073258162 3.4286364810541272 53.387814786750823 0.91095180436968703 1.3614158285781739 2.536955650895834 1.5630971761420367
leaf_count=660 5223 833 21 165 42 68 39 32 33 1271 19 33 38 23
internal_value=-0.000463065 0.00111648 -0.0289192 0.00295546 -0.014016 0.0184631 0.0390394 0.0868722 0.14776 -0.027943 -0.034434 0.0773089 0.0219967 -0.0237588
internal_weight=556.297 527.611 30.4401 497.171 82.3666 24.7192 19.6461 11.1518 5.75272 57.6474 54.2988 3.34866 5.39912 8.49425
internal_count=8500 7840 854 6986 1763 398 330 142 65 1365 1290 75 77 188
is_linear=0
shrinkage=0.08


Tree=52
num_leaves=15
num_cat=0
split_feature=16 1 16 0 18 16 3 3 11 1 11 4 10 10
split_gain=3.85218 5.8796 4.22314 9.05874 6.09702 4.43156 3.70215 7.48125 6.40856 6.06759 5.85018 10.3238 9.37044 8.59423
threshold=81.95437940982157 0.98445783137654186 81.047206761588441 0.93782156662053306 39.983238673963584 79.383947360299985 0.049129371034158105 0.040983019630904761 8960.659420390728 0.98114072623949067 4740.2808529928188 121.87895713645223 5.2193744688332329 3.3115649291319547
decision_type=2 2 2 2 2 2 2 2 2 2 2 2 2 2
left_child=2 -2 5 4 -4 6 7 9 -8 -1 11 -9 13 -13
right_child=1 -3 3 -5 -6 -7 8 10 -10 -11 -12 12 -14 -15
leaf_value=-0.0011246370984219708 -0.047155254188560827 0.23504237011389023 -0.082643707249456036 0.28562797062796186 0.24543792092684172 -0.083139592833275058 -0.0048955998188157605 0.026095939529288091 0.1391846224484545 0.11860389473482236 0.010922022049672601 0.16841415918090455 0.25653203810000569 -0.049318129055480019
leaf_weight=140.06173943635076 15.840270227752626 0.48704940453171808 1.5303140575997529 1.0444285338744519 0.47505996841937292 4.0554068363271645 344.78189190290868 12.639746515080335 1.987135836854576 2.7623751908540717 21.994949794374406 2.6829187944531432 2.9199860328808427 2.0442563658580184
leaf_count=1560 785 6 72 15 12 166 5353 132 21 17 250 36 40 35
internal_value=-0.000454257 -0.0387372 0.000705448 0.0945782 -0.00492332 0.000171249 0.000806472 0.00994175 -0.00406996 0.00119104 0.0395008 0.0704858 0.143856 0.0742563
internal_weight=555.308 16.3273 538.98 3.0498 2.00537 535.93 531.875 185.106 346.769 142.824 42.2819 20.2869 7.64716 4.72718
internal_count=8500 791 7709 99 84 7610 7444 2070 5374 1577 493 243 111 71
is_linear=0
shrinkage=0.08


Tree=53
num_leaves=15
num_cat=0
split_feature=1 0 18 0 2 4 7 2 3 18 18 4 16 7
split_gain=3.66423 5.82184 6.64007 11.1639 4.2654 4.30754 4.2012 4.31363 3.85468 3.76253 6.88416 5.92046 5.20256 5.33028
threshold=0.66478393252521795 0.87820740873631886 5.7419556944282899 0.91416739163129856 0.5459797700978567 144.45350376134158 0.34902310854073898 0.87003280052042486 0.050617573454272063 11.150801413982771 16.674183265402103 141.42761393851427 11.291801242075012 0.7130228692525401
decision_type=2 2 2 2 2 2 2 2 2 2 2 2 2 2
left_child=1 -1 3 -3 -4 6 7 -6 -8 11 -11 -2 -12 -14
right_child=9 2 4 -5 5 -7 8 -9 -10 10 12 -13 13 -15
leaf_value=-0.049646477518655779 0.00022573649276833664 0.27263587277322915 0.12215590480752131 -0.036053689920330437 0.093288312323640307 -0.087089730600984544 0.038003316059220582 -0.037761272298311277 -0.086517145761828701 0.029390274170878056 0.019848746075922484 -0.041506850453672688 0.0014499063418182368 -0.025743001820396294
leaf_weight=23.762164390645921 74.669668721500784 1.495111553929749 1.452954650856557 1.5041723195463417 4.4489372484385985 4.6222408348694435 2.4751449469476938 2.5169215500354767 4.4544550748541951 62.757932036649436 70.790293596684933 30.701795370783657 209.95142353465781 59.125743162352592
leaf_count=748 926 24 18 24 51 107 44 26 114 846 561 597 3032 1382
internal_value=-0.000447577 -0.0218846 0.00683485 0.117825 -0.00983413 -0.0201905 0.00206317 0.0459371 -0.0420404 0.00152447 0.00504664 -0.0119338 0.000551492 -0.00452533
internal_weight=554.729 46.7321 22.9699 2.99928 19.9707 18.5177 13.8955 6.96586 6.9296 507.997 402.625 105.371 339.867 269.077
internal_count=8500 1156 408 48 360 342 235 77 158 7344 5821 1523 4975 4414
is_linear=0
shrinkage=0.08


Tree=54
num_leaves=15
num_cat=0
split_feature=12 10 5 3 5 11 4 16 3 5 5 15 0 2
split_gain=3.44736 5.42987 4.60663 4.36161 5.69108 3.9555 3.79595 4.81665 8.8365 4.73733 7.39916 6.45758 6.79067 5.67808
threshold=1.0000000180025095e-35 1.4951138877358674 4.247127361316247 0.20278651910848774 4.8962958342087406 441.31920526884591 107.82320912448306 54.451304598211578 0.034033817528039668 3.7021218183755802 3.7707536243904536 1.5000000000000002 0.80252685600089901 0.94573879526647142
decision_type=2 2 2 2 2 2 2 2 2 2 2 2 2 2
left_child=3 2 -2 5 -5 -1 -7 9 -9 -8 11 12 -11 -12
right_child=1 -3 -4 4 -6 6 7 8 -10 10 13 -13 -14 -15
leaf_value=0.10248659902227968 -0.00038435376063755092 -0.036732938960165627 0.21702426429305544 -0.056475097674126402 0.13481127578845015 0.008236314061657278 -0.023278338298236223 0.033040948311996637 -0.04653679733818062 0.18071019344992997 -0.0015981582634325261 0.19049639048818282 -0.020253675137837789 0.063811186679178317
leaf_weight=2.5109873693436375 1.6186400982551306 28.146881096065044 1.0148109635338185 13.377346292138098 1.0754450475797046 272.72634419798851 42.006816421635449 11.682888590730725 37.907129536382854 1.4749764148145903 124.4296237770468 2.4475964717566967 3.97937386110425 9.1160725494846684
leaf_count=27 32 616 19 399 25 3255 671 272 1413 28 1566 26 45 106
internal_value=-0.000437317 -0.0264552 0.0833949 0.0010947 -0.0422413 0.00232695 0.00182969 -0.00566784 -0.0277891 0.000311821 0.00731758 0.0825372 0.0340914 0.0028668
internal_weight=553.515 30.7803 2.63345 522.735 14.4528 508.282 505.771 233.044 49.59 183.454 141.448 7.90195 5.45435 133.546
internal_count=8500 667 51 7833 424 7409 7382 4127 1685 2442 1771 99 73 1672
is_linear=0
shrinkage=0.08


Tree=55
num_leaves=15
num_cat=0
split_feature=6 18 16 4 1 7 15 0 16 9 8 13 1 16
split_gain=3.35779 4.05521 8.25394 7.93422 6.60645 3.50272 6.33495 5.61679 7.77127 7.45286 5.47407 8.46121 6.07183 6.64384
threshold=1.0000000180025095e-35 33.362332324519933 6.320053302453565 76.782900379742173 0.84433066308316429 0.78612241644400793 1.0000000180025095e-35 0.86856279148529369 26.258033338861555 1.0000000180025095e-35 8.5000000000000018 1.0000000180025095e-35 0.92462407747545472 33.515709260150096
decision_type=2 2 2 2 2 2 2 2 2 2 2 2 2 2
left_child=1 -1 -3 4 -4 -2 -7 10 9 -9 11 12 13 -8
right_child=5 2 3 -5 -6 6 7 8 -10 -11 -12 -13 -14 -15
leaf_value=-0.049622747194837571 0.0036718122479568217 0.20162479727423185 -0.026491022954177105 -0.086395191718001002 0.18727747414621562 -0.040038026293540523 0.15533361381500754 -0.030634175222914294 -0.0088706522549640739 0.12923692849472274 -0.058395756594711197 -0.083853566419758843 0.26038870729966351 -0.082704084516584869
leaf_weight=18.249439492356036 449.90406319126487 1.305576305836438 2.0199728496372686 4.5001402562484145 1.7072756933048365 34.721059885807335 1.5914846835657983 2.5241405665874499 11.943736110813914 7.1598586477339268 11.828882756177334 2.5010704137384892 1.1324885468930004 1.4199831546284256
leaf_count=453 6131 12 35 134 26 828 24 27 228 65 368 88 19 62
internal_value=-0.000428759 -0.0275325 0.0147561 -0.0148975 0.0714262 0.00100628 -0.0150214 0.00663873 0.0343099 0.0875664 -0.0257563 0.0323454 0.102477 0.0430928
internal_weight=552.509 27.7824 9.53297 8.22739 3.72725 524.727 74.8227 40.1016 21.6277 9.684 18.4739 6.64503 4.14396 3.01147
internal_count=8500 660 207 195 61 7840 1709 881 320 92 561 193 105 86
is_linear=0
shrinkage=0.08


Tree=56
num_leaves=15
num_cat=0
split_feature=0 7 6 16 11 11 1 5 7 1 11 8 2 11
split_gain=3.2781 4.08708 3.37497 6.03943 5.00784 5.83419 6.06236 5.30516 5.0426 6.05324 5.89915 10.4395 5.28315 4.98973
threshold=0.62353037702661729 0.12759779077346642 1.5000000000000002 63.615892761689075 8262.9929193603311 4642.1011257575256 0.74382172125172097 4.6816114737914516 0.32408603829227756 0.97361368902328993 5318.9760228097102 11.500000000000002 0.94573879526647142 7416.0978960236926
decision_type=2 2 2 2 2 2 2 2 2 2 2 2 2 2
left_child=1 -1 3 4 5 6 -2 8 10 12 -7 -12 -10 -13
right_child=2 -3 -4 -5 -6 7 -8 -9 9 -11 11 13 -14 -15
leaf_value=0.15123404725225414 -0.085549436060720532 -0.05402987273421412 0.0040355524876024198 -0.060354627576826386 -0.071682101878348045 0.1478386723405834 -0.0078333284025456449 0.069266514016397052 -0.040896113316642932 0.13791534201620853 -0.071359053540991119 0.022036131655437954 0.092110192352526682 0.15931968159199
leaf_weight=0.6580185117200007 7.3127722330391398 10.982993980403988 410.35321419360116 14.021624236367641 6.7388845197856417 2.768970218487083 52.850503366440535 10.855666294693945 19.673270973376937 1.5049925744533528 4.8890520818531495 3.9164499267935753 2.1169671285897484 2.9864929094910622
leaf_count=14 220 496 5588 718 133 30 640 122 386 10 50 41 29 23
internal_value=-0.000424735 -0.0424271 0.000480748 -0.0107718 -0.00475836 -0.000616082 -0.0172796 0.0199648 0.00582702 -0.0172569 0.0427577 0.0180828 -0.0279743 0.0814306
internal_weight=551.63 11.641 539.989 129.636 115.614 108.875 60.1633 48.7119 37.8562 23.2952 14.561 11.792 21.7902 6.90294
internal_count=8500 510 7990 2402 1684 1551 860 691 569 425 144 114 415 64
is_linear=0
shrinkage=0.08


Tree=57
num_leaves=15
num_cat=0
split_feature=1 14 16 8 4 18 0 8 7 18 1 0 7 6
split_gain=3.07265 4.43568 5.08446 4.31479 3.7235 3.25533 6.09738 5.95015 5.48821 5.85171 6.58426 6.18345 5.73451 4.93418
threshold=0.62151576131106978 1.0000000180025095e-35 5.2417520073324297 9.5000000000000018 25.994618743093884 11.150801413982771 0.77405167256842289 19.500000000000004 0.46021229262856139 3.5455147679412575 0.80492247851795862 0.84136230526059663 0.61194766151491631 1.5000000000000002
decision_type=2 2 2 2 2 2 2 2 2 2 2 2 2 2
left_child=1 2 -1 -3 -4 6 7 -2 -8 10 -10 13 -12 -11
right_child=5 3 4 -5 -6 -7 8 -9 9 11 12 -13 -14 -15
leaf_value=0.067482776741002656 -0.080302899161658753 0.19352324769375887 0.11729244797266127 -0.023224123171054357 -0.060610954243925763 0.0040684041446864836 0.015414918962390179 0.043082453877737049 -0.062204160281254486 -0.086095327058180349 0.17398770242774997 -0.05693951717233646 0.0095869520863903022 0.050593660994971812
leaf_weight=2.5159063357859912 13.107937300577762 1.081582322251051 0.78473253268748777 1.2875349596142767 18.587251462973654 418.12393113598228 47.428374088834971 3.0912992195226243 2.8141591865569335 2.2102705929428339 2.6122075878083706 26.974289957433939 2.8279605926945806 7.1825121128931624
leaf_count=35 380 17 17 31 614 6168 468 98 49 61 21 385 40 116
internal_value=-0.000415592 -0.028254 -0.0395089 0.0757284 -0.0534043 0.000867295 -0.0114973 -0.0567573 -0.00353235 -0.0236715 0.0371382 -0.0374737 0.0885273 0.0184286
internal_weight=550.63 24.257 21.8879 2.36912 19.372 526.373 108.249 16.1992 92.0498 44.6214 8.25433 36.3671 5.44017 9.39278
internal_count=8500 714 666 48 631 7786 1618 478 1140 672 110 562 61 177
is_linear=0
shrinkage=0.08


Tree=58
num_leaves=15
num_cat=0
split_feature=16 4 1 0 18 0 16 11 16 13 8 5 18 3
split_gain=3.01721 5.02771 6.07233 6.55586 3.59397 6.9128 3.36495 5.90302 3.94055 3.26318 5.76974 5.50289 8.70074 4.57297
threshold=81.95437940982157 54.578410328214424 0.97361368902328993 0.90496143013947294 44.122084772690208 0.88936403747814685 81.047206761588441 3414.7525994969337 79.383947360299985 1.5000000000000002 15.500000000000002 4.6113409195487591 30.457485086041768 0.045477804849032376
decision_type=2 2 2 2 2 2 2 2 2 2 2 2 2 2
left_child=6 2 3 -2 -3 -6 8 -8 9 -1 -11 13 -13 -12
right_child=1 4 -4 -5 5 -7 7 -9 -10 10 11 12 -14 -15
leaf_value=0.003126277887905871 -0.083011378351841622 -0.074602827469997482 0.26824991530627179 0.1732968720599756 -0.081676420726544421 0.36631388391390368 0.18657903663524181 -0.031138534433227665 -0.082911572247909626 -0.033838334470212943 0.044796758460179831 0.13505086630979471 -0.03364923634737383 -0.038068485536641522
leaf_weight=458.06362860184163 2.0167949623428285 10.611648622434583 0.65006621368229378 0.93467566091567267 0.57850500894710499 0.35616051405668259 1.6665377542376512 1.5275730355642734 3.6349304611794642 42.57912494847551 6.4193680463358822 4.9374960446730238 3.2409163499251008 12.683569076005368
leaf_count=6341 80 622 7 30 38 14 34 65 166 686 84 53 32 248
internal_value=-0.000406977 -0.0356158 0.0469077 -0.00184334 -0.0613566 0.0890333 0.000590377 0.0824563 9.84483e-05 0.00067 -0.0154354 0.0132868 0.0681989 -0.0102224
internal_weight=549.901 15.1479 3.60154 2.95147 11.5463 0.934666 534.753 3.19411 531.559 527.924 69.8605 27.2813 8.17841 19.1029
internal_count=8500 791 117 110 674 52 7709 99 7610 7444 1103 417 85 332
is_linear=0
shrinkage=0.08


Tree=59
num_leaves=15
num_cat=0
split_feature=4 16 5 10 14 2 0 0 10 3 7 2 18 9
split_gain=2.93999 6.84796 9.33883 5.51792 7.49383 5.62613 9.75914 5.52844 12.221 5.45709 5.08924 4.92415 4.65272 3.77314
threshold=169.84965610863688 51.782703010736107 3.7569794567442112 4.0585212473759169 1.0000000180025095e-35 0.94573879526647142 0.9243315917223085 0.8197017487638979 1.6701886393641172 0.01025252531567967 0.74723189252633004 0.57491867781677641 28.329386070194555 1.5000000000000002
decision_type=2 2 2 2 2 2 2 2 2 2 2 2 2 2
left_child=-1 2 -2 4 7 6 13 8 -4 -3 12 -9 -8 -5
right_child=1 9 3 5 -6 -7 10 11 -10 -11 -12 -13 -14 -15
leaf_value=0.0023347248134647103 -0.053117517210096173 0.1259309591067411 0.20815211484637267 0.021180672529638098 0.13114353270299176 0.1408668622306361 0.0019413216193713439 0.069272134197149698 -0.029610013111545035 -0.061179828970177506 0.22316659364279687 -0.069200009067702392 0.14854434871390759 -0.048317938312040176
leaf_weight=450.9028747798875 17.403136447072029 1.0474641295149947 1.8504567975178421 15.860890253912663 2.0806921301409593 2.9288227353245011 3.0942784380167714 1.8562315478920961 5.4836253868415952 20.94286523712799 1.7708475328981874 14.345467710867522 2.5088213104754686 7.3008846687152973
leaf_count=6454 334 19 25 219 23 32 31 18 118 898 21 163 22 123
internal_value=-0.000400215 -0.0129232 -0.00161119 0.0135607 -0.0143832 0.0349512 0.0247924 -0.0272485 0.0303796 -0.0522672 0.104947 -0.0533352 0.0675837 -0.000726169
internal_weight=549.377 98.4745 76.4842 59.081 25.6165 33.4645 30.5357 23.5358 7.33408 21.9903 7.37395 16.2017 5.6031 23.1618
internal_count=8500 2046 1129 795 347 448 416 324 143 917 74 181 53 342
is_linear=0
shrinkage=0.08


Tree=60
num_leaves=15
num_cat=0
split_feature=3 10 11 12 16 11 17 3 7 1 18 5 5 10
split_gain=2.89701 4.80364 5.2449 3.40623 4.15366 3.18861 3.36903 7.38184 6.9355 10.5832 6.24835 4.64196 5.10501 6.26455
threshold=0.20278651910848774 1.9532667881507224 5064.4191481801117 1.0000000180025095e-35 6.320053302453565 441.31920526884591 1.0000000180025095e-35 0.045886767588595674 0.48557214502419732 0.96001802131222624 3.2082816289620752 4.1825494644094103 4.247127361316247 1.8074223441533197
decision_type=2 2 2 2 2 2 2 2 2 2 2 2 2 2
left_child=3 2 -2 5 -5 -1 -7 -8 9 11 -10 -9 -13 -14
right_child=1 -3 -4 4 -6 6 7 8 10 -11 -12 12 13 -15
leaf_value=0.090019039593068395 0.15208268593172167 -0.055049087629513507 -0.08535174557506553 0.051095322736505536 -0.038514265214316411 0.0049913547392932429 0.016456437354199171 -0.042822808306396482 0.13811344924867686 0.17292746058524366 -0.061780113678397926 0.15641911909682071 0.11422535582646769 -0.023320425674601127
leaf_weight=2.6261832844465962 1.6240436425432556 12.653662447817622 0.94010117789730419 3.8276709169149425 24.505258474033326 398.18057723762468 38.880291838664562 17.072252604644746 1.0354882040992404 2.0596060240641227 29.876167989335954 1.5298021305352438 2.6079441765323272 11.308554335497318
leaf_count=27 34 397 31 30 599 5848 439 225 20 17 636 19 22 156
internal_value=-0.000398276 -0.034816 0.0650313 0.000583453 -0.0264084 0.00209729 0.00163784 -0.0111561 -0.0275492 -0.00293411 -0.055084 -0.0140725 0.0177041 0.00245558
internal_weight=548.728 15.2178 2.56414 533.51 28.3329 505.177 502.551 104.37 65.4898 34.5782 30.9117 32.5186 15.4463 13.9165
internal_count=8500 462 65 8038 629 7409 7382 1534 1095 439 656 422 197 178
is_linear=0
shrinkage=0.08


Tree=61
num_leaves=15
num_cat=0
split_feature=6 18 16 4 1 4 4 1 10 9 10 16 10 11
split_gain=2.83569 3.36305 6.07778 5.409 7.76544 3.22072 6.42274 5.81864 5.5224 10.2381 5.1533 7.14084 16.7868 6.27415
threshold=1.0000000180025095e-35 33.362332324519933 9.3980500332196542 76.782900379742173 0.84433066308316429 49.26440370079856 35.764986929352567 0.72992007130351955 1.643920445488759 1.0000000180025095e-35 3.8924981068373357 61.01042843357245 4.8416841608602104 7337.6424051868335
decision_type=2 2 2 2 2 2 2 2 2 2 2 2 2 2
left_child=1 -1 -3 4 -4 6 -2 -8 9 -7 13 -12 -13 -9
right_child=5 2 3 -5 -6 8 7 10 -10 -11 11 12 -14 -15
leaf_value=-0.047080216922355013 -0.0059183440429082905 0.12571595119029286 -0.088956005105757421 -0.086455155595884375 0.15976256478796386 0.095009206873682417 -0.026168180341182259 0.035950538883397769 -0.0050963425100589311 0.0025817065024049675 0.048928434930967442 0.40322977989023401 0.065828533126954095 -0.096750347267681114
leaf_weight=17.098637085873637 50.476717749610543 2.2932665925472957 1.4134813752025368 3.973099329508841 1.8613544190302489 10.261561046354471 8.2270855074748379 11.244191839359699 382.39465100271627 30.370748843997717 20.567833025008444 1.2963941935449828 3.4693729495629668 2.8603388974443069
leaf_count=453 568 19 32 131 25 152 155 130 6084 470 167 19 60 35
internal_value=-0.000388965 -0.0258472 0.0122042 -0.0237113 0.0524109 0.000912347 0.0139691 0.0350295 -0.0021168 0.025924 0.0477958 0.0693735 0.157609 0.00903936
internal_weight=547.809 26.6398 9.5412 7.24794 3.27484 521.169 98.1419 47.6652 423.027 40.6323 39.4381 25.3336 4.76577 14.1045
internal_count=8500 660 207 188 57 7840 1134 566 6706 622 411 246 79 165
is_linear=0
shrinkage=0.08


Tree=62
num_leaves=15
num_cat=0
split_feature=0 2 7 16 1 13 5 5 4 16 0 8 8 16
split_gain=2.77072 3.57528 7.89583 3.97524 5.45995 2.85456 4.53999 8.40291 5.42153 4.95421 6.77916 6.44543 5.26068 6.25927
threshold=0.62353037702661729 0.63991016604064288 0.27672610239594453 10.998895259157814 0.87290531715568986 1.5000000000000002 3.8972902250871817 3.9484816772482492 212.87088707120168 75.404396449479435 0.86272365434464404 11.500000000000002 13.500000000000002 51.311154247493022
decision_type=2 2 2 2 2 2 2 2 2 2 2 2 2 2
left_child=1 2 -1 4 -3 -2 -7 -8 9 12 -11 -12 -9 -14
right_child=5 3 -4 -5 -6 6 7 8 -10 10 11 -13 13 -15
leaf_value=0.28974088924091929 0.0027042437036578731 -0.083943466575922138 -0.081789297040252673 -0.082598224553802585 0.20305245610831571 -0.040982232998521155 0.17647187479426943 -0.047115823346253992 0.13049611945234346 -0.081833764791687455 0.28473487938539233 0.0011982209037981416 0.035902297726987983 -0.085772609657581711
leaf_weight=0.63187379203736671 465.35945906350389 0.892929432913659 0.87034986261278391 7.7733449344523251 0.80826573818922043 26.184410165529698 1.6802596161141981 20.646355587523431 1.7879019253887225 1.0488896998576813 1.2352810120210054 0.87769019324332465 14.100014552474024 3.3484090236015609
leaf_count=12 6781 26 53 404 15 480 23 309 28 73 21 26 158 91
internal_value=-0.00038854 -0.0401763 0.0744858 -0.0583564 0.052413 0.000425866 -0.0145266 0.000962074 -0.00588902 -0.0117994 0.0844264 0.166959 -0.0197861 0.0125525
internal_weight=547.245 10.9768 1.50222 9.47454 1.7012 536.269 70.9092 44.7248 43.0445 41.2566 3.16186 2.11297 38.0948 17.4484
internal_count=8500 510 65 445 41 7990 1209 729 706 678 120 47 558 249
is_linear=0
shrinkage=0.08


Tree=63
num_leaves=15
num_cat=0
split_feature=16 4 10 3 18 7 18 4 18 16 0 8 18 11
split_gain=2.72179 4.03168 3.85145 4.56667 3.18113 4.50356 2.81078 3.53017 3.63349 6.2173 3.84521 7.23416 3.79289 3.62302
threshold=81.95437940982157 54.578410328214424 5.6109933372163541 0.070136653299832694 44.122084772690208 0.35270668781732267 44.528634650681916 185.4719744881796 47.692313624513467 31.447510660560294 0.90103909772831514 9.5000000000000018 45.638977552262574 3414.7525994969337
decision_type=2 2 2 2 2 2 2 2 2 2 2 2 2 2
left_child=6 2 3 -2 -3 -6 -1 8 10 -10 12 -12 -8 -13
right_child=1 4 -4 -5 5 -7 7 -9 9 -11 11 13 -14 -15
leaf_value=0.0022301489414014385 0.18741200129228902 -0.073764775954004325 -0.083075787489020295 -0.023603033215715743 0.25685709981355953 -0.081662763665513671 -0.090734694598346252 -0.0886330783153991 -0.052551052779481411 0.14693512803782832 0.096123270146404177 0.040507686632673116 -0.017685507816670998 -0.076242492095592571
leaf_weight=491.23957518534735 1.4193697292357681 9.7093713539652509 1.1988417124375699 1.221035005059093 0.46901948796585091 0.5423686730209738 6.6894751898944405 4.2466514566913238 1.7762475833296765 2.2877181451767683 4.4794947952032071 2.7007240885868669 14.217029329389332 4.5961036374792457
leaf_count=7106 28 622 45 44 15 37 124 90 20 33 41 24 226 45
internal_value=-0.000382831 -0.0345081 0.0358383 0.0898297 -0.0597001 0.0753219 0.000550715 -0.0195746 -0.0115938 0.0597452 -0.0204645 0.0160972 -0.0410591 -0.0330306
internal_weight=546.793 14.56 3.83925 2.6404 10.7208 1.01139 532.233 40.9934 36.7468 4.06397 32.6828 11.7763 20.9065 7.29683
internal_count=8500 791 117 72 674 52 7709 603 513 53 460 110 350 69
is_linear=0
shrinkage=0.08


Tree=64
num_leaves=15
num_cat=0
split_feature=1 0 18 0 18 14 2 1 17 4 7 1 4 1
split_gain=2.57169 5.01404 4.87955 7.69019 3.73732 7.96014 4.78834 3.46686 5.97378 5.16695 4.38905 7.44237 4.00705 3.11406
threshold=0.66478393252521795 0.87820740873631886 5.7419556944282899 0.91416739163129856 36.25430181595268 1.0000000180025095e-35 0.64279898931229484 0.55852065623832747 1.0000000180025095e-35 168.41070324345637 0.53203129892184609 0.63179215704572667 76.782900379742173 0.66849831606837207
decision_type=2 2 2 2 2 2 2 2 2 2 2 2 2 2
left_child=1 4 3 -3 -1 6 -6 -4 9 10 11 12 -9 -2
right_child=13 2 7 -5 5 -7 -8 8 -10 -11 -12 -13 -14 -15
leaf_value=-0.066218539727865552 0.10106347095626377 0.21247571685053201 -0.068619339743437466 -0.035860212989995775 0.12493013108582686 0.27319430779282727 -0.064536921622064675 0.23918325000515672 -0.092912747453329322 -0.087225888921994593 -0.028828078681898257 -0.0049769808560380406 0.083836349051671921 0.00085472822760143186
leaf_weight=15.955500995973127 1.9926090212538827 1.7449973560869723 4.5440987390466061 1.4706646725535391 1.082428722642361 0.64754020143300284 4.0396735847461969 2.0752615164965373 2.8282941137440494 1.8205267228186119 2.6428430848754942 2.99600884411484 2.177909935824573 500.29463228723034
leaf_count=567 34 24 114 24 24 11 146 20 58 45 65 31 27 7310
internal_value=-0.000372747 -0.0189124 0.00773491 0.0989007 -0.0462656 0.00891289 -0.0244978 -0.0076258 0.011435 0.0366325 0.0594273 0.0916027 0.159635 0.00125226
internal_weight=546.313 44.0257 22.3006 3.21566 21.7251 5.76964 5.1221 19.0849 14.5408 11.7126 9.89202 7.24918 4.25317 502.287
internal_count=8500 1156 408 48 748 181 170 360 246 188 143 78 47 7344
is_linear=0
shrinkage=0.08


Tree=65
num_leaves=15
num_cat=0
split_feature=3 3 5 12 16 7 2 6 4 8 1 7 3 0
split_gain=2.5097 4.35048 5.32335 2.84567 3.54538 2.98657 4.69624 4.54163 3.81176 3.66605 6.57974 6.22902 3.84033 3.61344
threshold=0.20278651910848774 0.31927028517833789 4.8962958342087406 1.0000000180025095e-35 6.320053302453565 0.14081855118981049 0.66776493522165559 1.5000000000000002 41.834016417020955 3.5000000000000004 0.87400201327220306 0.13438061640216592 0.053045312948600411 0.65909207190995345
decision_type=2 2 2 2 2 2 2 2 2 2 2 2 2 2
left_child=3 2 -2 5 -5 6 7 -1 -8 10 -10 -11 -13 -7
right_child=1 -3 -4 4 -6 13 8 -9 9 11 -12 12 -14 -15
leaf_value=0.03476936146013529 -0.065240942260703927 0.085714534832660366 0.11373962598761825 0.046159064340504624 -0.036223616153012249 -0.039458201658507559 -0.063529437627420554 -0.10235844582300548 0.016915269153270067 0.01184794579676725 0.20953525321400077 0.037187628139235075 0.18472942234268383 0.001440696513448996
leaf_weight=2.8687016665935516 11.742640603100876 1.7402062546461827 1.1694566085934646 3.8958056326955584 23.572304584551603 14.260294743813573 2.2205185135826495 3.3518459796905509 2.3208992499858168 18.486984272487465 2.2211878187954426 2.1024838015437117 2.4386505363509059 453.34029922191985
leaf_count=27 407 33 22 30 599 631 17 34 25 172 16 15 25 6447
internal_value=-0.00036568 -0.0330273 -0.0490306 0.000535443 -0.0245393 0.00190307 0.0241027 -0.0391198 0.0373041 0.0454253 0.111111 0.0324694 0.11642 0.000193413
internal_weight=545.732 14.6523 12.9121 531.08 27.4681 503.612 36.0113 6.22055 29.7907 27.5702 4.54209 23.0281 4.54113 467.601
internal_count=8500 462 429 8038 629 7409 331 61 270 253 41 212 40 7078
is_linear=0
shrinkage=0.08


Tree=66
num_leaves=15
num_cat=0
split_feature=6 16 11 11 1 16 3 16 10 7 4 2 2 4
split_gain=2.45767 4.51427 4.50573 4.65999 6.74335 4.50724 4.45731 4.46604 7.6934 5.76279 5.67451 5.50356 4.8821 5.71051
threshold=1.5000000000000002 63.615892761689075 8262.9929193603311 4543.3715860806305 0.75508965111960535 7.1963879571428633 0.15296132364759221 23.479840695832618 7.7132340614406685 0.14758696094327828 25.994618743093884 0.94573879526647142 0.77299292616048076 165.34895670006321
decision_type=2 2 2 2 2 2 2 2 2 2 2 2 2 2
left_child=1 2 3 4 -1 -6 7 11 9 -9 -11 -5 -12 -14
right_child=-2 -3 -4 6 5 -7 -8 8 -10 10 12 -13 13 -15
leaf_value=-0.085564927292346632 0.0026368114345570919 -0.054008542659192173 -0.070010002946477995 -0.011950249049232666 0.044946379131790976 -0.017040301883125279 -0.064762006935233374 0.14023930448378286 0.21863117959732953 0.20391908375994586 -0.049556817014321311 0.12828614085039727 0.065623650737370268 -0.085717481508622018
leaf_weight=7.8322149617597452 416.07817750051618 13.373067786684258 6.4261927353218189 22.026713944971565 9.1725329719483835 41.357491261325777 3.967231908813118 2.9349298365414205 1.5900671482086171 1.0085849650204206 6.0049664820544448 1.9495490994304407 9.337409761734305 1.9245480019599188
leaf_count=262 5956 756 141 244 66 565 122 23 15 8 124 16 148 54
internal_value=-0.000353446 -0.0100053 -0.00491189 -0.00107771 -0.0164941 -0.00578808 0.0166532 0.0235582 0.0489069 0.0361833 0.0194725 -0.000547399 0.00869874 0.0397611
internal_weight=544.984 128.906 115.532 109.106 58.3622 50.53 50.744 46.7768 22.8005 21.2104 18.2755 23.9763 17.2669 11.262
internal_count=8500 2544 1788 1647 893 631 754 632 372 357 334 260 326 202
is_linear=0
shrinkage=0.08


Tree=67
num_leaves=15
num_cat=0
split_feature=11 11 3 10 0 11 5 5 0 4 11 15 7 4
split_gain=2.41012 3.12076 2.77051 4.45555 4.11125 3.15573 6.79608 3.21206 5.41472 7.69628 4.60118 4.51768 5.19426 3.75045
threshold=8960.659420390728 8891.521590850316 0.20278651910848774 1.9532667881507224 0.87820740873631886 8808.6142357761109 4.4132305432947287 3.5047833110549003 0.8111398124367567 48.533796805723519 513.51159769584501 1.0000000180025095e-35 0.45024412614528947 33.49198015810795
decision_type=2 2 2 2 2 2 2 2 2 2 2 2 2 2
left_child=1 2 5 4 -4 7 -7 8 -1 11 -9 12 -10 -13
right_child=-2 -3 3 -5 -6 6 -8 10 9 -11 -12 13 -14 -15
leaf_value=-0.049725370280933053 0.070553987770063276 -0.074454611952983946 -0.083277521295006776 -0.057701799017937788 0.12837594811455499 0.15215936521401532 -0.058868396876103388 0.071181028730381082 0.17323291611227487 -0.017651101597516924 0.0018000268345855256 -0.062728994260742688 0.019264887316798093 0.058560894617798613
leaf_weight=20.858217226341367 3.0512266107834867 3.6514896308071902 0.88115005008876268 11.173100767191498 1.7616182053461669 2.522690129466354 1.5937326643615959 6.2045933371409765 3.2089284267276508 44.469925460405648 435.42291368776932 2.7487992476671934 2.490775665268302 4.0144485300406814
leaf_count=563 32 67 39 392 26 37 20 77 25 673 6451 31 28 39
internal_value=-0.000346784 -0.00074666 -0.000245789 -0.0356068 0.0578066 0.000687373 0.0704569 0.000134445 -0.014855 -0.00207975 0.00277479 0.0534815 0.105949 0.00926482
internal_weight=544.054 541.002 537.351 13.8159 2.64277 523.535 4.11642 519.419 77.7911 56.9329 441.628 12.463 5.6997 6.76325
internal_count=8500 8468 8401 457 65 7944 57 7887 1359 796 6528 123 53 70
is_linear=0
shrinkage=0.08


Tree=68
num_leaves=15
num_cat=0
split_feature=1 18 10 18 0 8 7 18 0 1 4 0 0 3
split_gain=2.38729 3.80375 3.33416 2.93598 5.10699 5.61679 4.55546 4.70904 5.61356 5.39674 4.65742 5.58136 4.41094 4.31992
threshold=0.62151576131106978 6.0548799479311732 6.9935703005061427 11.150801413982771 0.77405167256842289 19.500000000000004 0.46021229262856139 3.5455147679412575 0.84136230526059663 0.80492247851795862 44.520722529288783 0.92721852637292279 0.82735081971870639 0.081874611645416498
decision_type=2 2 2 2 2 2 2 2 2 2 2 2 2 2
left_child=1 2 -1 4 5 -2 -6 9 12 -8 11 -10 -9 -7
right_child=3 -3 -4 -5 6 13 7 8 10 -11 -12 -13 -14 -15
leaf_value=-0.010143053546964773 -0.079438760227283328 -0.038814023374119898 0.15884759716927932 0.003812801755240305 0.013163489307560811 0.1121382870146081 -0.061563695496702618 -0.013672905700010712 -0.065537736208353306 0.074661377826701236 -0.069347643272284612 0.12391670259267282 0.11414247658306026 -0.083306351595905784
leaf_weight=1.9063592504244327 11.883648539427666 19.588194886455312 1.2288664509542284 414.3613368307706 47.52588191954419 1.9900551633909338 2.7467787708155793 7.0945831015706045 2.0903823040425809 5.7730199489742517 21.81271236250177 1.8995467219501732 2.2844093712046742 1.1374844028614459
leaf_count=57 380 643 14 6168 468 53 49 140 26 61 339 20 37 45
internal_value=-0.00033714 -0.0257193 0.0560936 0.000770754 -0.0110941 -0.0543342 -0.0039791 -0.0226219 -0.0355449 0.0307425 -0.0548112 0.0246587 0.0174587 0.0410552
internal_weight=543.323 22.7234 3.13523 520.6 106.239 15.0112 91.2273 43.7014 35.1816 8.5198 25.8026 3.98993 9.37899 3.12754
internal_count=8500 714 71 7786 1618 478 1140 672 562 110 385 46 177 98
is_linear=0
shrinkage=0.08


Tree=69
num_leaves=15
num_cat=0
split_feature=16 3 0 10 3 3 7 18 18 3 4 4 18 8
split_gain=2.36589 4.5857 4.13866 5.14316 3.97707 3.66962 3.39906 7.4562 8.76301 13.8554 7.63491 6.59086 3.34266 6.24102
threshold=19.673736544682935 0.19351562686262477 0.7364768296403944 7.6327349880525555 0.040466769818300184 0.008077911283213543 0.32784063139453806 23.419595438565047 36.812394687542771 0.10109158117468542 54.578410328214424 25.245515889206867 44.331346789632811 5.5000000000000009
decision_type=2 2 2 2 2 2 2 2 2 2 2 2 2 2
left_child=5 2 3 6 -5 -1 7 -2 9 10 -9 -8 -7 -14
right_child=1 -3 -4 4 -6 12 11 8 -10 -11 -12 -13 13 -15
leaf_value=-0.081300968452975603 -0.084824043969019741 -0.058977360878713227 -5.5360735880595478e-06 0.25723521726305842 0.002075837440404711 0.010816172725952471 0.21227037389835507 0.18779506913724778 -0.058996532593462679 0.33468164544724283 -0.084123230557320613 -0.072262223968513367 0.064994211716865702 -0.060120056608398392
leaf_weight=2.9942192751914254 4.6890417691320234 9.5640563394408655 303.80643675127067 0.66718547511845716 0.94424639595672488 182.58054323028773 0.53880013851449149 1.0715159364044669 2.9936098242178559 1.3185429857112465 1.7243428938090799 15.792347360868005 3.3656927477568379 10.54995867051184
leaf_count=21 144 433 4974 11 52 1644 19 11 85 35 50 884 31 106
internal_value=-0.000331735 -0.00435975 -0.00279366 -0.0312758 0.10772 0.00659619 -0.0392387 -0.00651822 0.0451389 0.120907 0.0200898 -0.0628749 0.00793557 -0.0298594
internal_weight=542.601 343.11 333.546 29.7396 1.61143 199.49 28.1282 11.7971 7.10801 4.1144 2.79586 16.3311 196.496 13.9157
internal_count=8500 6698 6265 1291 63 1802 1228 325 181 96 61 903 1781 137
is_linear=0
shrinkage=0.08


Tree=70
num_leaves=15
num_cat=0
split_feature=1 4 2 18 4 3 4 16 5 3 1 10 16 1
split_gain=2.28461 2.23199 6.57998 8.68624 6.30266 5.78902 4.71562 4.47617 4.31739 9.41139 8.22208 10.1403 8.8322 7.06255
threshold=0.44991414424043991 169.84965610863688 0.59974179744082368 35.158172123563389 203.6703917980353 0.026157175711763743 185.4719744881796 51.782703010736107 4.3645375923087917 0.059705067094605185 0.76621818612631765 3.5101120616857435 15.421631076159038 0.90393863056268497
decision_type=2 2 2 2 2 2 2 2 2 2 2 2 2 2
left_child=-1 -2 3 -3 -5 6 -4 8 -7 -10 11 -11 -13 -12
right_child=1 2 5 4 -6 7 -8 -9 9 10 13 12 -14 -15
leaf_value=-0.085652632151638708 0.0023588781513825216 -0.0014611539624764813 -0.043689313147524798 0.235558176454566 0.016573165975924814 -0.03692151146364428 0.060363292854920134 -0.067096666011388514 -0.058218960774256499 -0.089066359977975046 -0.044133167597390756 0.040064848543449577 0.316657585341034 0.084803185400950207
leaf_weight=2.0012872605584553 444.73125173710287 7.643653368111698 3.9649128611199549 2.1573940161615615 1.3786982889287172 31.768884017597884 9.3866671686992031 14.797235509846358 8.7113497694954294 0.92726991698145766 6.4159697666764242 1.188552273437381 1.9528918396681545 4.718392763286829
leaf_count=68 6404 151 62 34 25 558 132 734 102 23 99 17 38 53
internal_value=-0.000335306 -1.89619e-05 -0.0111491 0.0465013 0.150177 -0.0188373 0.0294636 -0.0279873 -0.0175944 0.0080805 0.04607 0.143394 0.21201 0.010506
internal_weight=541.744 539.743 95.0119 11.1797 3.53609 83.8321 13.3516 70.4805 55.6833 23.9144 15.2031 4.06871 3.14144 11.1344
internal_count=8500 8432 2028 210 59 1818 194 1624 890 332 230 78 55 152
is_linear=0
shrinkage=0.08


Tree=71
num_leaves=15
num_cat=0
split_feature=13 7 1 3 0 8 16 5 10 0 7 7 16 1
split_gain=2.22234 3.74999 5.76604 8.11384 5.14732 4.73218 5.77692 6.15889 5.33909 4.62606 5.07837 4.59015 3.479 5.02984
threshold=1.5000000000000002 0.30518463419485597 0.92887772517706757 0.015007223956028581 0.87627470255739504 14.500000000000002 51.311154247493022 3.8770326421168653 1.8950606755908297 0.80252685600089901 0.25384275383762672 0.73195610136331435 11.291801242075012 0.92462407747545472
decision_type=2 2 2 2 2 2 2 2 2 2 2 2 2 2
left_child=12 2 3 -2 -3 8 7 -7 -6 10 -5 -9 13 -1
right_child=1 4 -4 9 5 6 -8 11 -10 -11 -12 -13 -14 -15
leaf_value=0.022270412865559603 0.12988185448416842 -0.052764892196237353 0.09473248857623072 -0.0095337092132760596 0.088845905831720848 -0.027474340736974141 -0.085108813447816734 0.16654139201597809 -0.054959023866649144 -0.050834076242265339 0.19284957025323965 0.018942363186489401 -0.0019761136844590899 -0.027009445360886161
leaf_weight=86.425380410626531 2.4226635210216108 23.760774109046906 4.4434245228767386 2.7087525008246334 1.9503334970213497 2.9656767593696696 1.9655851875431825 3.7833179384469986 10.814369479659943 12.389269267208872 1.1222822861745951 2.0952727068215609 368.74022943130694 15.656822329387067
leaf_count=729 15 639 34 51 28 37 61 30 173 147 21 27 6394 114
internal_value=-0.000340367 -0.0135952 0.012839 -0.00667972 -0.0264877 -2.89416e-06 0.0389459 0.0665164 -0.0329869 -0.0270765 0.0497535 0.113934 0.00164218 0.0147121
internal_weight=541.244 70.4217 23.0864 18.643 47.3353 23.5746 10.8099 8.84427 12.7647 16.2203 3.83103 5.87859 470.822 102.082
internal_count=8500 1263 268 234 995 356 155 94 201 219 72 57 7237 843
is_linear=0
shrinkage=0.08


Tree=72
num_leaves=15
num_cat=0
split_feature=6 2 11 3 2 4 0 7 7 15 18 2 3 2
split_gain=2.18414 3.36479 7.01661 4.95546 6.68516 3.23837 4.71777 2.62348 2.59552 5.28894 5.12491 8.33944 8.96725 5.36564
threshold=1.0000000180025095e-35 0.63991016604064288 1251.7638347196037 0.075905415767979684 0.56435014146796669 82.799622256843051 0.88739409830317129 0.62264340322878764 0.78612241644400793 1.0000000180025095e-35 19.222545866637098 0.52689634933379281 0.015007223956028581 0.62747647044037824
decision_type=2 2 2 2 2 2 2 2 2 2 2 2 2 2
left_child=1 2 -1 -4 -5 6 -3 -8 -2 -10 13 -12 -13 -11
right_child=8 5 3 4 -6 -7 7 -9 9 10 11 12 -14 -15
leaf_value=0.29297569368976334 0.00307523588250277 -0.05760204271008653 -0.09049523052107393 -0.084835352397635941 0.23344956955305443 -0.065600709461084067 0.10103272505214257 -0.020767441422038461 -0.037132303244412974 -0.065599073063200924 0.16338307614156417 0.19264633745635562 -0.041589887990561188 0.062212098777881419
leaf_weight=0.60932545876130717 443.48564830189571 4.9096566983498651 1.8776176776736977 0.73798820935189702 0.98742259200662374 11.274081906303762 2.9351950632408261 1.8420602157711981 32.591623446671292 2.5002473413478574 1.5298217255622173 1.1013756273314381 20.803551258053631 13.202592543326316
leaf_count=10 6131 125 39 24 23 382 30 27 828 46 27 16 499 293
internal_value=-0.000332569 -0.0233418 0.0419025 -0.000557741 0.0973136 -0.0364533 -0.00253026 0.0540678 0.000791657 -0.0133272 0.00649638 -0.0172007 -0.0298125 0.0418617
internal_weight=540.388 25.1733 4.21235 3.60303 1.72541 20.961 9.68691 4.77726 515.215 71.7292 39.1376 23.4347 21.9049 15.7028
internal_count=8500 660 96 86 47 564 182 57 7840 1709 881 542 515 339
is_linear=0
shrinkage=0.08


Tree=73
num_leaves=15
num_cat=0
split_feature=11 11 1 14 10 0 2 11 16 16 16 0 4 1
split_gain=2.13994 2.72165 2.27208 4.13359 5.59267 3.74168 4.37614 3.97425 8.54036 7.02251 4.81675 3.79977 3.55337 2.86235
threshold=8960.659420390728 8891.521590850316 0.66478393252521795 1.0000000180025095e-35 3.8924981068373357 0.82735081971870639 0.81569259307813036 6958.3556317402081 33.898945185861699 13.329086844420962 48.574041893488193 0.9690565852303642 34.668808079659236 0.66849831606837207
decision_type=2 2 2 2 2 2 2 2 2 2 2 2 2 2
left_child=1 2 3 5 -5 -1 7 9 -9 -7 -10 -11 -8 -4
right_child=-2 -3 13 4 -6 6 12 8 10 11 -12 -13 -14 -15
leaf_value=-0.067871436484817013 0.06602165069900455 -0.071962130809358732 0.096444773725432392 -0.090331987433846059 0.1206096132492135 0.084751440756940064 0.069894326777650159 -0.012119011298509945 0.38313189939035336 -0.067435245754662962 0.11387082542825021 0.11862856783346409 -0.066357719940126195 0.00086904997453622656
leaf_weight=10.152311962330712 3.092958816792815 3.409471435006707 2.0136760771274558 1.1294219386763864 2.7952749575488269 3.5661312136799159 1.3991234190762032 2.654391221702098 0.67068616952747095 7.4024182923603785 1.1616283780895171 0.77609257120639075 9.8427451222669315 489.68137768097222
leaf_count=493 32 67 33 31 43 32 21 28 11 197 35 13 237 7227
internal_value=-0.000330688 -0.000713103 -0.00025755 -0.0182214 0.0599063 -0.0263709 -0.0110349 0.015537 0.0795836 -0.00893023 0.212429 -0.0497789 -0.0494003 0.00126047
internal_weight=539.748 536.655 533.245 41.5502 3.9247 37.6255 27.4732 16.2313 4.48671 11.7446 1.83231 8.17851 11.2419 491.695
internal_count=8500 8468 8401 1141 74 1067 574 316 74 242 46 210 258 7260
is_linear=0
shrinkage=0.08


Tree=74
num_leaves=15
num_cat=0
split_feature=3 3 2 4 17 7 7 16 10 8 7 16 4 16
split_gain=2.11484 4.96782 4.2865 4.51747 4.14368 5.83521 8.69192 5.79452 6.81725 10.5698 8.35347 6.61685 9.85019 6.51392
threshold=0.073310569960095953 0.07170135223027925 0.77563098777078421 102.72721623736602 1.0000000180025095e-35 0.53203129892184609 0.51366684197332202 63.305953038090514 2.1492372262325197 13.500000000000002 0.83900382149363628 59.837299290461296 49.26440370079856 27.997257402251623
decision_type=2 2 2 2 2 2 2 2 2 2 2 2 2 2
left_child=1 -1 -3 -4 7 6 -6 8 9 10 -2 -10 -13 -11
right_child=4 2 3 -5 5 -7 -8 -9 11 13 -12 12 -14 -15
leaf_value=0.0021522908689987318 0.063810809201582844 0.105817489261075 0.079088915126492951 -0.094365202074300186 -0.014805922879424303 -0.06265878047573635 0.18988454657772319 -0.038457759233303399 -0.0063677961157547645 0.031057986760659382 0.24299442223301779 0.31577974712416057 0.02924839013076368 -0.087737985386079451
leaf_weight=303.99216731544584 12.732385498005899 5.5902507500722987 2.009268987923861 1.8418573630042372 24.971367009216923 18.361326151527464 1.4022580534219731 22.894079755526036 126.34520690259524 8.072985843755303 1.915669310837983 0.98767544329166312 3.4500831263139844 4.6587962917983523
leaf_count=3842 180 52 19 31 397 512 23 1120 1961 92 33 20 103 115
internal_value=-0.00032507 0.00392724 0.0610769 -0.00386805 -0.00622793 -0.0280308 -0.00392274 -0.000840952 0.00460408 0.0409038 0.0872444 -0.00299537 0.0930193 -0.0124117
internal_weight=539.225 313.434 9.44138 3.85113 225.792 44.735 26.3736 181.057 158.163 27.3798 14.6481 130.783 4.43776 12.7318
internal_count=8500 3944 102 50 4556 932 420 3624 2504 420 213 2084 123 207
is_linear=0
shrinkage=0.08


Tree=75
num_leaves=15
num_cat=0
split_feature=5 0 4 7 7 0 11 4 8 10 8 1 2 18
split_gain=2.09364 4.7166 5.4419 5.21279 6.08002 4.94573 4.6743 4.35001 5.48848 5.47735 7.66471 7.63645 6.67963 6.45517
threshold=3.6572926098268037 0.94758900779258659 166.07696598894651 0.74010203371479044 0.73195610136331435 0.95861117190872946 6620.5002186144502 95.67677877279074 2.5000000000000004 4.170019278392906 13.500000000000002 0.88627665349727847 0.84797984803243154 12.253447472918605
decision_type=2 2 2 2 2 2 2 2 2 2 2 2 2 2
left_child=1 3 6 4 7 -4 -3 8 -1 -10 -11 12 13 -12
right_child=-2 2 5 -5 -6 -7 -8 -9 9 10 11 -13 -14 -15
leaf_value=0.089016266414619932 0.0022971819559467481 -0.027198705912397016 0.23957111299118974 -0.054375684410865446 0.16965165764329726 0.024353999002612738 0.071900197774498006 -0.028640107777265774 -0.038998016540799402 -0.030240552930805548 0.21212641372310007 0.16857332423536453 -0.092929825264854618 0.020922192540423441
leaf_weight=4.7655902612023047 421.55281336209737 8.2537396750412864 1.3862486528232687 18.627919039921835 1.2212515338323999 1.3477756483480332 4.8281043227761975 40.765317733632401 15.105844042263923 9.1647651037201303 1.520468863658605 3.3941791197285047 2.2112245550379157 4.4007346904836595
leaf_count=55 6358 90 16 565 23 24 44 868 212 120 14 27 34 50
internal_value=-0.000330566 -0.00979894 0.0308285 -0.0161498 -0.00752377 0.133477 0.00937564 -0.0101843 0.00836366 -0.00237341 0.0243646 0.0677809 0.0257138 0.0700203
internal_weight=538.546 116.993 15.8159 101.177 82.5494 2.73402 13.0818 81.3281 40.5628 35.7972 20.6914 11.5266 8.13243 5.9212
internal_count=8500 2142 174 1968 1403 40 134 1380 512 457 245 125 98 64
is_linear=0
shrinkage=0.08


Tree=76
num_leaves=15
num_cat=0
split_feature=1 12 10 1 16 0 18 18 4 7 1 4 4 4
split_gain=2.05319 2.03459 3.98315 4.0956 4.39888 3.5512 3.45723 3.21351 3.47275 8.91875 11.3817 4.22409 3.11598 3.83895
threshold=0.44991414424043991 1.0000000180025095e-35 2.0035534778596022 0.78579923664731821 28.802324975306362 0.86965174751886742 17.423539723464078 38.695054664694197 146.36358163118905 0.39551402287625731 0.84524466979890123 41.834016417020955 20.802534721014805 22.808090209631811
decision_type=2 2 2 2 2 2 2 2 2 2 2 2 2 2
left_child=-1 12 3 -3 -5 -4 -6 8 11 -10 -11 -7 -2 -14
right_child=1 2 5 4 6 7 -8 -9 9 10 -12 -13 13 -15
leaf_value=-0.085452552940887397 -0.081699481348207328 -0.088864192633014732 -0.07170503302280809 0.16770680912481387 0.10555259805132877 0.083694322541242136 -0.086428984104374676 -0.09053692193689436 -0.091486703535930247 0.36110310985964594 0.010930911934542402 -0.065598339856024548 0.066292905097527305 0.00083474412435930768
leaf_weight=1.8072484405711282 2.8914342438802114 1.2343975761905337 9.9725160279776919 1.8927600830793379 1.1428930778056385 1.6733583267778138 1.2645736685954032 2.3926041964441529 1.3478362574242058 1.0634686290286484 1.3458292549476025 4.4082249468192458 5.8006788669154039 499.58368469798006
leaf_count=68 31 38 347 15 17 18 33 45 22 20 23 85 63 7675
internal_value=-0.00032616 -3.91447e-05 -0.0211375 0.0395825 0.0764537 -0.0362728 0.00471014 -0.00738406 0.0128373 0.0733069 0.165498 -0.0245202 0.00111227 0.00158606
internal_weight=537.822 536.014 27.7385 5.53462 4.30023 22.2038 2.40747 12.2313 9.83872 3.75713 2.4093 6.08158 508.276 505.384
internal_count=8500 8432 663 103 65 560 50 213 168 65 43 103 7769 7738
is_linear=0
shrinkage=0.08


Tree=77
num_leaves=15
num_cat=0
split_feature=6 12 3 3 3 5 18 4 8 3 5 7 16 11
split_gain=2.02673 4.36947 3.69755 3.93105 4.59584 5.58013 4.95932 5.82285 5.30691 4.43337 4.23272 5.20576 5.72809 5.49602
threshold=1.5000000000000002 1.0000000180025095e-35 0.01025252531567967 0.049129371034158105 0.040983019630904761 3.3276675095313668 29.225484002799572 61.815385141726999 16.500000000000004 0.045477804849032376 3.6786692700137378 0.14758696094327828 36.575107823119517 5771.4970888200596
decision_type=2 2 2 2 2 2 2 2 2 2 2 2 2 2
left_child=1 2 -1 4 5 -4 8 -8 9 -6 -5 13 -13 -12
right_child=-2 -3 3 10 6 -7 7 -9 -10 -11 11 12 -14 -15
leaf_value=-0.093972174379141335 0.0023872625827732249 -0.069728753410355962 0.11870358974706363 -0.048152459647628321 -0.058653543154508013 -0.0099742969413854719 0.12317947970817045 -0.092662349180320777 0.190797519616039 0.11007281753242237 -0.0013241269279929951 0.0065376915127797796 -0.049875976828068998 0.13988935123485047
leaf_weight=2.9505555331706992 412.15121019235812 7.2018261894118032 2.3535951413214233 17.632596693467349 1.5952770113944987 25.799083998892456 1.2498420281335714 2.2220719738397747 2.6622199909761548 2.656050416175276 4.0344225666485718 34.451448604930192 17.305395225295797 3.1342445919290185
leaf_count=52 5956 230 30 444 27 407 9 48 27 28 41 463 707 31
internal_value=-0.000321044 -0.00923317 -0.00554245 -0.0032755 0.0175629 0.000783317 0.0630485 -0.0149622 0.102225 0.0467596 -0.0137652 -0.00347532 -0.0123248 0.0604164
internal_weight=537.4 125.249 118.047 115.096 38.5381 28.1527 10.3855 3.47191 6.91355 4.25133 76.5581 58.9255 51.7568 7.16867
internal_count=8500 2544 2314 2262 576 437 139 57 82 55 1686 1242 1170 72
is_linear=0
shrinkage=0.08


Tree=78
num_leaves=15
num_cat=0
split_feature=4 2 2 4 18 3 2 18 16 16 5 3 4 16
split_gain=2.0206 5.07819 6.71911 4.88067 4.9783 4.7957 4.37095 5.89936 3.96271 3.56648 3.43986 7.47133 6.69747 9.44237
threshold=169.84965610863688 0.59974179744082368 0.58349626242790598 207.04115293109524 35.158172123563389 0.026157175711763743 0.87784280064837772 20.803203220708923 51.782703010736107 14.606570916421957 4.3645375923087917 0.059705067094605185 187.8840914857862 15.421631076159038
decision_type=2 2 2 2 2 2 2 2 2 2 2 2 2 2
left_child=-1 2 3 4 9 6 7 -3 10 -2 -7 -12 -13 -14
right_child=1 5 -4 -5 -6 8 -8 -9 -10 -11 11 12 13 -15
leaf_value=0.0019451579985657584 0.10052398929540267 -0.094455230652446889 0.17003305223236295 -0.090171994485728268 0.14081572578703944 -0.034905386541885436 0.080896620766576333 0.043914778435205006 -0.065414251544819321 -0.046128551785537139 -0.055946351665681293 -0.030174928266148628 -0.0083240394788999996 0.14764106278175126
leaf_weight=442.7898692372255 1.5212079053744654 3.2918029110878688 2.0458296404685816 2.3386988984420896 2.2750251805409789 30.636299960780889 5.4406367847695938 4.9183108918368816 13.535590483807026 3.5104621290229261 8.3348372871987539 5.8901021634228519 4.5255674179643375 5.5078476150520146
leaf_count=6454 14 56 29 51 30 564 61 79 739 89 102 89 57 86
internal_value=-0.000314062 -0.010982 0.0383466 0.0104153 0.0426109 -0.0180082 0.0252871 -0.011564 -0.0266449 -0.00179158 -0.0170854 0.00541984 0.0375407 0.0772931
internal_weight=536.562 93.7722 11.6912 9.64539 7.3067 82.081 13.6508 8.21011 68.4302 5.03167 54.8947 24.2584 15.9235 10.0334
internal_count=8500 2046 213 184 133 1833 196 135 1637 103 898 334 232 143
is_linear=0
shrinkage=0.08


Tree=79
num_leaves=15
num_cat=0
split_feature=13 8 16 0 11 3 18 1 2 0 5 18 16 10
split_gain=2.02328 3.15463 4.05487 5.38716 4.62799 3.28901 4.2912 4.89297 5.23321 4.25288 3.01479 2.77251 2.74666 4.69585
threshold=1.5000000000000002 15.500000000000002 75.404396449479435 0.93782156662053306 8624.8946858110266 0.015007223956028581 41.388698503351492 0.90066504453452423 0.80640607640180173 0.9331139749037195 4.4423548573464249 7.904135416010047 11.291801242075012 5.5850478215546335
decision_type=2 2 2 2 2 2 2 2 2 2 2 2 2 2
left_child=12 2 4 10 -2 -3 7 9 -9 11 -4 -7 -1 -14
right_child=1 5 3 -5 -6 6 -8 8 -10 -11 -12 -13 13 -15
leaf_value=0.013176559712524112 -0.039430713278184641 0.10158015174991325 -0.082922574052406953 0.21912061208032621 0.11888682950466636 0.044910658015365729 -0.092895363583354859 -0.020822339636480221 0.14809255500412849 0.074025343848886496 0.11724964187288606 -0.043972079098914749 0.0049324363277119697 -0.01413661687863233
leaf_weight=102.03221328184009 36.745472416048869 2.1994346184656051 1.3287595729343591 0.95435547083616246 1.2209867862984527 2.7791640069335797 2.8502514201682052 1.9318133695051063 2.9917775066569448 3.2747289510443798 0.75522826053202141 11.708717780886216 238.69216178334318 126.42351742065512
leaf_count=843 633 22 87 13 19 45 59 34 39 40 33 239 4159 2235
internal_value=-0.0003132 -0.0131277 -0.0272226 0.0617063 -0.0343393 0.0077102 -0.000374746 0.0112494 0.0818173 -0.00831126 -0.010381 -0.026922 0.00157245 -0.00167034
internal_weight=535.889 68.7407 41.0048 3.03834 37.9665 27.7359 25.5365 22.6862 4.92359 17.7626 2.08399 14.4879 467.148 365.116
internal_count=8500 1263 785 133 652 478 456 397 73 324 120 284 7237 6394
is_linear=0
shrinkage=0.08


Tree=80
num_leaves=15
num_cat=0
split_feature=18 0 8 18 9 5 5 18 2 0 10 7 7 18
split_gain=1.93435 5.04213 5.09964 4.89759 7.32103 7.81657 7.16561 5.25558 5.1134 4.33886 7.7528 8.66107 4.1087 5.31259
threshold=11.28452993762377 0.77405167256842289 19.500000000000004 13.127647108189537 1.0000000180025095e-35 4.0117226754631643 4.6062031346047236 11.85744891317175 0.58952105950643829 0.81607381712744165 3.021144840728196 0.50710185017315668 0.45377284874316093 3.5455147679412575
decision_type=2 2 2 2 2 2 2 2 2 2 2 2 2 2
left_child=1 2 -1 4 5 -2 -7 -6 -9 10 -10 -12 -3 -14
right_child=3 12 -4 -5 7 6 -8 8 9 -11 11 -13 13 -15
leaf_value=-0.078673489091307239 -0.013155903815110748 0.01283693519110617 0.034800339075806902 0.00011724465405943373 -0.071884116486338884 0.28535869617261961 0.072172752655460318 -0.10019530551089023 -0.087195123897980592 0.028805028357089559 0.022238518725931598 0.3914334715630769 0.033571321900898177 -0.033617388795869861
leaf_weight=11.388313253642989 2.0711049768142429 50.203990863636136 3.260374385630711 400.77921564527787 3.7984872795641449 2.0040808622725308 2.0323477955535054 1.566315528936683 0.63256191508844439 8.9488425690215063 0.68550776597112395 0.99976526061072946 9.4285573950037342 37.437384936725721
leaf_count=426 43 510 108 6358 71 23 18 24 17 99 19 26 123 635
internal_value=-0.000303663 -0.00966758 -0.0534175 0.00216642 0.0382835 0.11319 0.178019 0.0107755 0.0352423 0.0540711 0.15162 0.241258 -0.00306534 -0.0201003
internal_weight=535.237 111.719 14.6487 423.518 22.739 6.10753 4.03643 16.6315 12.833 11.2667 2.31783 1.68527 97.0699 46.8659
internal_count=8500 1802 534 6698 340 84 41 256 185 161 62 45 1268 758
is_linear=0
shrinkage=0.08


Tree=81
num_leaves=15
num_cat=0
split_feature=1 16 1 2 4 16 18 16 18 4 3 2 8 0
split_gain=1.90902 1.86778 3.56242 5.86349 3.0576 2.38482 3.7186 3.35605 2.08413 3.22251 3.34991 12.0581 4.29994 7.41292
threshold=0.44991414424043991 81.95437940982157 0.93437741237603256 0.71035202335790271 38.087049675529997 81.047206761588441 29.225484002799572 79.383947360299985 44.528634650681916 185.4719744881796 0.039033392783390193 0.75296003382202525 5.5000000000000009 0.92721852637292279
decision_type=2 2 2 2 2 2 2 2 2 2 2 2 2 2
left_child=-1 5 -3 -4 -5 7 -7 8 -2 10 11 -10 13 -12
right_child=1 2 3 4 -6 6 -8 -9 9 -11 12 -13 -14 -15
leaf_value=-0.085188104955014041 0.0022292578713261802 -0.051448740410779521 0.25030283645036144 0.12734779476541858 -0.083704299674807248 -0.030680607900466537 0.14216967893506821 -0.08267178489293793 0.18002638521239761 -0.087730331619808033 -0.02620254897213975 -0.034301857840579215 -0.041175713534228386 0.15238365400352588
leaf_weight=1.6903893346898247 475.36694988422096 10.322390637942588 0.70332626719027702 0.63994321227073703 1.401329625630751 1.3826116309501224 1.8792501776479182 3.1024725846946231 2.5283187124878159 3.7391759923193595 4.5145838977769044 5.006704312749207 20.207873166538775 2.2185770832002163
leaf_count=68 6803 692 26 6 62 55 44 166 24 88 85 65 300 16
internal_value=-0.000306258 -3.70656e-05 -0.0299098 0.0510977 -0.017539 0.000713679 0.0689033 0.000283194 0.000784312 -0.0171897 -0.00953901 0.0376143 -0.0227271 0.0326416
internal_weight=534.704 533.014 13.067 2.7446 2.04127 519.947 3.26186 516.685 513.582 38.2152 34.4761 7.53502 26.941 6.73316
internal_count=8500 8432 786 94 68 7646 99 7547 7381 578 490 89 401 101
is_linear=0
shrinkage=0.08


Tree=82
num_leaves=15
num_cat=0
split_feature=17 3 7 1 16 18 1 16 7 4 7 7 16 11
split_gain=1.82648 5.28514 5.90869 7.54734 4.54246 3.93271 3.84443 3.56513 10.0443 5.14479 3.27394 3.30788 3.21001 3.10813
threshold=1.0000000180025095e-35 0.045886767588595674 0.53203129892184609 0.96001802131222624 2.1778113818643807 2.8523073770516385 0.69083526158004771 73.97661247051893 0.2839123517039237 28.584897684241557 0.51366684197332202 0.47147789346160318 86.238251525583976 5256.237097397564
decision_type=2 2 2 2 2 2 2 2 2 2 2 2 2 2
left_child=12 6 3 10 -4 -6 -2 9 -9 -8 11 13 -1 -3
right_child=1 2 4 -5 5 -7 7 8 -10 -11 -12 -13 -14 -15
leaf_value=0.0027682690409908312 -0.072389451178137526 -0.033517143330091322 0.15712583037587929 0.11507221359095564 0.13254512936515261 -0.063704972588932568 0.16551199209810072 0.31406979697422577 -0.024317307484429843 0.0078563078837721005 0.095537400313592771 -0.093141209493861843 -0.066061221801486658 0.015393699754517692
leaf_weight=421.3264388286043 3.0949564701877526 18.446020849747583 0.64104506559670227 3.1201124088838688 0.67128922161646443 24.674296593759209 1.3789171399548639 0.96230693534016554 1.3475324669852851 33.713088913820684 1.6633798545226444 3.505037761759012 4.3815792461391529 15.139926424250005
leaf_count=6459 75 257 8 25 13 669 13 12 57 318 29 67 283 215
internal_value=-0.000300491 -0.00957359 -0.0232222 -0.00462594 -0.0531879 -0.0585072 0.0132976 0.0203881 0.116659 0.0140513 -0.0142628 -0.0191869 0.00205984 -0.011469
internal_weight=534.066 108.358 67.8611 41.8745 25.9866 25.3456 40.4968 37.4018 2.30984 35.092 38.7544 37.091 425.708 33.5859
internal_count=8500 1758 1283 593 690 682 475 400 69 331 568 539 6742 472
is_linear=0
shrinkage=0.08


Tree=83
num_leaves=15
num_cat=0
split_feature=0 10 7 16 13 5 5 0 10 7 16 8 16 2
split_gain=1.77045 2.9939 5.13856 2.70261 1.97834 3.32087 5.30209 4.01391 6.21888 4.18671 4.15306 4.12039 3.59269 4.44694
threshold=0.62353037702661729 3.044926700089392 0.27672610239594453 4.9716831770316023 1.5000000000000002 3.8972902250871817 3.9484816772482492 0.85819386253698482 6.9620741663473984 0.25728503818982512 75.404396449479435 13.500000000000002 28.802324975306362 0.75702542672616013
decision_type=2 2 2 2 2 2 2 2 2 2 2 2 2 2
left_child=1 2 -1 -3 -2 -6 -7 9 10 -8 11 -9 -13 -14
right_child=4 3 -4 -5 5 6 7 8 -10 -11 -12 12 13 -15
leaf_value=0.11288062632747826 0.0021994821758698092 0.14814750609987834 -0.081677511887674761 -0.082319652355834133 -0.036688030993489947 0.13036061064653018 0.031005762901263761 -0.019383041851668347 -0.077922566190476258 -0.061317303982055975 0.13509700920997292 0.11019977056841805 -0.095104014328769526 0.060319524531710432
leaf_weight=1.9053383320569977 457.30400085239671 0.34563900157809246 1.5970265851356087 5.6296838442794979 23.579565988853574 1.9269713917747129 4.2900677598081556 9.051789293065676 3.9224552256055167 11.763828192837535 2.2267674249596885 4.3071019733324629 1.6964031755924223 3.8566551487892866
leaf_count=36 6781 10 118 346 480 23 56 112 63 333 41 31 25 45
internal_value=-0.000296752 -0.0345647 0.024165 -0.0689884 0.000323147 -0.0125564 0.000663558 -0.00541505 0.0145911 -0.0366459 0.0317577 0.0195901 0.0553681 0.0128392
internal_weight=533.403 9.47769 3.50236 5.97532 523.926 66.6216 43.042 41.1151 25.0612 16.0539 21.1387 18.9119 9.86016 5.55306
internal_count=8500 510 154 356 7990 1209 729 706 317 389 254 213 101 70
is_linear=0
shrinkage=0.08


Tree=84
num_leaves=15
num_cat=0
split_feature=11 11 5 1 1 5 3 3 5 16 16 4 2 12
split_gain=1.80403 2.5045 2.2805 6.96176 4.17571 4.04546 2.13166 3.71034 4.59128 2.47735 4.05156 4.8649 2.25513 2.19479
threshold=8960.659420390728 8891.521590850316 3.2220805090196696 0.831034871624314 0.73636760259436529 3.2387453487852556 0.20278651910848774 0.31927028517833789 4.8962958342087406 1.806269467508246 2.4951133808359849 116.34195864025467 0.76727541196704896 1.0000000180025095e-35
decision_type=2 2 2 2 2 2 2 2 2 2 2 2 2 2
left_child=1 2 3 4 -1 -4 9 8 -8 12 11 -11 -7 -12
right_child=-2 -3 5 -5 -6 6 7 -9 -10 10 13 -13 -14 -15
leaf_value=0.0063989359163028085 0.060083150568999572 -0.070527056050798412 -0.090191878809189691 -0.037801597335838565 0.17676060222374487 -0.10587412171644989 -0.068889213698992716 0.074502733183504477 0.094754744189701964 0.11287522711847738 0.0015160129765975072 -0.019086719158253933 -0.011987018186806069 -0.023320361044749993
leaf_weight=1.4343536142259825 3.1489139227196565 3.2623956324532619 3.223703730152919 3.5755832158029079 2.5718095069751143 2.5946493484079829 9.6317094445694185 1.7750413636676974 1.2383476691320545 4.4451708998531094 464.455432144925 2.9910108298063278 4.4377890955656767 23.94584192999173
leaf_count=29 32 67 67 42 29 20 399 33 22 29 7059 30 38 604
internal_value=-0.000290042 -0.000649023 -0.000215884 0.0433423 0.115765 -0.000852518 -0.000293847 -0.0327349 -0.0502464 0.000521912 0.00119062 0.059797 -0.0466271 0.00029831
internal_weight=532.732 529.583 526.32 7.58175 4.00616 518.739 515.515 12.6451 10.8701 502.87 495.837 7.43618 7.03244 488.401
internal_count=8500 8468 8401 100 58 8301 8234 454 421 7780 7722 59 58 7663
is_linear=0
shrinkage=0.08


Tree=85
num_leaves=15
num_cat=0
split_feature=1 18 0 8 18 9 5 5 18 2 7 16 3 16
split_gain=1.7334 1.74844 4.41318 4.88293 4.00228 5.83894 5.78001 4.56881 4.5137 4.32807 3.80657 6.24993 3.57794 5.84905
threshold=0.44991414424043991 11.28452993762377 0.77405167256842289 19.500000000000004 13.127647108189537 1.0000000180025095e-35 4.0117226754631643 4.601034962011183 11.85744891317175 0.58952105950643829 0.60802800545847657 24.134099808210639 0.056647268302259253 37.144556402868979
decision_type=2 2 2 2 2 2 2 2 2 2 2 2 2 2
left_child=-1 2 3 -2 5 6 -3 -8 -7 -10 -5 -12 -11 -14
right_child=1 4 -4 10 -6 8 7 -9 9 12 11 -13 13 -15
leaf_value=-0.084820783123137289 -0.07779351067773993 -0.011559554635720524 -0.0029430200200324221 -0.043339638209930274 0.00043694468020518025 -0.069856663777281822 0.24177784807708791 0.076856249140214897 -0.098878073600752722 -0.0042238336151086651 0.34602869361618366 0.0032154249387483999 0.13902538695273711 -0.017936180819955409
leaf_weight=1.547705721692181 10.541246325941755 2.02689239708707 96.37243456649594 1.8126688757911318 397.35968151863199 3.5720427741762277 1.9772553509101269 2.3560497872531414 1.4479206174146373 4.9087133929133397 0.54075452871620633 0.91845350223593414 4.4561733454465866 2.3055458562448621
leaf_count=68 426 42 1260 56 6302 71 20 20 24 49 10 40 42 70
internal_value=-0.000280696 -3.40992e-05 -0.00900442 -0.0512941 0.00231694 0.0347254 0.0999503 0.152109 0.00987013 0.0315792 0.0340812 0.130255 0.0477647 0.0855061
internal_weight=532.144 530.596 110.186 13.8131 420.41 23.0506 6.3602 4.33331 16.6904 13.1184 3.27188 1.45921 11.6704 6.76172
internal_count=8500 8432 1792 532 6640 338 82 40 256 185 106 50 161 112
is_linear=0
shrinkage=0.08


Tree=86
num_leaves=15
num_cat=0
split_feature=4 16 5 18 10 14 0 10 2 11 11 2 2 10
split_gain=1.67996 4.39837 6.19551 4.26814 4.25654 6.25266 5.47154 8.00068 5.05059 4.33625 5.0214 4.3394 5.02528 6.47025
threshold=169.84965610863688 51.782703010736107 3.7569794567442112 45.638977552262574 4.0585212473759169 1.0000000180025095e-35 0.8197017487638979 1.6701886393641172 0.55430414804698735 8295.66470334121 7941.216787393837 0.94802915238286822 0.81569259307813036 7.6080890928547076
decision_type=2 2 2 2 2 2 2 2 2 2 2 2 2 2
left_child=-1 2 -2 4 5 6 7 -4 -8 10 11 12 -6 -14
right_child=1 -3 3 -5 9 -7 8 -9 -10 -11 -12 -13 13 -15
leaf_value=0.0017786465350807148 -0.047393563664697692 -0.045810411149598149 0.1646946476074973 -0.08974111699047832 0.048038548970445238 0.1199133803371244 0.081345611432001988 -0.021832679955024598 -0.067817706690854615 -0.091890029863586895 0.16086591335651368 0.12982214992072888 -0.052115597021194886 0.13950264588075731
leaf_weight=439.77593937213533 15.02319298381917 17.810758046340197 2.1121703302487793 2.6160069257020941 16.824987293453898 2.1302425647154442 1.6336722038686264 4.8535358472727239 13.119721934199331 1.6712940158322442 2.0666699511930338 2.6249792901799074 8.0180642958730441 1.3123826677910972
leaf_count=6454 334 917 23 41 201 22 13 113 161 30 22 26 129 14
internal_value=-0.000276281 -0.0101187 -0.001529 0.0101527 0.0147888 -0.0108814 -0.02371 0.0347269 -0.0513006 0.0336156 0.0404155 0.0317662 0.0219252 -0.0251634
internal_weight=531.594 91.8177 74.0069 58.9837 56.3677 23.8493 21.7191 6.96571 14.7534 32.5184 30.8471 28.7804 26.1554 9.33045
internal_count=8500 2046 1129 795 754 332 310 136 174 422 392 370 344 143
is_linear=0
shrinkage=0.08


Tree=87
num_leaves=15
num_cat=0
split_feature=6 12 11 16 3 1 7 14 5 0 0 8 3 11
split_gain=1.62763 3.80433 3.45522 3.40722 3.07359 3.07117 4.13784 6.74026 5.83017 5.31855 5.04935 4.65867 4.13004 3.5608
threshold=1.5000000000000002 1.0000000180025095e-35 8563.6344738985699 68.587168118492841 0.01025252531567967 0.84775265149569523 0.32408603829227756 1.0000000180025095e-35 4.1825494644094103 0.83428842635950551 0.90914920403159438 17.500000000000004 0.017273054743063874 4642.1011257575256
decision_type=2 2 2 2 2 2 2 2 2 2 2 2 2 2
left_child=1 2 3 4 -1 6 9 -8 -9 -6 11 13 -7 -11
right_child=-2 -3 -4 -5 5 12 7 8 -10 10 -12 -13 -14 -15
leaf_value=-0.094227094102508693 0.0021476220431405559 -0.067413555919149298 -0.086717594484763461 -0.053755393994792233 -0.04909379693832918 0.11758422698964921 -0.043919426751783244 -0.033680881429033332 0.21874186145066618 0.058360402762658116 -0.024175552272284639 0.0021705342534197266 0.010922276594295148 0.18978437252876357
leaf_weight=2.1194756571203461 408.5272428659955 6.6072438856353974 3.2194119393825522 7.7758832738036281 5.3719538343139019 2.4264374412596217 25.227918670512739 1.1240002186968916 1.2225568750873206 2.504009919241069 4.3068263214081517 2.9514406826347113 54.688619647873566 2.7889555329456925
leaf_count=36 5956 230 104 527 111 21 671 23 21 25 44 32 676 23
internal_value=-0.000276427 -0.00837135 -0.00500045 -0.00266212 0.00113133 0.00310096 -0.0124058 -0.0318566 0.0978314 0.0175188 0.0460291 0.0827035 0.0154536 0.12761
internal_weight=530.862 122.335 115.727 112.508 104.732 102.613 45.4977 27.5745 2.34656 17.9232 12.5512 8.24441 57.1151 5.29297
internal_count=8500 2544 2314 2210 1683 1647 950 715 44 235 124 80 697 48
is_linear=0
shrinkage=0.08


Tree=88
num_leaves=15
num_cat=0
split_feature=17 3 7 1 7 16 7 18 1 10 7 2 16 3
split_gain=1.60388 4.43869 5.35894 5.98646 5.04655 3.86389 3.41755 3.39536 3.34711 2.90661 4.4998 7.04384 5.87319 5.14457
threshold=1.0000000180025095e-35 0.045886767588595674 0.53203129892184609 0.96001802131222624 0.51758830792086252 2.1778113818643807 0.47147789346160318 2.8523073770516385 0.69083526158004771 5.5508800482110594 0.62904492546457424 0.87194568504858283 12.711267428393393 0.028497446439797212
decision_type=2 2 2 2 2 2 2 2 2 2 2 2 2 2
left_child=-1 8 3 4 6 -4 -3 -7 -2 10 12 13 -10 -12
right_child=1 2 5 -5 -6 7 -8 -9 9 -11 11 -13 -14 -15
leaf_value=0.0019359922182463987 -0.071192180709004932 -0.010480782821807255 0.13368454785817294 0.10038071199644114 0.14051737913841306 0.11553145562258106 -0.091940368993264118 -0.061946883428740697 0.092220582084098238 -0.014763846095707219 0.093684750906925324 0.1903287841769834 -0.016265764578361395 -0.060095110580302626
leaf_weight=423.49678461218718 2.8867433685809365 33.157635753741488 0.70223230496049183 3.2290198770351699 1.321827100124209 0.71092201932333665 3.6600156065542242 23.310738648171537 4.2139075100421968 11.762491164728997 3.4780136020854098 2.6125191529281437 13.192585623823105 2.3216917389072478
leaf_count=6742 75 472 8 25 20 13 76 669 22 131 37 32 138 40
internal_value=-0.000271441 -0.00904432 -0.0218205 -0.00420973 -0.0130647 -0.0512871 -0.0185786 -0.0566944 0.0118217 0.0181983 0.0332152 0.081257 0.00999751 0.0321248
internal_weight=530.057 106.56 66.0924 41.3685 38.1395 24.7239 36.8177 24.0217 40.468 37.5812 25.8187 8.41222 17.4065 5.79971
internal_count=8500 1758 1283 593 568 690 548 682 475 400 269 109 160 77
is_linear=0
shrinkage=0.08


Tree=89
num_leaves=15
num_cat=0
split_feature=1 11 11 11 0 7 16 13 5 3 5 11 11 8
split_gain=1.57827 1.64496 2.17724 1.94302 2.11737 2.55166 3.25491 1.92326 3.64992 4.14343 4.94476 3.99672 5.1213 4.60212
threshold=0.44991414424043991 8960.659420390728 8891.521590850316 8845.1411704633774 0.62353037702661729 0.12759779077346642 3.9270389428193502 1.5000000000000002 3.8972902250871817 0.091049868421017338 3.9484816772482492 5728.5346099227927 4999.2480984957447 20.500000000000004
decision_type=2 2 2 2 2 2 2 2 2 2 2 2 2 2
left_child=-1 2 3 4 5 -2 -7 -6 -9 10 -10 12 13 -12
right_child=1 -3 -4 -5 7 6 -8 8 9 -11 11 -13 -14 -15
leaf_value=-0.084622727844527151 0.098397282580699644 0.057562056001469832 -0.067943135799755389 0.073483558929773415 0.0022071981523288232 0.22580012223652401 -0.062694625051728514 -0.039013831686811141 0.16007153630664633 -0.039666106696319862 0.032215140667065122 -0.027442713645371552 0.12753917311648619 -0.094471211953594453
leaf_weight=1.4156880161026482 0.78083224501460602 3.153892191592603 3.0355328139848998 2.2931766291148952 446.58457858278416 0.25879069417715062 7.6195932908449322 22.005923570715822 1.4638157607987548 11.536386876483446 12.469835789990617 11.445433411048723 3.0497610345482817 2.151865405496209
leaf_count=68 14 31 67 32 6626 7 476 461 15 294 184 162 29 34
internal_value=-0.000266885 -4.06437e-05 -0.000386888 6.2212e-06 -0.000318206 -0.0395464 -0.0532181 0.000346921 -0.012609 0.00118741 0.0165991 0.00938625 0.0332396 0.0135708
internal_weight=529.265 527.849 524.696 521.66 519.367 8.65922 7.87838 510.708 64.123 42.1171 30.5807 29.1169 17.6715 14.6217
internal_count=8500 8432 8401 8334 8302 497 483 7805 1179 718 424 409 247 218
is_linear=0
shrinkage=0.08


Tree=90
num_leaves=15
num_cat=0
split_feature=4 4 1 4 4 1 10 10 9 16 1 2 4 7
split_gain=1.52401 2.41622 4.34643 2.60359 5.32275 5.60005 6.09993 5.42994 5.35409 7.00511 4.82105 4.87069 6.23847 5.32988
threshold=20.802534721014805 22.808090209631811 0.89217787571619012 31.968632755300959 49.26440370079856 0.72992007130351955 3.8924981068373357 4.170019278392906 1.0000000180025095e-35 26.001040458988189 0.76434372277568097 0.87003280052042486 47.025747893819833 0.74356055755781825
decision_type=2 2 2 2 2 2 2 2 2 2 2 2 2 2
left_child=-1 2 -2 -3 5 -5 8 -8 -7 -10 -9 12 -12 -13
right_child=1 3 -4 4 -6 6 7 10 9 -11 11 13 -14 -15
leaf_value=-0.056784850590478067 -0.014249000725235 -0.022610195388211976 0.11868714878045922 -0.031630459924942664 -0.0022403870720324967 -0.081955584422321481 0.17320482084059396 0.14448628755864135 0.090690310802631069 -0.024211080089691348 -0.0071751220584625819 0.042463148685022267 0.12885205290811458 0.17554907639763254
leaf_weight=3.0351595636457196 3.2938860813155761 32.070289931725711 3.0147797642275691 10.025442026089875 426.32484698190819 4.227667998988184 2.2983991391956797 2.8587789461016682 5.5618081558495751 8.7197319916449469 15.738854845054453 6.2880735974758846 2.5006092162802807 2.7761804740875959
leaf_count=34 45 374 23 210 7276 53 23 33 37 128 171 51 21 21
internal_value=-0.000259534 6.68184e-05 0.0492784 -0.00053092 0.000922106 0.0230262 0.0337767 0.0546749 -0.00287387 0.0205362 0.0456428 0.0352936 0.011474 0.0832244
internal_weight=528.735 525.699 6.30867 519.391 487.32 60.9955 50.9701 32.4609 18.5092 14.2815 30.1625 27.3037 18.2395 9.06425
internal_count=8500 8466 68 8398 8024 748 538 320 218 165 297 264 192 72
is_linear=0
shrinkage=0.08


Tree=91
num_leaves=15
num_cat=0
split_feature=7 11 10 18 1 7 1 3 15 2 11 7 5 1
split_gain=1.53573 4.85739 4.9371 5.22049 2.2801 3.05407 4.32288 3.6647 4.5269 3.14847 2.65221 2.84187 1.86785 5.50086
threshold=0.88893903160978649 680.77227271422964 1.2898045167358083 2.4985354454213158 0.82745360377579547 0.96227875573298771 0.83941390489604595 0.047481414083500775 1.0000000180025095e-35 0.79213126550482993 8230.2629808519996 0.93160463824566098 3.2220805090196696 0.831034871624314
decision_type=2 2 2 2 2 2 2 2 2 2 2 2 2 2
left_child=12 -2 -3 -4 10 6 -6 8 -8 -7 -5 -12 13 -1
right_child=1 2 3 4 5 9 7 -9 -10 -11 11 -13 -14 -15
leaf_value=0.10207982946743099 0.13058244946621639 0.098422190117016584 0.22931957286548027 -0.078294823221835785 0.12587375990791366 0.12398901978109132 -0.087249951765481434 -0.077144490174937422 0.077508421711043135 -0.021622374461916279 0.10346603467617853 -0.085335197226419676 0.00026706033195593156 -0.035388626470905779
leaf_weight=4.1530299093574277 1.3751739256549615 2.0139545616693786 0.48562543513253587 10.230125246453101 1.0037850094959164 1.7892244816757732 1.7662505698390294 8.5376800408121181 2.6970663364045322 2.0270474776625633 1.1671121127437794 0.90657927561551321 486.55726570461411 3.3784808432683349
leaf_count=51 25 35 9 360 22 34 39 243 37 43 22 22 7521 37
internal_value=-0.00025266 -0.0166986 -0.0229068 -0.0308894 -0.0350841 -0.0167964 -0.0340844 -0.0464345 0.0123092 0.0466462 -0.0615722 0.0209257 0.000879034 0.0404143
internal_weight=528.088 33.9996 32.6245 30.6105 30.1249 17.8211 14.0048 13.001 4.46332 3.81627 12.3038 2.07369 494.089 7.53151
internal_count=8500 891 866 831 822 418 341 319 76 77 404 44 7609 88
is_linear=0
shrinkage=0.08


Tree=92
num_leaves=15
num_cat=0
split_feature=5 5 0 4 0 11 1 18 11 4 16 11 4 18
split_gain=1.5126 4.79442 5.99104 5.99051 11.3056 7.81715 4.93806 5.08427 4.46443 4.5068 6.1222 5.16439 4.35417 3.2924
threshold=3.5047833110549003 3.4273102570518303 0.8197017487638979 95.67677877279074 0.84044891898642116 7037.2508911991745 0.75987602263166254 17.423539723464078 3954.9471798612699 144.45350376134158 40.884361683722744 5197.5396540565971 172.76296518819115 7.5058120527905219
decision_type=2 2 2 2 2 2 2 2 2 2 2 2 2 2
left_child=1 2 -1 4 -4 6 7 -6 -5 13 11 -11 -13 -10
right_child=-2 -3 3 8 5 -7 -8 -9 9 10 -12 12 -14 -15
leaf_value=-0.039946478777963083 0.0015284814377235776 -0.047458231913154958 0.18107314679945546 -0.063493454885686113 0.17935606733251169 0.13445870433562321 -0.032309530643655389 -0.0048952922120332953 0.088997055050318019 0.2156921703454128 -0.051044511306612722 0.14033422823510872 -0.043160087596066522 -0.057205016685991331
leaf_weight=17.073290250729769 450.04759719909634 17.468955136369914 3.3600275954231646 7.4540849288459894 1.6553762443363695 3.1876435391604891 10.591672731097786 2.2767845368944108 1.182660099118946 1.7730888267979024 2.3319250545464456 1.6187776173464956 1.6934582022950051 5.922050494235009
leaf_count=471 7038 374 31 153 17 35 104 30 14 18 78 19 29 89
internal_value=-0.000250033 -0.010566 0.000153521 0.0160578 0.046535 0.0210118 -0.00388711 0.0726716 -0.013165 0.0126685 0.0562863 0.105504 0.0465185 -0.032868
internal_weight=527.637 77.5898 60.1208 43.0475 21.0715 17.7115 14.5238 3.93216 21.976 14.522 7.41725 5.08532 3.31224 7.10471
internal_count=8500 1462 1088 617 217 186 151 47 400 247 144 66 48 103
is_linear=0
shrinkage=0.08


Tree=93
num_leaves=15
num_cat=0
split_feature=18 0 8 7 18 0 8 2 5 5 9 3 18 11
split_gain=1.50317 3.81369 4.5535 3.37497 4.37381 4.51565 4.07995 9.19715 3.84357 3.5318 4.31409 3.37698 3.34553 4.88723
threshold=11.28452993762377 0.77405167256842289 19.500000000000004 0.46021229262856139 3.5455147679412575 0.84136230526059663 10.500000000000002 0.82675647110095996 4.7509219136354792 4.3923331776171004 1.5000000000000002 0.034846972431494837 16.674183265402103 3891.1170359714065
decision_type=2 2 2 2 2 2 2 2 2 2 2 2 2 2
left_child=1 2 -1 11 9 6 7 -6 -8 10 -5 -3 13 -2
right_child=12 3 -4 4 5 -7 8 -9 -10 -11 -12 -13 -14 -15
leaf_value=-0.076820385241592778 -0.0094369572423341607 -0.029485980759920063 0.032117589166639496 0.0096453903549851543 -0.023323538441041701 -0.049433391112864433 -0.059751915568432221 0.2375225612851585 0.098727646026395541 -0.046288825030630011 0.14130166093904892 0.02145314984164115 -0.0011310131528032572 0.035876297171245575
leaf_weight=9.7150502247968671 24.567301734350622 10.487198214046655 3.2863337942399076 4.1286800447851402 2.1349656285019578 25.824539351160638 4.5982602179283276 1.4544421187601981 1.244491701480001 2.8154243621975183 2.5934842694550753 40.478413136210293 353.59553017874714 40.093926580622792
leaf_count=426 373 89 108 56 44 434 98 35 18 36 29 429 5746 579
internal_value=-0.000250073 -0.00862856 -0.0492844 -0.00310869 -0.0191286 -0.0321305 0.0152435 0.0823723 -0.0259962 0.0289343 0.0604398 0.0109714 0.00192862 0.01866
internal_weight=527.018 108.761 13.0014 95.7599 44.7943 35.2567 9.43216 3.58941 5.84275 9.53759 6.72216 50.9656 418.257 64.6612
internal_count=8500 1802 534 1268 750 629 195 79 116 121 85 518 6698 952
is_linear=0
shrinkage=0.08


Tree=94
num_leaves=15
num_cat=0
split_feature=6 18 18 4 5 5 0 0 1 3 5 3 8 10
split_gain=1.48639 2.92004 4.24817 4.34649 3.22738 3.34425 2.8396 4.15698 2.69869 1.83766 3.4726 4.86806 1.99122 7.00169
threshold=1.0000000180025095e-35 33.362332324519933 34.28547861451036 76.782900379742173 4.2548293766305152 4.2885549610812266 0.88852163186453215 0.91006063123086689 0.84433066308316429 0.20636860501229551 4.8962958342087406 0.31927028517833789 2.5000000000000004 1.8950606755908297
decision_type=2 2 2 2 2 2 2 2 2 2 2 2 2 2
left_child=1 4 -3 8 -1 -6 -7 -8 -4 12 11 -11 13 -2
right_child=9 2 3 -5 5 6 7 -9 -10 10 -12 -13 -14 -15
leaf_value=-0.078537271255415805 0.078519513965460808 0.18977731675469256 -0.02247228231548775 -0.065909855377719456 0.17680565496947862 -0.065409592746919792 0.15339364640654685 -0.043087685594462626 0.10729180042762965 -0.074928985543103746 0.095104900779158577 0.074118837893309933 -0.00049553327817987176 0.0031730984405058372
leaf_weight=7.4773901093285549 9.3891578018665296 0.82280978839844277 1.7479190293233839 3.6009633059147745 0.6033352322410791 3.7675239809323102 1.2023370703682306 1.6146125367376951 2.4824631465598941 7.8396668130299059 1.219298256561159 1.7079813051968811 433.5626811372349 49.543743977090344
leaf_count=254 107 14 33 133 16 131 11 41 27 348 22 28 6593 742
internal_value=-0.000249802 -0.0199951 0.0168566 -0.00131149 -0.0417418 -0.00346395 -0.019982 0.0407749 0.0536756 0.000665122 -0.0320298 -0.0482658 0.0013799 0.0151772
internal_weight=526.582 23.3194 8.65416 7.83135 14.6652 7.18781 6.58447 2.81695 4.23038 503.263 10.7669 9.54765 492.496 58.9329
internal_count=8500 660 207 193 453 199 183 52 60 7840 398 376 7442 849
is_linear=0
shrinkage=0.08


Tree=95
num_leaves=15
num_cat=0
split_feature=18 4 11 2 11 0 3 15 18 7 4 7 10 10
split_gain=1.46213 2.95118 2.98603 4.74845 4.26975 5.05808 5.73126 4.44777 4.2847 2.64829 2.40142 2.22816 4.62354 5.44545
threshold=44.528634650681916 185.4719744881796 5633.1964221911157 0.66245234363651029 5099.6971203625426 0.90820724621544624 0.032565985923928259 1.0000000180025095e-35 46.781455154371677 0.973852511738864 38.846647132783708 0.96227875573298771 4.991091522110322 4.0813081519056595
decision_type=2 2 2 2 2 2 2 2 2 2 2 2 2 2
left_child=9 2 4 -4 5 6 -2 -7 -6 11 -8 -1 13 -13
right_child=1 -3 3 -5 8 7 10 -9 -10 -11 -12 12 -14 -15
leaf_value=0.00081941494494983515 0.075581758189147821 -0.086717429001902713 0.050931529556734328 -0.063173979527220384 0.012331171218468764 0.10289656415772801 0.050982358526175518 -0.020835215298143327 0.21197808684220731 -0.086801734194947106 -0.079655120403515592 0.014486062668951499 -0.044104009387845144 0.24217425462754275
leaf_weight=480.62241132440977 2.3144254544749918 3.3720718959812066 2.9981856271624556 10.537811260437591 1.5216756882145994 4.1485211797989896 1.0119886528700579 3.3695587180554867 1.2557076397351918 2.1915056600701055 8.1787963047390786 1.4052842552773648 1.7328750593587754 1.2887674197554586
leaf_count=7690 30 100 40 178 26 36 11 34 17 61 188 35 43 11
internal_value=-0.000245542 -0.0152106 -0.00838689 -0.0378999 0.0099377 -0.00359023 -0.0369364 0.0474407 0.102595 0.000943351 -0.0652708 0.00133979 0.0578362 0.123406
internal_weight=525.95 38.7087 35.3367 13.536 21.8007 19.0233 11.5052 7.51808 2.77738 487.241 9.19078 485.049 4.42693 2.69405
internal_count=8500 660 560 218 342 299 229 70 43 7840 199 7779 89 46
is_linear=0
shrinkage=0.08


Tree=96
num_leaves=15
num_cat=0
split_feature=1 16 4 3 3 18 7 16 16 18 15 10 10 16
split_gain=1.43338 1.41842 3.64493 3.55571 10.2049 3.32718 5.57859 3.12498 3.01691 2.95275 2.27175 1.78847 5.69006 5.21475
threshold=0.44991414424043991 81.640565965435684 54.578410328214424 0.049129371034158105 0.070136653299832694 44.122084772690208 0.31564420253533648 81.047206761588441 79.383947360299985 29.225484002799572 1.5000000000000002 6.7751089108469227 5.5850478215546335 16.153704618057251
decision_type=2 2 2 2 2 2 2 2 2 2 2 2 2 2
left_child=-1 7 3 -3 -5 -4 -7 8 11 -9 -6 12 -2 -14
right_child=1 2 5 4 10 6 -8 9 -10 -11 -12 -13 13 -15
leaf_value=-0.084291394706291142 0.0030675653005905073 -0.085360871058810447 -0.071789359573692507 0.29563377221993548 -0.083125395626599138 0.3136294563026405 -0.082818793450839673 -0.011471366710764538 -0.082595360928578304 0.16891536487061173 0.093944924321787027 0.010734907969635181 0.0084227521043196071 -0.034634063468597848
leaf_weight=1.2953532616375003 332.07304226327688 1.1223662025295187 7.935461486107668 0.96570743713527951 1.3083664670120927 0.39998664334416378 0.52573424216825515 1.0108418690506362 2.8009512678254387 1.3649920579046009 0.71829011430963863 92.229072949034162 26.7955999718979 54.858736157882959
leaf_count=68 4762 30 644 14 66 12 40 37 166 29 13 1319 258 1042
internal_value=-0.000240741 -3.30066e-05 -0.0261534 0.0360682 0.0816134 -0.0550462 0.0884791 0.0006301 0.000202636 0.0921665 -0.0203679 0.000661002 -0.0015847 -0.0205046
internal_weight=525.405 524.109 12.9759 4.11473 2.99236 8.86118 0.925721 511.133 508.757 2.37583 2.02666 505.956 413.727 81.6543
internal_count=8500 8432 819 123 93 696 52 7613 7547 66 79 7381 6062 1300
is_linear=0
shrinkage=0.08


Tree=97
num_leaves=15
num_cat=0
split_feature=11 15 2 11 1 11 18 18 18 11 8 13 11 2
split_gain=1.41557 3.54484 4.44237 2.56918 3.74549 3.4162 8.94963 9.09924 5.16664 6.07785 4.214 4.30557 4.21023 3.22738
threshold=513.51159769584501 1.0000000180025095e-35 0.90358656627679601 867.80914557997528 0.97361368902328993 1220.5884121675133 36.610520059560329 14.59233693876944 6.3270172265118951 1083.6698000597848 20.500000000000004 1.0000000180025095e-35 1155.3159015563842 0.77192383528825159
decision_type=2 2 2 2 2 2 2 2 2 2 2 2 2 2
left_child=1 -1 -3 4 -2 6 7 8 -5 -10 11 13 -9 -8
right_child=3 2 -4 5 -6 -7 10 12 9 -11 -12 -13 -14 -15
leaf_value=0.083590571147875561 -0.03774052531952695 -0.094440723629012083 0.094013075183704622 -0.05328079463819492 0.098721323596102972 -0.0010386522669515682 0.2379538067494073 -0.077365706328310899 0.031553801836667728 0.20543701502468092 0.24186587906193294 -0.032562001056942645 0.042979771525204415 0.064608329710794096
leaf_weight=4.174025136511772 19.073864854057323 2.2017841166816656 1.2579033807851372 1.5842729327268958 1.3804204603657115 474.36683940165676 1.180000772699713 7.4306872212327999 2.786888102767989 2.3896495401859283 1.3439960326068101 1.4507761681452391 2.4819016954861581 1.646587328170426
leaf_count=46 328 41 15 35 12 7718 16 119 43 25 16 32 29 25
internal_value=-0.000239767 0.0339586 -0.025921 -0.000744607 -0.028531 0.000399734 0.0310044 0.00157372 0.0731344 0.111824 0.118298 0.0794715 -0.0472338 0.136974
internal_weight=524.75 7.63371 3.45969 517.116 20.4543 496.662 22.2948 16.6734 6.76081 5.17654 5.62136 4.27736 9.91259 2.82659
internal_count=8500 102 56 8398 340 8058 340 251 103 68 89 73 148 41
is_linear=0
shrinkage=0.08


Tree=98
num_leaves=15
num_cat=0
split_feature=7 11 10 10 18 10 16 0 4 10 1 18 18 4
split_gain=1.4085 3.85246 4.4557 10.05 6.40412 4.40431 2.74292 3.77069 1.78322 4.63196 1.66985 2.65919 4.54477 6.93631
threshold=0.89526401845039849 680.77227271422964 4.8720966769032685 4.7047415007773372 3.2082816289620752 1.2898045167358083 19.673736544682935 0.87060136989682513 169.09153144343037 7.1478797587512277 0.66478393252521795 35.498974695284737 37.820465528556788 102.72721623736602
decision_type=2 2 2 2 2 2 2 2 2 2 2 2 2 2
left_child=10 -2 3 4 -3 -6 7 -7 -4 -10 11 -1 13 -13
right_child=1 2 8 -5 5 6 -8 -9 9 -11 -12 12 -14 -15
leaf_value=-0.029590226306684543 0.1100195940720842 0.21872998615361142 -0.073921799645024974 0.26853419263010309 0.085382065220405687 -0.08589729487151708 -0.068955050384125582 0.056514437484644797 -0.084132679461538531 0.13666942237036506 0.0021203519359914071 0.26459677135061149 -0.0069063471027243795 -0.035538300396690481
leaf_weight=25.811901680775918 1.4607420484535421 0.74348552245647148 10.13137416122481 0.87130328547209579 2.1135275913402429 1.8445078181102852 7.8491160742705688 3.352779284119606 1.58281782711856 0.98734328034333874 456.70398069778457 1.0752141280099738 8.8483423241414112 0.90979161811992515
leaf_count=760 23 10 278 13 32 42 307 33 66 21 6630 18 231 36
internal_value=-0.000236391 -0.016795 -0.0230795 0.0039858 -0.0105081 -0.0217505 -0.0391061 0.00597277 -0.0588241 0.000689813 0.000801966 -0.0156289 0.0176359 0.127035
internal_weight=524.286 30.937 29.4763 16.7747 15.9034 15.1599 13.0464 5.19729 12.7015 2.57016 493.349 36.6452 10.8333 1.98501
internal_count=8500 825 802 437 424 414 382 75 365 87 7675 1045 285 54
is_linear=0
shrinkage=0.08


Tree=99
num_leaves=15
num_cat=0
split_feature=4 2 2 4 0 4 16 3 4 4 1 18 11 15
split_gain=1.39724 3.89549 4.6346 4.31968 4.3269 3.97354 4.80947 3.90687 3.45596 3.29918 3.57316 3.24312 3.44564 3.35482
threshold=169.84965610863688 0.59974179744082368 0.58349626242790598 207.04115293109524 0.94758900779258659 184.58934901018677 28.383341030165237 0.026157175711763743 185.4719744881796 192.42901438038658 0.88627665349727847 34.588786816779717 1191.8022560765646 1.0000000180025095e-35
decision_type=2 2 2 2 2 2 2 2 2 2 2 2 2 2
left_child=-1 2 3 4 5 -2 -7 8 -3 -10 -11 -9 13 -13
right_child=1 7 -4 -5 -6 6 -8 11 9 10 -12 12 -14 -15
leaf_value=0.0016378597035788707 -0.090316108881320772 -0.042208285255106386 0.13587709817685606 -0.090122422333190233 0.16509631108983924 0.12649775616062672 -0.049716536691698163 -0.012707974888764498 0.13779332502794281 0.059201310101367075 -0.061679844931978776 0.15805418334738586 -0.065885273340069925 -0.038433579453272457
leaf_weight=434.27949686604552 1.8071595046203563 3.7074780436232677 2.2848683935590079 2.1711059802910313 1.395560400560498 2.3528308686800301 1.7129764229757709 46.08580877725035 2.083914462476967 5.4013144066557288 2.203442316967994 0.91106621269136967 15.908230242086573 1.4275144467828793
leaf_count=6454 51 63 29 51 13 22 47 1148 21 79 33 23 437 29
internal_value=-0.000237499 -0.00934203 0.0336429 0.00889711 0.0384742 0.0083857 0.0522564 -0.0158258 0.0234784 0.0486141 0.0241766 -0.0240102 -0.0525563 0.0381143
internal_weight=523.733 89.4533 11.7245 9.43963 7.26853 5.87297 4.06581 77.7288 13.3961 9.68867 7.60476 64.3326 18.2468 2.33858
internal_count=8500 2046 213 184 133 120 69 1833 196 133 112 1637 489 52
is_linear=0
shrinkage=0.08


Tree=100
num_leaves=15
num_cat=0
split_feature=4 4 1 4 4 10 11 14 10 0 9 16 5 8
split_gain=1.38465 1.77098 3.26446 2.23725 4.15098 4.65087 5.64725 6.58168 5.25667 4.56733 4.46353 6.01931 4.25755 4.26688
threshold=20.802534721014805 22.808090209631811 0.89217787571619012 31.968632755300959 49.26440370079856 3.8924981068373357 8527.2124077306453 1.0000000180025095e-35 4.0585212473759169 0.94167921430348056 1.0000000180025095e-35 22.769294938935005 3.2902942899803107 22.500000000000004
decision_type=2 2 2 2 2 2 2 2 2 2 2 2 2 2
left_child=-1 2 -2 -3 5 10 7 8 -7 12 -5 -12 -10 -14
right_child=1 3 -4 4 -6 6 -8 -9 9 -11 11 -13 13 -15
leaf_value=-0.054827919880325371 -0.014004837670248706 -0.021109582265885562 0.1002522460429545 -0.080429792721232657 -0.001919183107506671 0.15666557675047568 0.17436465042540775 0.15309056335097798 -0.094528138628635947 -0.064039811574977512 0.077910117419899796 -0.023613247216913564 0.021647318053514379 0.1211481639308306
leaf_weight=2.956394226755946 3.2717179958708575 31.474581151269376 3.1328494111075997 4.4894436937756863 421.31004929868504 1.7367226071655739 1.8206587047316123 2.592433829791843 1.7847413402050758 4.2039992380887261 5.5233042147010591 11.560819606296716 24.145312253385786 3.1140032070688894
leaf_count=34 45 374 23 66 7276 15 22 22 23 41 43 185 290 41
internal_value=-0.000233505 7.67887e-05 0.041885 -0.000444399 0.000904249 0.020414 0.0367641 0.0300972 0.0209831 0.0138957 -0.00944453 0.0092093 0.0251765 0.0330139
internal_weight=523.117 520.161 6.40457 513.756 482.281 60.9714 39.3979 37.5772 34.9848 33.2481 21.5736 17.0841 29.0441 27.2593
internal_count=8500 8466 68 8398 8024 748 454 432 410 395 294 228 354 331
is_linear=0
shrinkage=0.08


Tree=101
num_leaves=15
num_cat=0
split_feature=7 4 2 0 0 1 6 9 5 5 5 18 0 2
split_gain=1.35861 4.08688 3.14172 3.56146 3.89364 4.50817 3.56094 3.18526 3.03083 3.78666 3.24908 2.61863 2.58089 2.26144
threshold=0.14081855118981049 41.834016417020955 0.66776493522165559 0.9402882010890331 0.90222016405118299 0.87955470997851026 1.5000000000000002 1.0000000180025095e-35 4.6674565950498073 4.0333890778624015 4.2697686924075233 25.530910568584925 0.59586225355288491 0.62747647044037824
decision_type=2 2 2 2 2 2 2 2 2 2 2 2 2 2
left_child=1 -1 6 4 5 8 -3 -7 9 -4 -11 -9 13 -2
right_child=12 2 3 -5 -6 7 -8 11 -10 10 -12 -13 -14 -15
leaf_value=-0.074746254328543371 0.11835154535950672 0.031117175422556227 -0.039357301388282001 -0.027398198452958586 0.10673204702990557 0.0023677364079289602 -0.096084124338905563 0.17479981502387143 -0.096607584668198326 0.1235642617468929 0.00055097750597714139 0.059619801136143541 -0.00082625791498277818 -0.081870320948238609
leaf_weight=3.0425149481743565 0.39806954597588529 2.7978267222642899 4.4932040572166532 5.2788553405553094 5.1680943998508146 2.4693536125123492 2.8365020309574893 2.3596355328336358 1.8391045089811076 2.6433706069365144 2.8619350092485547 2.7188966497778893 479.77179880440235 3.8799840424908325
leaf_count=29 28 27 58 40 36 18 37 21 23 27 37 21 7806 292
internal_value=-0.000227315 0.0142348 0.0218681 0.0322157 0.0450322 0.0285833 -0.03292 0.0768971 -0.00222248 0.0151385 0.0596158 0.113136 -0.00137787 -0.0632398
internal_weight=522.559 38.5093 35.4668 29.8324 24.5536 19.3855 5.63433 7.54789 11.8376 9.99851 5.50531 5.07853 484.05 4.27805
internal_count=8500 374 345 281 241 205 64 60 145 122 64 42 8126 320
is_linear=0
shrinkage=0.08


Tree=102
num_leaves=15
num_cat=0
split_feature=6 12 11 11 1 1 2 10 2 10 11 0 0 5
split_gain=1.34958 3.36823 3.05413 2.93111 3.39765 3.57128 7.39494 4.84521 5.36109 4.40691 6.5126 4.16584 4.84017 4.33398
threshold=1.5000000000000002 1.0000000180025095e-35 8563.6344738985699 962.80907141731711 0.84433066308316429 0.88726849761380144 0.89655119428759789 7.4475050716299931 0.90358656627679601 4.2530622125309359 6958.3556317402081 0.85255773056698547 0.90496143013947294 4.6816114737914516
decision_type=2 2 2 2 2 2 2 2 2 2 2 2 2 2
left_child=1 2 3 -1 -5 6 11 8 9 10 -7 13 -13 -6
right_child=-2 -3 -4 4 5 7 -8 -9 -10 -11 -12 12 -14 -15
leaf_value=-0.048296814138366395 0.0019861790602933313 -0.065550594248311958 -0.086180733703328377 -0.015693508172647291 0.065151337476488963 -0.025012141168285568 -0.05961314866600663 0.087504609940522046 0.057240874922634889 -0.064476469051390775 0.10159549884984989 -0.051283540799929653 0.071137851284570494 0.18867101044743098
leaf_weight=8.2531921847257745 403.40846890350804 6.1134506948292247 2.8607462577056131 43.275229273363948 6.3908510286128202 12.621432480053047 3.9135969805065534 3.5549043850041917 6.0605120847467324 11.182096348376943 3.2749467338435343 3.4372982508502883 5.1844949503429234 2.5407773207407445
leaf_count=157 5956 230 104 1159 128 172 65 49 85 210 44 63 56 22
internal_value=-0.000219847 -0.00771945 -0.00457821 -0.00244998 0.00128028 0.0139098 0.0398275 -0.00125284 -0.0107741 -0.0259967 0.00107136 0.0619982 0.0223314 0.100289
internal_weight=522.072 118.664 112.55 109.689 101.436 58.1609 21.467 36.6939 33.139 27.0785 15.8964 17.5534 8.62179 8.93163
internal_count=8500 2544 2314 2210 2053 894 334 560 511 426 216 269 119 150
is_linear=0
shrinkage=0.08


Tree=103
num_leaves=15
num_cat=0
split_feature=18 4 11 2 11 0 3 8 15 18 7 4 8 18
split_gain=1.31918 2.6093 2.46026 4.14901 3.43468 4.19917 4.93886 4.17767 3.35318 2.97725 2.30973 2.27582 2.21284 1.80128
threshold=44.528634650681916 185.4719744881796 5633.1964221911157 0.66245234363651029 5099.6971203625426 0.90820724621544624 0.032565985923928259 17.500000000000004 1.0000000180025095e-35 46.781455154371677 0.973852511738864 35.764986929352567 9.5000000000000018 11.150801413982771
decision_type=2 2 2 2 2 2 2 2 2 2 2 2 2 2
left_child=10 2 4 12 5 6 -2 8 -7 -6 13 -8 -4 -1
right_child=1 -3 3 -5 9 7 11 -9 -10 -11 -12 -13 -14 -15
leaf_value=-0.0080289621964329087 0.064737470515468964 -0.08596664991494514 0.11847986320981072 -0.060740133576499086 0.01137281756213809 0.13769770015234301 0.051691574192588678 -0.047104582693066721 0.010042320494884103 0.1727070524730113 -0.086114578302468506 -0.078669358036966314 -0.018099843373205211 0.0038356098627107811
leaf_weight=104.61832302622497 2.434870627243078 3.0175998860504469 1.4275475684553378 10.014243984362109 1.5298260957933956 2.9298375863581887 0.96416355296969225 2.3845161246135831 2.39214888215065 1.4037946104072032 1.9441728792153288 7.7172562980558723 1.6216103932820258 377.04514897445915
leaf_count=1760 30 100 19 178 26 26 9 20 24 17 61 190 21 6019
internal_value=-0.000218169 -0.0146036 -0.00841906 -0.0358622 0.00805884 -0.00448988 -0.0359513 0.0408918 0.0803186 0.0885744 0.000907347 -0.0641914 0.0458437 0.0012586
internal_weight=521.445 37.8374 34.8198 13.0634 21.7564 18.8228 11.1163 7.7065 5.32199 2.93362 483.608 8.68142 3.04916 481.663
internal_count=8500 660 560 218 342 299 229 70 50 43 7840 199 40 7779
is_linear=0
shrinkage=0.08


Tree=104
num_leaves=15
num_cat=0
split_feature=5 8 7 4 18 13 4 4 1 3 3 3 2 5
split_gain=1.302 5.81515 3.13201 4.21406 3.14604 2.45301 1.61135 4.19429 5.19547 10.7174 6.36104 5.38178 5.74316 4.6518
threshold=4.9314633489467701 2.5000000000000004 0.31260618624124364 27.041147336335957 2.8523073770516385 1.0000000180025095e-35 32.645779441887413 49.26440370079856 0.831034871624314 0.16515351708864409 0.03087471897956378 0.044951840129597763 0.81332728237177621 4.5127726398018142
decision_type=2 2 2 2 2 2 2 2 2 2 2 2 2 2
left_child=6 -2 5 -4 -5 -3 -1 8 9 13 -10 -12 -13 -8
right_child=1 2 3 4 -6 -7 7 -9 10 -11 11 12 -14 -15
leaf_value=-0.014474333197760867 0.10585658848852171 -0.035058155406769126 0.12928121711978807 0.091601520571097925 -0.083572599871744577 0.071916140872022208 -0.036851456258782618 -0.00092352432148673611 -0.051532048260570507 0.2207919051874665 0.13435490947153836 -0.0017585708206922751 0.078748832579785516 0.046544492772516953
leaf_weight=41.785020252224058 2.0720967850647893 3.0297138327732709 0.70780625939369102 0.70167856907937576 10.113029971951617 2.5071734064258635 18.067333724116914 403.62020264635794 3.9113470083102611 1.2774999672546972 4.811964318156245 10.616335078608246 12.174100226955487 5.6097862995229653
leaf_count=488 31 30 11 6 196 23 271 7022 31 33 30 127 120 81
internal_value=-0.000213401 -0.0206966 -0.0360682 -0.0598299 -0.072207 0.0133812 0.00056742 0.00193351 0.0223548 -0.00491457 0.0439484 0.0574783 0.0412465 -0.0170926
internal_weight=521.005 19.1315 17.0594 11.5225 10.8147 5.53689 501.874 460.089 56.4684 24.9546 31.5137 27.6024 22.7904 23.6771
internal_count=8500 297 266 213 202 53 8203 7715 693 385 308 277 247 352
is_linear=0
shrinkage=0.08


Tree=105
num_leaves=15
num_cat=0
split_feature=5 5 0 4 10 11 0 7 5 10 0 3 0 16
split_gain=1.28497 4.0901 4.96571 4.80972 6.61058 5.81219 9.18442 4.46584 3.96133 3.62251 3.61525 6.52892 3.94429 4.12006
threshold=3.5047833110549003 3.4273102570518303 0.8111398124367567 95.67677877279074 4.170019278392906 6770.0249319341483 0.84044891898642116 0.23970246232362555 3.261105241393881 6.7106739576857137 0.94758900779258659 0.052113891253915322 0.904302119429929 36.80966195077297
decision_type=2 2 2 2 2 2 2 2 2 2 2 2 2 2
left_child=1 2 7 4 8 6 -6 9 -4 -1 12 -12 13 -5
right_child=-2 -3 3 10 5 -7 -8 -9 -10 -11 11 -13 -14 -15
leaf_value=-0.025185955887711057 0.0014244944635071488 -0.04487879018554785 0.048684817418467342 0.023833361755338085 0.1599699679423971 0.17499499029823587 0.0020912293241858687 -0.070009551595292638 -0.065174972834056974 0.14300674600567273 0.18317981572040559 -0.028762415527791942 -0.090139934636942004 -0.068768914565989214
leaf_weight=2.3277245885692532 444.98921251099091 16.643024386721663 3.2944170110858995 9.4713308722712153 3.2817869037389746 2.79357727151364 8.3796705771237594 9.9621956165647116 4.8121419409289956 1.2648965176194904 1.5666151735931628 2.2899369508959353 4.8167401426471761 4.5532166567863888
leaf_count=46 7038 374 30 116 21 24 84 376 68 16 12 41 95 159
internal_value=-0.000212411 -0.00986563 4.22582e-05 0.0127636 0.0389215 0.0713504 0.0465217 -0.0424341 -0.0189036 0.0340316 -0.0132373 0.0573331 -0.0276821 -0.00623094
internal_weight=520.446 75.4573 58.8143 45.2594 22.5616 14.455 11.6615 13.5548 8.10656 3.59262 22.6978 3.85655 18.8413 14.0245
internal_count=8500 1462 1088 650 227 129 105 438 98 62 423 53 370 275
is_linear=0
shrinkage=0.08


Tree=106
num_leaves=15
num_cat=0
split_feature=16 4 18 7 3 3 16 16 0 10 3 11 15 3
split_gain=1.25395 3.00789 3.05874 3.80876 2.83767 7.00639 2.39958 2.73841 2.34562 2.08786 1.84519 4.90394 1.83072 1.64649
threshold=81.640565965435684 54.578410328214424 44.122084772690208 0.31564420253533648 0.049129371034158105 0.070136653299832694 81.047206761588441 79.383947360299985 0.93782156662053306 2.6278641753550604 0.17641875336823573 6807.335997782252 1.5000000000000002 0.16887623098474372
decision_type=2 2 2 2 2 2 2 2 2 2 2 2 2 2
left_child=6 4 10 -4 -2 -6 7 13 9 -8 -3 -12 -7 -1
right_child=1 2 3 -5 5 12 8 -9 -10 -11 11 -13 -14 -15
leaf_value=0.0014986815637884469 -0.084790324205856304 -0.081797825880610839 0.23634852623609948 -0.082609433814221436 0.22664565505783521 -0.083144928122123166 0.15804688007905482 -0.082457558926832666 0.14727738525289016 -0.083063251537647306 -0.081101332834117731 0.46856391279161264 0.076014343655416844 -0.019337895409357913
leaf_weight=476.51909443247132 1.0279772276990105 6.8029978261329216 0.4923879550769924 0.46672035334631801 1.1369497906416657 1.2210872597061095 0.33079534722492032 2.5635027841199181 1.3993880162015555 0.7532490212470293 0.36303545162081707 0.14551766228396446 0.74455418717116106 25.573445572634228
leaf_count=6633 31 582 12 40 14 67 12 166 13 41 48 17 13 811
internal_value=-0.000212248 -0.0253457 -0.0531891 0.0811375 0.0304055 0.0685731 0.000402346 1.63152e-05 0.0788474 -0.00948867 -0.0708097 0.0761802 -0.0228579 0.000437397
internal_weight=519.541 12.4012 8.27066 0.959108 4.13057 3.10259 507.139 504.656 2.48343 1.08404 7.31155 0.508553 1.96564 502.093
internal_count=8500 824 699 52 125 94 7676 7610 66 53 647 65 80 7444
is_linear=0
shrinkage=0.08


Tree=107
num_leaves=15
num_cat=0
split_feature=4 12 10 0 0 4 7 1 4 2 4 4 1 4
split_gain=1.23374 1.47469 3.57169 3.13236 2.73019 2.75485 5.2343 5.25343 2.85089 2.51054 3.67867 1.78538 3.21667 2.16529
threshold=20.802534721014805 1.0000000180025095e-35 2.0035534778596022 0.76116548513712734 0.86965174751886742 137.18845740224444 0.39551402287625731 0.84524466979890123 41.834016417020955 0.74370932003027523 105.16482512333961 22.808090209631811 0.89217787571619012 32.645779441887413
decision_type=2 2 2 2 2 2 2 2 2 2 2 2 2 2
left_child=-1 11 3 -3 -4 8 -7 -8 -6 -5 -11 12 -2 -13
right_child=1 2 4 9 5 6 7 -9 -10 10 -12 13 -14 -15
leaf_value=-0.052565705367472071 -0.012295409352179341 0.17612793046057149 -0.069267609678926367 -0.088123940519564375 0.047936779050117125 -0.066685645111105557 0.19960573691510508 -0.0069807529711762486 -0.078020057440091814 0.12580256420852856 -0.04739033641959664 -0.019665439186276956 0.10393561955645328 0.0019160711479235385
leaf_weight=2.8647250952199093 3.1435816427692762 0.89306860975921409 8.3615284300176445 1.1774699108791535 1.5482811601832489 2.0155478958040476 1.60780604952015 1.5446802023798225 4.4712765056174248 1.7615748825483026 1.4156577573157845 31.842634224100038 2.9574996279552579 453.40311774518341
leaf_count=34 42 23 349 28 20 32 26 32 102 18 34 374 21 7365
internal_value=-0.00021063 7.99541e-05 -0.0189549 0.039646 -0.0346858 -0.00883957 0.0340045 0.0983809 -0.0456229 0.0116561 0.0486342 0.00104059 0.0440476 0.000499857
internal_weight=519.008 516.144 24.7969 5.24777 19.5491 11.1876 5.16803 3.15249 6.01956 4.3547 3.17723 491.347 6.10108 485.246
internal_count=8500 8466 664 103 561 212 90 58 122 80 52 7802 63 7739
is_linear=0
shrinkage=0.08


Tree=108
num_leaves=15
num_cat=0
split_feature=7 11 10 18 0 5 5 0 13 5 4 5 1 0
split_gain=1.22446 2.92314 3.28716 2.82907 1.8662 3.47386 4.2473 4.13133 3.41419 2.08183 4.52948 1.54283 4.40261 3.80566
threshold=0.88893903160978649 680.77227271422964 1.2898045167358083 2.4985354454213158 0.86856279148529369 4.1410353159786855 3.6722566642838785 0.93782156662053306 1.0000000180025095e-35 4.7718014718013526 90.567945792052441 3.2220805090196696 0.88833315946227243 0.89135795268546569
decision_type=2 2 2 2 2 2 2 2 2 2 2 2 2 2
left_child=11 -2 -3 -4 9 6 -6 8 -8 -5 -11 12 13 -1
right_child=1 2 3 4 5 -7 7 -9 -10 10 -12 -13 -14 -15
leaf_value=0.11990939761453528 0.090416096598809517 0.072178520201612334 0.1365806533491552 -0.072716812774787074 -0.056849563889564025 -0.052861240582381203 0.17507918688025481 -0.042479690880589276 0.014030494722543996 0.13904627582769977 -0.083851170290649965 0.00022049225376054239 -0.064357705549966393 -0.020380901145266247
leaf_weight=3.7216353970579794 1.5874045514501656 2.2454268131405142 0.64961905404925602 9.5726331773912552 2.7611540133366343 7.5128371936734766 2.2085403194651012 1.5580735811963675 1.3620209456421433 1.0138835394754999 1.3744242663960902 479.23957887472352 2.0292802145704627 1.8540336308069525
leaf_count=46 25 35 9 438 82 146 26 29 28 16 57 7521 23 19
internal_value=-0.000206313 -0.0154039 -0.0209554 -0.0284206 -0.0323378 -0.0139272 0.0231467 0.066215 0.113646 -0.0560459 0.0107732 0.00078781 0.0365384 0.0732598
internal_weight=518.691 31.846 30.2586 28.0132 27.3636 15.4026 7.88979 5.12863 3.57056 11.9609 2.38831 486.845 7.60495 5.57567
internal_count=8500 891 866 831 822 311 165 83 54 511 73 7609 88 65
is_linear=0
shrinkage=0.08


Tree=109
num_leaves=15
num_cat=0
split_feature=0 11 3 4 4 2 1 3 10 18 7 2 4 3
split_gain=1.21742 5.41578 4.98375 4.95093 4.83011 3.98993 3.63991 4.09723 5.64509 3.20486 2.04035 3.35771 2.91521 4.7145
threshold=0.96756574164243248 6352.2583693822453 0.13827359459180286 48.533796805723519 147.03022505775502 0.76342698662972464 0.81693158711737046 0.081874611645416498 4.8986252040869358 15.817988791189537 0.14081855118981049 0.61040759605020578 139.99499842910964 0.10197916780630069
decision_type=2 2 2 2 2 2 2 2 2 2 2 2 2 2
left_child=10 2 6 -4 5 -3 -2 8 -8 -5 11 -1 -13 -14
right_child=1 4 3 9 -6 -7 7 -9 -10 -11 -12 12 13 -15
leaf_value=-0.059509067228029962 -0.082155031087262229 0.0062858925894915957 0.20944051239220368 0.1020163894834525 -0.026027700655755836 0.13560123408594213 0.079021762928416756 -0.090368128503576256 -0.050447324810109703 -0.086142379407461278 -0.0026337801544147931 0.0075447297276790897 0.023339842334787173 0.13509445763920472
leaf_weight=3.3241175764705977 5.2342469319701292 2.1700035305693728 1.2039725268259638 1.1779210707172754 2.8140975572168827 5.1535734138451517 5.100240206345914 2.5753490100614718 3.732858024071902 1.1400925954803822 451.7697788780788 21.49801059695892 7.8680025585927051 3.4864812148734927
leaf_count=40 72 28 10 16 37 40 33 30 33 31 7812 197 83 38
internal_value=-0.00020362 0.0153557 -0.0086247 0.0778304 0.0630546 0.0972846 -0.0269206 -0.00157885 0.0243083 0.00947232 -0.00116988 0.0171112 0.0248638 0.057655
internal_weight=518.249 30.3024 20.1647 3.52199 10.1377 7.32358 16.6427 11.4084 8.8331 2.31801 487.946 36.1766 32.8525 11.3545
internal_count=8500 330 225 57 105 68 168 96 66 47 8170 358 318 121
is_linear=0
shrinkage=0.08


Tree=110
num_leaves=15
num_cat=0
split_feature=5 5 0 16 7 16 5 7 7 16 3 1 2 4
split_gain=1.21452 3.57525 4.38956 4.22143 3.97376 3.5974 6.02664 5.23097 5.07813 4.43888 3.85498 3.30615 2.93091 4.77474
threshold=3.5047833110549003 3.4273102570518303 0.8111398124367567 43.688289745983759 0.23970246232362555 27.997257402251623 3.367540965253903 0.53520289432137769 0.74356055755781825 12.711267428393393 0.073310569960095953 0.8546998192876214 0.86605105001561722 40.994502188619123
decision_type=2 2 2 2 2 2 2 2 2 2 2 2 2 2
left_child=1 2 4 5 11 6 7 -4 -9 -8 -7 -1 -5 -14
right_child=-2 -3 3 12 -6 10 9 8 -10 -11 -12 -13 13 -15
leaf_value=-0.052347473770602247 0.0013821680183692879 -0.043070691240734267 -0.0513010944349339 -0.054868249132011979 -0.068821520576863554 0.11563705760945485 0.00168590710015392 0.097112796385855696 -0.060465850816878629 0.12630752562803063 0.0037511566627251485 0.10041043180255298 0.13474791144455811 -0.03461828502657719
leaf_weight=1.6905726117547595 443.72203053976409 16.073218776029535 10.11480709817261 8.437918537296353 9.3861007606610638 5.1070840079337341 3.296688560396432 3.8661003354936829 1.9787363512441514 4.1093851746991277 3.2093357797712088 1.9557854272425172 1.6277445480227459 3.0831316343392245
leaf_count=36 7038 374 78 238 376 36 28 35 34 32 62 26 17 90
internal_value=-0.000199605 -0.00969243 -0.00042066 0.0114595 -0.0412878 0.0272744 0.0111918 -0.0164853 0.0437654 0.0708343 0.0724599 0.0295868 -0.0266467 0.0239027
internal_weight=517.659 73.9366 57.8634 44.8309 13.0325 31.6821 23.3657 15.9596 5.84484 7.40607 8.31642 3.64636 13.1488 4.71088
internal_count=8500 1462 1088 650 438 305 207 147 69 60 98 62 345 107
is_linear=0
shrinkage=0.08


Tree=111
num_leaves=15
num_cat=0
split_feature=13 8 11 16 2 1 3 1 9 5 5 3 5 0
split_gain=1.22233 2.71974 3.52026 3.25155 2.95741 3.12856 3.18232 4.74811 3.90955 3.70439 2.85129 2.69209 3.54006 2.3511
threshold=1.5000000000000002 15.500000000000002 8624.8946858110266 75.404396449479435 0.93138110959225207 0.70384869867627486 0.086196655143860046 0.93550998844478539 1.0000000180025095e-35 4.6113409195487591 3.9637860348415912 0.045886767588595674 3.6859698073336422 0.93782156662053306
decision_type=2 2 2 2 2 2 2 2 2 2 2 2 2 2
left_child=-1 2 3 -2 5 -3 8 -8 -7 11 -5 12 -10 -12
right_child=1 4 -4 10 -6 6 7 -9 9 -11 13 -13 -14 -15
leaf_value=0.0012605883551930364 -0.035978030823756377 -0.061441992384308933 0.10465035940510919 -0.082916745922582788 -0.087219827181475959 -0.017665431257260614 -0.050340956812419853 0.11607560017344312 0.154797585760692 0.13190175721359018 0.028181770203968375 -0.038828833494630011 0.0036463511907418918 0.19927679741765203
leaf_weight=453.14124747534515 33.43820101977326 2.8829964090837228 1.3067105663940299 0.73104129830608089 1.8863611880224187 4.0750696295872357 5.5323168159229672 1.3687198983971027 1.8378000431694075 4.2748283720575273 1.2169252922758462 2.0903168744407594 2.1539123826660216 0.88989614695310582
leaf_count=7237 633 90 23 56 49 55 142 21 22 31 65 40 28 8
internal_value=-0.000197938 -0.0105759 -0.0243536 -0.0290005 0.00926177 0.0167774 0.0273482 -0.0173347 0.0487146 0.0748329 0.0532144 0.0347214 0.073237 0.10045
internal_weight=516.826 63.6851 37.5828 36.2761 26.1023 24.216 21.333 6.90104 14.4319 10.3569 2.83786 6.08203 3.99171 2.10682
internal_count=8500 1263 785 762 478 429 339 163 176 121 129 90 50 73
is_linear=0
shrinkage=0.08


Tree=112
num_leaves=15
num_cat=0
split_feature=1 16 1 3 3 4 10 7 18 16 15 11 2 1
split_gain=1.23482 1.27575 4.41781 5.04272 5.11578 4.60454 5.88537 5.60614 4.87362 4.26565 4.38593 4.22337 4.13948 5.5898
threshold=0.44991414424043991 11.291801242075012 0.88077450504708243 0.062962770721296205 0.041550228424525326 52.4887363370675 2.1255460912299164 0.50389129693954982 17.032840409775424 9.6211241032523791 1.0000000180025095e-35 3925.4725509231093 0.68353732515934285 0.79970545926753023
decision_type=2 2 2 2 2 2 2 2 2 2 2 2 2 2
left_child=-1 2 3 4 -2 7 8 -5 -7 -4 -11 -8 -6 -14
right_child=1 -3 9 5 12 6 11 -9 -10 10 -12 -13 13 -15
leaf_value=-0.083817481976343852 0.015309134675568183 -0.0021146530799905153 -0.026521694620096837 -0.021091240295262211 0.14326732033256806 0.1551141850278954 -0.072646799985946309 0.10840842773160009 0.0007515218569417012 -0.02431074239664309 0.1201934218944056 -0.0050502956703762916 -0.0058833504562177475 0.10955364425089716
leaf_weight=1.1276029587606888 22.382901735603809 402.50567250105087 31.386423232033849 3.913953358307479 4.184853116516023 2.0551664410159018 10.298241329845043 4.7190007865428925 3.6055499287322164 2.5947499629110089 2.7892964072525501 13.899721479043363 5.596363812685011 5.1599082569591701
leaf_count=68 156 7457 242 27 27 18 133 40 42 24 19 170 44 33
internal_value=-0.000192069 -9.00192e-06 0.00751889 0.0185551 0.0395074 -0.00176162 -0.0166396 0.0496967 0.0567941 -0.0152363 0.0505521 -0.0338182 0.0757583 0.0494931
internal_weight=516.219 515.092 112.586 75.8157 37.324 38.4916 29.8587 8.63295 5.66072 36.7705 5.38405 24.198 14.9411 10.7563
internal_count=8500 8432 975 690 260 430 363 67 60 285 43 303 104 77
is_linear=0
shrinkage=0.08


Tree=113
num_leaves=15
num_cat=0
split_feature=16 16 1 11 1 18 0 2 2 7 3 0 7 5
split_gain=1.28029 2.16319 4.93301 2.80748 1.67066 1.7143 2.6112 1.64896 2.83151 1.45934 3.95825 5.1484 3.89982 4.79202
threshold=1.806269467508246 2.4951133808359849 0.85676614959404906 3066.2929639560812 0.52178093476712128 37.648367052196527 0.860903325446854 0.75296003382202525 0.82799021950023077 0.44298114296335528 0.0090929353160968968 0.91227899450703498 0.43539875387460519 3.6947465257073873
decision_type=2 2 2 2 2 2 2 2 2 2 2 2 2 2
left_child=7 2 3 -2 5 -3 -7 -1 -9 12 11 -11 -6 -14
right_child=1 4 -4 -5 9 6 -8 8 -10 10 -12 -13 13 -15
leaf_value=-0.081316559445490211 0.15747368689075023 -0.084151352641228971 -0.038153575476531636 0.03669728712944742 0.0031121502691784609 0.13708404143341604 -0.088292988111638812 0.077940237920555697 -0.051696195974690745 0.0094496269324309684 -0.0056211636178976404 0.19075744865171071 -0.053123221509154599 0.13642454562556369
leaf_weight=2.8215179964900008 2.224160769954322 2.9460568876238531 3.0830215699970722 2.7607016293331981 242.14165595592931 0.66551586915738858 0.65066836355254054 1.7119206525385378 2.9134247358888388 2.9982728876639149 244.78318683960242 1.5057274438440797 1.2028487263014529 2.9400358023121953
leaf_count=23 12 155 25 31 3034 25 17 14 31 60 4993 13 24 43
internal_value=-0.000187165 0.00029566 0.0413899 0.0905857 -0.000367647 -0.0502394 0.0256667 -0.0331175 -0.0037155 6.12828e-05 -0.00425375 0.0700624 0.00442892 0.0813911
internal_weight=515.349 507.902 8.06788 4.98486 499.834 4.26224 1.31618 7.44686 4.62535 495.572 249.287 4.504 246.285 4.14288
internal_count=8500 8432 68 43 8364 197 42 68 45 8167 5066 73 3101 67
is_linear=0
shrinkage=0.08


Tree=114
num_leaves=15
num_cat=0
split_feature=18 0 8 5 10 7 18 0 4 0 6 8 2 4
split_gain=1.18073 3.19142 4.35458 3.27712 2.97191 2.78362 3.3634 4.39347 3.8349 3.85071 3.82439 5.21715 5.39769 3.75947
threshold=11.28452993762377 0.77405167256842289 19.500000000000004 3.5719838122061724 7.0498983075005386 0.45377284874316093 3.4006889999756642 0.84136230526059663 44.520722529288783 0.93117554997659568 1.5000000000000002 10.500000000000002 0.84649207977520791 69.646006187420497
decision_type=2 2 2 2 2 2 2 2 2 2 2 2 2 2
left_child=1 2 -1 -4 -5 -3 -7 10 9 -9 -8 12 -12 -13
right_child=-2 5 3 4 -6 6 7 8 -10 -11 11 13 -14 -15
leaf_value=-0.075690148522244871 0.0017654119881741997 0.010231552362739784 0.21295490553579657 -0.048747981811062012 0.15207729502002626 0.02654878141011411 -0.085579123956359138 -0.047612074154595507 -0.06200826193785363 0.090898075117636354 0.029472259634558323 0.053966172178585368 0.23776591969384642 -0.090378972447091435
leaf_weight=8.7944668706040812 409.18363879038952 49.688093228382058 0.53923018882051055 2.0769961071200673 0.61014706408604968 8.8853768506087345 1.8787590133724732 2.8338979659602073 20.084086575196125 2.3496209429576993 1.8480173368006929 2.490168733522296 1.3989802976138888 2.1534012563060969
leaf_count=426 6698 510 25 69 14 110 67 38 387 23 34 30 18 51
internal_value=-0.000181188 -0.00772173 -0.0465261 0.0329695 -0.00314827 -0.00273873 -0.0174117 -0.02856 -0.046175 0.0151728 0.0169997 0.0414239 0.119216 -0.0129722
internal_weight=514.815 105.631 12.0208 3.22637 2.68714 93.6104 43.9223 35.0369 25.2676 5.18352 9.76933 7.89057 3.247 4.64357
internal_count=8500 1802 534 108 83 1268 758 648 448 61 200 133 52 81
is_linear=0
shrinkage=0.08


Tree=115
num_leaves=15
num_cat=0
split_feature=18 4 11 2 11 4 0 16 7 8 4 7 3 7
split_gain=1.17761 2.42972 2.19809 3.72164 2.81288 3.7932 3.89321 2.7275 4.44373 3.30038 2.18418 1.97618 1.77673 1.76596
threshold=44.528634650681916 185.4719744881796 5633.1964221911157 0.66245234363651029 5099.6971203625426 162.95860838957773 0.92317570183062381 49.633160256109932 0.31564420253533648 2.5000000000000004 79.299407127666299 0.973852511738864 0.046913968202590355 0.96227875573298771
decision_type=2 2 2 2 2 2 2 2 2 2 2 2 2 2
left_child=11 2 4 -4 5 7 -7 9 -9 -2 -6 13 -10 -1
right_child=1 -3 3 -5 10 6 -8 8 12 -11 -12 -13 -14 -15
leaf_value=0.00072454965358918961 0.060278035628517877 -0.085693015347077378 0.041730611956023414 -0.059073002077424511 0.0075428097539498185 -0.0097678706340940669 0.21407305016069264 0.10413374991249054 0.027898708610442701 -0.062355813696608177 0.14330222267614046 -0.085306481550307733 -0.086014269648487199 0.05253599407893822
leaf_weight=471.35273522976786 1.6805244507268167 2.7928169209044418 3.1016423911787561 9.5962538081221265 1.4445471027865999 1.0135172334266815 0.97633133619092394 2.6197398249059907 1.6278417753055694 8.5511441556736809 1.596892401576042 1.6966140415752295 1.8980848384089766 4.2482025555800638
leaf_count=7690 15 100 40 178 18 32 8 29 22 128 25 61 65 89
internal_value=-0.000184598 -0.0139539 -0.00807953 -0.0344503 0.0075615 -0.00423869 0.100061 -0.0169111 0.0252138 -0.0422135 0.0788226 0.000879891 -0.0334232 0.00118734
internal_weight=514.197 36.8993 34.1065 12.6979 21.4086 18.3672 1.98985 16.3773 6.14567 10.2317 3.04144 477.298 3.52593 475.601
internal_count=8500 660 560 218 342 299 40 259 116 143 43 7840 87 7779
is_linear=0
shrinkage=0.08


Tree=116
num_leaves=15
num_cat=0
split_feature=5 8 13 11 16 11 4 3 5 18 5 5 11 0
split_gain=1.17203 5.00726 2.65622 3.97119 2.51694 1.75084 1.45468 3.34101 3.68808 4.48059 3.79322 3.46326 4.1228 3.3245
threshold=4.9314633489467701 2.5000000000000004 1.0000000180025095e-35 4020.1861485824338 37.477772915421831 6295.6096223288105 32.645779441887413 0.019815962011264465 4.787482691254799 20.458094087573677 3.3037912196053734 3.8516582271559519 3204.6103495468119 0.89998451638527321
decision_type=2 2 2 2 2 2 2 2 2 2 2 2 2 2
left_child=6 -2 5 4 -4 -3 7 -1 9 11 -11 -9 -13 -14
right_child=1 2 3 -5 -6 -7 -8 8 -10 10 -12 12 13 -15
leaf_value=0.046638592076638126 0.095371005335612019 -0.083118421466907774 0.11788708843703337 -0.05981829621379068 -0.01692760208038965 -0.0018320143118896505 0.0018541195516951266 -0.048866281405790878 0.050012967210648018 0.053066137255439967 -0.06881194762416537 0.11012721182933481 0.035768674105719725 -0.1022594662855462
leaf_weight=5.1041610073298207 2.1288507757708457 6.9799513895995933 2.0742624811828132 3.431322711519897 1.5475225870031861 2.24013373372145 454.57255459285807 4.9437624507118043 3.9829542329534879 1.8106619156897092 16.780766770709306 3.0245276354253274 3.575885042315349 1.6239753495901821
leaf_count=38 31 124 17 56 33 36 7715 77 37 15 214 31 55 21
internal_value=-0.00018172 -0.0200064 -0.0351 0.00185408 0.0602832 -0.0633689 0.000554656 -0.0139068 -0.0225528 -0.0316533 -0.056942 0.00405048 0.0358593 -0.00733908
internal_weight=513.821 18.402 16.2732 7.05311 3.62179 9.22009 495.419 40.8467 35.7425 31.7596 18.5914 13.1682 8.22439 5.19986
internal_count=8500 297 266 106 50 160 8203 488 450 413 229 184 107 76
is_linear=0
shrinkage=0.08


Tree=117
num_leaves=15
num_cat=0
split_feature=0 2 1 13 8 11 16 2 1 11 11 0 2 8
split_gain=1.15208 3.32662 2.03359 1.3251 2.65564 2.86998 2.94569 2.63258 2.69726 2.7484 7.10082 5.09127 4.98529 3.67501
threshold=0.59586225355288491 0.62747647044037824 0.98445783137654186 1.5000000000000002 15.500000000000002 8624.8946858110266 75.404396449479435 0.93138110959225207 0.70384869867627486 3775.6234324262209 5728.5346099227927 0.9243315917223085 0.73872087940117548 20.500000000000004
decision_type=2 2 2 2 2 2 2 2 2 2 2 2 2 2
left_child=1 -1 -3 -2 5 6 -5 8 -6 13 -11 12 -12 -10
right_child=3 2 -4 4 7 -7 -8 -9 9 10 11 -13 -14 -15
leaf_value=0.11850895745566151 0.0017159772378519901 -0.081934984700497926 0.13159218945019915 -0.035963112045746592 -0.05933557933952581 0.089694263195327015 0.049399679201579332 -0.086608291620663247 0.029327382284394955 0.11290580599380942 0.042340784626939708 0.12421926166325907 -0.098474491959362698 -0.089194432689504985
leaf_weight=0.73309108067769457 446.43212210497586 3.8794608313473873 0.30812654737383116 32.165895584621467 2.7070985345635625 1.3519419794902194 2.8134959110175251 1.7204668261110772 4.4932321259984773 5.8944649351760736 2.9603573128115368 1.6234043198637662 3.5250253031263128 2.6688285402487963
leaf_count=31 6934 305 4 612 89 23 125 47 66 66 49 21 64 64
internal_value=-0.000178105 -0.0387017 -0.0662235 0.000194787 -0.010772 -0.0246767 -0.0290971 0.00896704 0.0158551 0.0254722 0.046089 -0.00248165 -0.0341971 -0.0148379
internal_weight=513.277 4.92068 4.18759 508.356 61.9242 36.3313 34.9794 25.5929 23.8724 21.1653 14.0033 8.10879 6.48538 7.16206
internal_count=8500 340 309 8160 1226 760 737 466 419 330 200 134 113 130
is_linear=0
shrinkage=0.08


Tree=118
num_leaves=15
num_cat=0
split_feature=16 4 18 11 9 9 7 16 16 1 11 1 11 10
split_gain=1.18208 2.5651 2.62385 2.92361 2.57158 3.5325 3.27781 1.9266 2.53114 1.84668 1.73904 2.08231 1.64028 1.5141
threshold=81.640565965435684 54.578410328214424 44.122084772690208 4120.2410594628027 1.5000000000000002 1.0000000180025095e-35 0.46410198536251868 81.047206761588441 79.383947360299985 0.8625183312660919 8493.637775277215 0.831034871624314 1843.1357125403831 6.7751089108469227
decision_type=2 2 2 2 2 2 2 2 2 2 2 2 2 2
left_child=7 4 10 -4 5 -2 -7 8 13 12 -3 -12 -9 -1
right_child=1 2 3 -5 -6 6 -8 9 -10 -11 11 -13 -14 -15
leaf_value=-0.001637437645236074 -0.083126737808539727 -0.08161475147413938 0.18647904032909415 -0.083927639282268721 -0.085457193158210265 0.20511867672857281 0.012935159626696847 0.10045646061957392 -0.082378236878315345 0.13897646585298887 -0.081501027461173797 0.23739287935108053 -0.083947013171219678 0.0097845623663696864
leaf_weight=404.98531487979926 0.78888535895384704 6.2750563251320273 0.57769737183116354 0.45938623079564422 0.99151004245504726 1.1890200583147819 1.0874288296326993 0.57447803998365932 2.3721057359362012 1.2545365612022576 0.2760565384523942 0.24948209850117564 0.66733317682519555 90.958743532421067
leaf_count=6115 38 607 22 30 32 20 35 10 166 26 27 13 30 1329
internal_value=-0.000177697 -0.0251032 -0.0518314 0.0666998 0.0265347 0.0627595 0.113315 0.000414295 6.30993e-05 0.0705192 -0.0699072 0.0698833 0.00136044 0.000457417
internal_weight=512.707 11.8945 7.83768 1.03708 4.05684 3.06533 2.27645 500.813 498.316 2.49635 6.80059 0.525539 1.24181 495.944
internal_count=8500 824 699 52 125 93 55 7676 7610 66 647 40 40 7444
is_linear=0
shrinkage=0.08


Tree=119
num_leaves=15
num_cat=0
split_feature=17 3 7 1 7 16 7 2 2 0 18 5 4 3
split_gain=1.15391 3.36779 4.19074 4.27556 3.78065 3.33654 2.9778 2.74696 9.63795 3.54842 3.76308 4.46647 5.75069 4.21102
threshold=1.0000000180025095e-35 0.045886767588595674 0.53203129892184609 0.96001802131222624 0.51758830792086252 2.1778113818643807 0.47147789346160318 0.65559560539228079 0.63724549901700656 0.79139336848004216 31.501497414712365 4.1249560770100286 124.05877368603775 0.08550455999614949
decision_type=2 2 2 2 2 2 2 2 2 2 2 2 2 2
left_child=-1 -2 3 4 6 -4 7 8 -3 -9 11 13 -13 -11
right_child=1 2 5 -5 -6 -7 -8 9 -10 10 -12 12 -14 -15
leaf_value=0.0017134908484483053 0.010556355754036986 -0.021549955427192177 0.11870939135142558 0.08343742795800313 0.11487704056723301 -0.053199666536059696 -0.090634420968145224 -0.087283265596785689 0.19837138695050535 -0.11926466005010473 -0.048735147722238824 0.1076589696081699 -0.04617852120437408 0.023504775423893533
leaf_weight=410.71459632919868 39.227765878662467 4.8269725479185572 0.74790569767356174 3.2864642096683374 1.4492876883596171 21.328851015423425 3.1939307849388561 4.3520433036610511 1.7333180075511334 2.2449061172083038 8.6687054061330837 5.067254988476634 2.2437878348864615 3.2168436320498586
leaf_count=6742 475 78 8 25 20 682 76 129 18 25 96 36 41 49
internal_value=-0.00017478 -0.00780895 -0.0193617 -0.00400893 -0.0117768 -0.0473758 -0.0169405 -0.00966555 0.0365563 -0.0214215 -0.00805339 0.0195567 0.0604456 -0.0351768
internal_weight=512.303 101.588 62.3603 40.2835 36.9971 22.0768 35.5478 32.3538 6.56029 25.7935 21.4415 12.7728 7.31104 5.46175
internal_count=8500 1758 1283 593 568 690 548 472 96 376 247 151 77 74
is_linear=0
shrinkage=0.08


Tree=120
num_leaves=15
num_cat=0
split_feature=6 11 2 18 18 18 11 5 10 17 1 16 11 11
split_gain=1.15301 2.67782 3.23121 3.10021 4.42192 5.00085 2.7447 2.11254 1.54743 1.42711 3.91629 3.73525 3.55067 2.77254
threshold=1.0000000180025095e-35 5850.3353721491394 0.60264845304549641 5.7419556944282899 33.852840114629025 35.158172123563389 1289.6255009418876 3.5430564272142928 1.7245329973054078 1.0000000180025095e-35 0.68039687887111744 2.1778113818643807 572.68463264021364 1455.6036762175215
decision_type=2 2 2 2 2 2 2 2 2 2 2 2 2 2
left_child=1 2 6 -3 -5 -6 -1 -7 -4 -2 11 -11 -12 -14
right_child=9 3 8 4 5 7 -8 -9 -10 10 12 -13 13 -15
leaf_value=0.16361105716332158 0.0027535977271352626 0.14696367053403067 0.01380037602425211 -0.049124067018485658 0.22903237028032761 0.10958966688109055 -0.025298354686062324 -0.043019838366055392 -0.074996678458329816 0.12251395832324587 0.0821528593200576 -0.088412448042335307 -0.048458251423276907 -0.0018518341028056046
leaf_weight=0.80174014414660932 393.97983996901894 0.99606373137794335 1.4715938322478894 5.1475393428700027 0.9082796806469563 0.89350053283851627 1.2750414230395106 1.6573353839339686 8.5738432109355909 0.59249439463019271 2.9724006822798392 5.7707890162128024 9.1333552238065732 77.363686862401664
leaf_count=8 6224 24 32 167 11 16 37 64 301 5 33 235 123 1220
internal_value=-0.000176019 -0.0182105 -0.0432086 0.0133465 -0.00211726 0.067834 0.04763 0.0104358 -0.0619885 0.000623874 -0.00813168 -0.0687728 -0.00381873 -0.00677308
internal_weight=511.538 21.7249 12.1222 9.60272 8.60665 3.45912 2.07678 2.55084 10.0454 489.813 95.8327 6.36328 89.4694 86.497
internal_count=8500 660 378 282 258 91 45 80 333 7840 1616 240 1376 1343
is_linear=0
shrinkage=0.08


Tree=121
num_leaves=15
num_cat=0
split_feature=16 16 1 11 2 1 1 18 0 3 7 7 3 11
split_gain=1.12818 1.65443 3.93851 2.11648 1.52288 2.29987 1.43886 1.57298 2.83709 1.31434 4.15423 6.19188 4.87521 5.46168
threshold=1.806269467508246 2.4951133808359849 0.85676614959404906 3066.2929639560812 0.66776493522165559 0.79970545926753023 0.52178093476712128 37.648367052196527 0.85380262599989132 0.14551275053611715 0.53203129892184609 0.50970778789914994 0.2656417070739796 4120.2410594628027
decision_type=2 2 2 2 2 2 2 2 2 2 2 2 2 2
left_child=4 2 3 -2 -1 -6 7 -3 -9 -8 11 -11 -12 -14
right_child=1 6 -4 -5 5 -7 9 8 -10 10 12 -13 13 -15
leaf_value=-0.097595612368293741 0.1370765019199571 -0.083749925066129077 -0.035916504745588031 0.032998229618764537 -0.066985862672205201 0.035626214339839417 0.0013559009562393734 0.14606541352052321 -0.088016051307560184 -0.0036035812302854424 -0.056213385584495797 0.14230002504808401 0.17196955669791733 -0.08564667126081657
leaf_weight=1.7035902142524708 2.2544721728190762 2.6552979869884434 3.0344452299177647 2.8079268177971244 2.5748074194416404 3.0584589000791311 449.02141956530977 0.62957606615964301 0.69961170898750424 21.699627447291281 16.636714066378776 2.0362118545453987 1.3355452616233372 0.86966180545277882
leaf_count=15 12 155 25 31 30 23 6814 24 18 596 645 37 32 43
internal_value=-0.00017358 0.000280088 0.0361505 0.0793481 -0.0313182 -0.0112749 -0.000305963 -0.0481866 0.0228577 8.2117e-05 -0.0133511 0.00891296 -0.0413979 0.0703741
internal_weight=511.017 503.681 8.09684 5.0624 7.33686 5.63327 495.584 3.98449 1.32919 491.599 42.5778 23.7358 18.8419 2.20521
internal_count=8500 8432 68 43 68 53 8364 197 42 8167 1353 633 720 75
is_linear=0
shrinkage=0.08


Tree=122
num_leaves=15
num_cat=0
split_feature=5 5 0 4 0 18 2 16 11 4 1 2 3 11
split_gain=1.11565 3.08822 3.80681 3.49766 5.3488 4.45795 5.52863 5.13513 3.55324 2.91662 3.78462 2.88776 3.41966 2.48642
threshold=3.5047833110549003 3.4273102570518303 0.8197017487638979 95.67677877279074 0.84044891898642116 22.452283343852034 0.88201053545478469 23.479840695832618 3954.9471798612699 139.28680458785567 0.80990619298296296 0.80924760611874802 0.07406785247743862 513.51159769584501
decision_type=2 2 2 2 2 2 2 2 2 2 2 2 2 2
left_child=1 2 -1 4 -4 7 -7 -6 -5 11 -11 -10 -13 -2
right_child=13 -3 3 8 5 6 -8 -9 9 10 -12 12 -14 -15
leaf_value=-0.03531444553962796 0.050692819100639726 -0.041261918096579898 0.12272835935827021 -0.060488699011291419 -0.02074860389042045 -0.062615467377027376 0.065555814054381323 0.11408613183009292 -0.093449304890739118 -0.035934376297154319 0.079227459848985882 -0.061523725793387531 0.10623845736998551 0.00060738745119019656
leaf_weight=15.00759842986008 6.4380544011946759 15.327036980423143 3.6487584006972638 6.5297296952339847 2.9482991509139564 6.4567286153323931 3.2319922386668622 4.6727084466256201 2.6822987543418995 2.7201719430158828 5.55818997672759 1.6040904824621978 1.5093264060560612 432.08701347315218
leaf_count=471 83 374 31 153 19 85 28 54 43 68 90 21 25 6955
internal_value=-0.000171726 -0.00940875 -0.000778458 0.011692 0.0347024 0.0161472 -0.0198597 0.0619233 -0.0117144 0.0109146 0.0413866 -0.0326103 0.0198042 0.0013427
internal_weight=510.422 71.8969 56.5699 41.5623 20.9585 17.3097 9.68872 7.62101 20.6038 14.0741 8.27836 5.79572 3.11342 438.525
internal_count=8500 1462 1088 617 217 186 113 73 400 247 158 89 46 7038
is_linear=0
shrinkage=0.08


Tree=123
num_leaves=15
num_cat=0
split_feature=16 9 1 1 18 1 4 16 16 18 3 4 18 18
split_gain=1.10855 2.34982 3.1332 5.87169 3.19145 2.44541 2.0475 1.59781 2.34852 1.70856 1.39828 3.66288 4.71006 5.08922
threshold=81.640565965435684 1.5000000000000002 0.79219424298358143 0.79670987913014313 44.122084772690208 0.9081713358563589 107.82320912448306 81.047206761588441 79.383947360299985 29.225484002799572 0.16887623098474372 189.62540198118566 28.500031722350933 21.328016466116548
decision_type=2 2 2 2 2 2 2 2 2 2 2 2 2 2
left_child=7 2 -2 -4 5 -5 -7 8 10 -9 -1 -12 13 -13
right_child=1 -3 3 4 -6 6 -8 9 -10 -11 11 12 -14 -15
leaf_value=0.0014113178511749808 -0.081842509511245165 -0.082616080887004575 0.33466338081391039 -0.081932851398871048 0.14820634457225043 0.07774123445710901 -0.081420970458149652 -0.015822912127586488 -0.082233237713165097 0.11784086718340063 -0.028371482879975041 0.051983152680601732 -0.082349877271652827 0.35450597002348544
leaf_weight=469.05855636880733 2.2808777293539588 3.2282635441515586 0.37542673619464029 2.1204692003084347 0.87427384848706413 1.8781898454762997 0.71389462670776982 1.0288824900053435 2.2089723406825206 1.5107169339898971 22.061405881424438 1.0302313970169046 0.79554249451030035 0.54371276486199338
leaf_count=6633 232 267 9 183 20 49 64 37 166 29 690 45 53 23
internal_value=-0.00017079 -0.0247585 -0.00209963 0.0284062 0.0078262 -0.0182171 0.0339058 0.000395314 7.10437e-05 0.0636889 0.000439457 -0.0182197 0.0762998 0.156488
internal_weight=509.709 11.4714 8.24313 5.96225 5.58683 4.71255 2.59208 498.238 495.698 2.5396 493.489 24.4309 2.36949 1.57394
internal_count=8500 824 557 325 316 296 113 7676 7610 66 7444 811 121 68
is_linear=0
shrinkage=0.08


Tree=124
num_leaves=15
num_cat=0
split_feature=4 16 4 9 2 3 8 4 5 10 4 0 18 1
split_gain=1.10752 3.40495 3.35751 3.14579 4.5994 4.76567 3.74331 5.31576 4.20277 4.98403 3.77497 4.06612 3.64289 3.49042
threshold=169.84965610863688 74.235506077248189 177.40986991354808 1.5000000000000002 0.61040759605020578 0.025455475245992499 7.5000000000000009 211.82690305367933 4.5445977173385712 3.5101120616857435 190.29498913169954 0.81229081652693447 35.158172123563389 0.88726849761380144
decision_type=2 2 2 2 2 2 2 2 2 2 2 2 2 2
left_child=-1 2 -2 4 12 -6 7 10 -8 -10 13 -12 -4 -7
right_child=1 -3 3 -5 5 6 8 -9 9 -11 11 -13 -14 -15
leaf_value=0.001512365004881868 -0.045139436011180659 -0.08197457404405753 0.024466382840597798 -0.022886204566915039 0.065878703041211184 -0.0073522594348847479 -0.050100149375241772 0.13636284380140848 -0.09324336191706746 0.058325066258990088 0.067888849090408918 -0.091548190721827793 0.13812003059260977 0.16024491527382689
leaf_weight=422.90212462603813 11.480143183493054 3.8493009612429878 4.4285419604275367 22.939007706823759 6.3975560287944964 1.7896884237416073 16.105414941790517 2.3527361764572552 1.8260204412508745 5.7948436890728772 1.4545515738427637 3.4562392432708293 3.0466287056915462 1.4313300268258897
leaf_count=6454 234 405 66 470 82 41 404 45 35 108 40 67 29 20
internal_value=-0.000173469 -0.00842971 -0.00499835 0.00149009 0.0131192 0.00250356 -0.00934783 0.0304607 -0.026939 0.022008 -0.000179482 -0.0443237 0.0707878 0.0671232
internal_weight=509.254 86.352 82.5027 71.0226 48.0836 40.6084 34.2108 10.4845 23.7263 7.62086 8.13181 4.91079 7.47517 3.22102
internal_count=8500 2046 1641 1407 937 842 760 213 547 143 168 107 95 61
is_linear=0
shrinkage=0.08


Tree=125
num_leaves=15
num_cat=0
split_feature=4 12 10 7 16 0 0 1 1 18 18 18 7 4
split_gain=1.05542 1.30185 3.00102 2.77443 2.7344 2.39228 2.28739 2.0404 2.71898 2.96033 2.64548 1.4919 1.39716 1.32352
threshold=20.802534721014805 1.0000000180025095e-35 2.0035534778596022 0.40230675705490199 9.3980500332196542 0.86965174751886742 0.87725379928301106 0.8771587535362545 0.73636760259436529 28.643894205138999 15.231520367488688 46.622743946512863 0.10776883061188601 22.808090209631811
decision_type=2 2 2 2 2 2 2 2 2 2 2 2 2 2
left_child=-1 13 3 -3 -5 11 -7 8 -8 10 -10 12 -4 -2
right_child=1 2 5 4 -6 6 7 -9 9 -11 -12 -13 -14 -15
leaf_value=-0.049824813183872982 0.038711219062686743 0.08661420939151071 0.07814634795016262 0.1228048976594322 -0.08554350455129521 0.097829816065582706 -0.087828586670329292 -0.07578530730178272 0.01223375046672006 -0.053224833999327648 0.15470338002724363 0.069460719961854725 -0.084692504945617114 0.00052448408824836779
leaf_weight=2.7255967329256228 5.8804702013730994 2.9443539720959988 0.35480062477290886 0.538804569281638 1.6011826709727754 1.1452440638095129 1.6072696950286607 3.0634460197761655 1.8914294280111792 1.7447651848196981 1.4922313990537075 0.47724602441303421 6.8047968386672437 476.36952692407067
leaf_count=34 63 36 3 5 62 22 44 57 29 39 21 13 333 7739
internal_value=-0.000176342 9.11369e-05 -0.0182282 0.0362328 -0.0330857 -0.0331303 -0.00915188 -0.021655 0.00296383 0.0314185 0.0750644 -0.0674937 -0.0766229 0.000990126
internal_weight=508.641 505.916 23.6656 5.08434 2.13999 18.5812 10.9444 9.79914 6.7357 5.12843 3.38366 7.63684 7.1596 482.25
internal_count=8500 8466 664 103 67 561 212 190 133 89 50 349 336 7802
is_linear=0
shrinkage=0.08


Tree=126
num_leaves=15
num_cat=0
split_feature=5 1 10 11 5 0 16 10 10 8 16 2 16 1
split_gain=1.03743 3.45702 3.31743 3.349 3.10371 1.40757 2.3204 3.13997 4.54277 3.9822 1.35636 2.18704 1.78573 3.38288
threshold=3.2220805090196696 0.88077450504708243 5.019847874406751 4217.1766131989098 3.2387453487852556 0.62353037702661729 3.9270389428193502 2.6539354589754067 2.5343446310571429 1.5000000000000002 1.806269467508246 0.75296003382202525 2.4951133808359849 0.85676614959404906
decision_type=2 2 2 2 2 2 2 2 2 2 2 2 2 2
left_child=1 2 3 -1 -2 6 -6 8 9 -8 11 -7 13 -12
right_child=4 -3 -4 -5 5 10 7 -9 -10 -11 12 -13 -14 -15
leaf_value=0.18258174322847681 -0.088457122714059061 -0.062573965779588236 -0.024982661122140842 0.03374057096092814 0.18389480695127769 -0.097962573183130952 0.16770576593318431 -0.082254887040539307 0.27626202626433233 -0.083594349487269806 0.079393996450101936 -0.002158428275225202 0.00023011040382709753 -0.030328225881477593
leaf_weight=1.7956205774098628 2.5616683708503833 1.9848572870250789 1.9714804729446767 2.097816796740517 0.2986596142873158 2.3309295363724223 0.54535452043637711 4.6908582611940801 0.39891279663424928 1.5522550530731676 4.8838441846892229 4.4106116145849228 475.8133885046409 2.8465373776853085
leaf_count=24 68 27 24 27 8 22 10 375 8 103 39 42 7700 23
internal_value=-0.000171983 0.0286856 0.0595705 0.102385 -0.000624734 -0.000172724 -0.0346004 -0.0436796 0.0288016 -0.0182592 0.000352944 -0.0352833 0.000849783 0.0389913
internal_weight=508.183 7.84978 5.86492 3.89344 500.333 497.771 7.48604 7.18738 2.49652 2.09761 490.285 6.74154 483.544 7.73038
internal_count=8500 102 75 51 8398 8330 504 496 121 113 7826 64 7762 62
is_linear=0
shrinkage=0.08


Tree=127
num_leaves=15
num_cat=0
split_feature=6 3 12 7 7 7 1 4 11 1 11 1 15 1
split_gain=1.02576 2.78427 2.82741 2.78198 3.91289 4.74525 3.64538 3.13214 3.11555 4.48599 4.68253 5.12641 3.0372 3.03612
threshold=1.5000000000000002 0.01025252531567967 1.0000000180025095e-35 0.18206911794995423 0.23970246232362555 0.32408603829227756 0.72482397846942004 47.025747893819833 6102.059584478332 0.88300171169907393 4674.4280258380486 0.78407084570812846 1.5000000000000002 0.7216183512350004
decision_type=2 2 2 2 2 2 2 2 2 2 2 2 2 2
left_child=1 -1 3 7 -5 8 -7 -3 9 10 11 -6 13 -9
right_child=-2 2 -4 4 5 6 -8 12 -10 -11 -12 -13 -14 -15
leaf_value=-0.091174150508363971 0.0017623667835827948 -0.059919365747807943 -0.063221414853034327 -0.060554670947979547 -0.086404942146272423 -0.070484428953678763 -0.0052675896772515244 0.14278708871616616 -0.028362169069557682 -0.021526673073451491 0.19506629800126948 0.10937846987849828 -0.027471764226102084 0.038192157730125131
leaf_weight=2.4528231651056549 394.03599689260591 2.4413816016167429 5.094587522908113 8.3196153626777214 1.2095570648089031 6.0365383097669101 60.072534852020908 2.1009407476522055 2.9123703024815759 2.6140155603643507 2.27299443987431 2.9277227015700191 3.6909253848716608 11.488913137465714
leaf_count=55 5956 27 227 134 39 400 1326 27 61 34 29 36 40 109
internal_value=-0.000168759 -0.00686506 -0.00500509 -0.00220939 -0.00840013 -0.0028405 -0.0112227 0.0249005 0.0435826 0.066801 0.10282 0.0521401 0.0368836 0.0543621
internal_weight=507.671 113.635 111.182 106.088 86.3653 78.0457 66.1091 19.7222 11.9367 9.02429 6.41027 4.13728 17.2808 13.5899
internal_count=8500 2544 2489 2262 2059 1925 1726 203 199 138 104 75 176 136
is_linear=0
shrinkage=0.08


Tree=128
num_leaves=15
num_cat=0
split_feature=5 8 7 4 18 5 4 10 4 1 3 3 18 5
split_gain=1.01502 4.37053 2.41698 3.44941 2.48542 2.11878 1.41762 3.25238 2.89047 3.99834 7.59873 5.1683 4.65591 3.90195
threshold=4.9314633489467701 2.5000000000000004 0.31260618624124364 27.041147336335957 2.8523073770516385 4.9583558280982762 32.645779441887413 6.8558334540075583 49.26440370079856 0.831034871624314 0.16515351708864409 0.03087471897956378 45.824716000568053 4.5127726398018142
decision_type=2 2 2 2 2 2 2 2 2 2 2 2 2 2
left_child=6 -2 5 -4 -5 -3 7 -1 9 10 13 -11 -13 -8
right_child=1 2 3 4 -6 -7 8 -9 -10 11 -12 12 -14 -15
leaf_value=-0.0041014090579786656 0.087164728302606798 -0.04219125136710599 0.10823948865856102 0.075147842629829223 -0.081051718318655694 0.059253958296050568 -0.035929904252092228 -0.067056226861260476 -0.00062252559354304465 -0.050408617425933153 0.16937932123044547 0.059787934706077177 -0.05627868736620046 0.040406450664930552
leaf_weight=33.484864511876367 2.1778621962294009 2.5528941720258436 0.75420269276946683 0.70403759321197767 8.8137055467814189 2.7232348173856735 17.18074646987953 6.2289730010088524 393.81648541416507 3.7535489127039936 1.4930879307212297 25.263350454391915 2.4241721406579009 5.7096618940122417
leaf_count=400 31 28 11 6 196 25 271 88 7022 31 33 255 22 81
internal_value=-0.000168456 -0.0189744 -0.0338416 -0.0564474 -0.0694975 0.0101689 0.000512754 -0.0139756 0.00179242 0.0188287 -0.0054831 0.0376833 0.0496258 -0.016889
internal_weight=507.081 17.7259 15.5481 10.2719 9.51774 5.27613 489.355 39.7138 449.641 55.8246 24.3835 31.4411 27.6875 22.8904
internal_count=8500 297 266 213 202 53 8203 488 7715 693 385 308 277 352
is_linear=0
shrinkage=0.08


Tree=129
num_leaves=15
num_cat=0
split_feature=10 2 8 16 1 10 2 13 3 7 16 1 4 2
split_gain=1.05559 4.93547 6.4571 4.9874 5.60665 4.55448 4.20121 5.13775 4.48642 4.43141 4.04991 5.11895 5.67707 3.60954
threshold=6.7751089108469227 0.63991016604064288 5.5000000000000009 8.3330854424303862 0.93335115325501405 5.5850478215546335 0.57938672191807539 1.0000000180025095e-35 0.053664997023654376 0.35977728611030019 7.1963879571428633 0.88077450504708243 121.87895713645223 0.89917358015736604
decision_type=2 2 2 2 2 2 2 2 2 2 2 2 2 2
left_child=5 2 -2 -4 6 -1 7 -5 -8 -10 11 12 -7 -12
right_child=1 -3 3 4 -6 10 8 -9 9 -11 13 -13 -14 -15
leaf_value=0.0022249801295104558 -0.042806992233633732 -0.0015169574885129664 -0.04040375876762315 0.08763972981861258 0.23444548795695905 0.1148870592881257 0.21853719799854393 -0.071433978400542331 0.16094185128867999 -0.037132500456897616 -0.035991842107152804 -0.052536221742945387 -0.026604074033035371 0.0082239869092187324
leaf_weight=333.5306338724331 4.1186030060052898 74.626016956171952 2.1612344644963732 3.1275209514424187 1.5338638853281725 4.855283495038746 1.9408574248664079 2.2231094399467111 1.4369708709418776 1.454649338382296 53.861057071189862 3.683987814001739 2.8981955666095018 15.136926530336494
leaf_count=5497 61 1271 16 49 13 37 18 38 12 39 1104 31 36 278
internal_value=-0.000168464 0.0075518 0.0451565 0.0712613 0.0918582 -0.00189583 0.0703806 0.0215469 0.12445 0.0612992 -0.018983 0.0251072 0.0619987 -0.0262917
internal_weight=506.589 92.6228 17.9968 13.8782 11.717 413.966 10.1831 5.35063 4.83248 2.89162 80.4355 11.4375 7.75348 68.998
internal_count=8500 1517 246 185 169 6983 156 87 69 51 1486 104 73 1382
is_linear=0
shrinkage=0.08


Tree=130
num_leaves=15
num_cat=0
split_feature=18 7 0 13 11 0 7 5 8 4 4 5 11 3
split_gain=1.04219 2.589 2.56417 3.05266 4.17103 5.55725 5.39608 4.8647 4.16344 7.05043 6.34044 4.88748 4.3065 4.98453
threshold=11.150801413982771 0.93576709447050532 0.75482856477182003 1.0000000180025095e-35 3275.6187380745273 0.95188725723811796 0.25728503818982512 4.4964547042474257 5.5000000000000009 134.29497669641452 105.16482512333961 4.7718014718013526 4189.8949235095633 0.039033392783390193
decision_type=2 2 2 2 2 2 2 2 2 2 2 2 2 2
left_child=1 2 -1 8 5 -5 7 -6 9 10 -4 12 13 -10
right_child=-2 -3 3 4 6 -7 -8 -9 11 -11 -12 -13 -14 -15
leaf_value=-0.051028450698353905 0.0016430879967009142 -0.086880602094909568 0.060223929013094139 -0.0072941600631700578 -0.033471196331265274 0.12666575369366428 -0.067927856118040211 0.10102297265828382 0.045337720543476928 -0.036509844791140139 0.24001749815912723 -0.083959851508061206 0.029114494540382192 -0.056739815191195052
leaf_weight=7.290691814501769 405.00528555302299 2.5590180964791207 5.5794117329642159 12.786158044589682 4.7715974908787784 2.3455061446875325 15.29941326077096 2.6923695188015699 4.3755960389971724 3.5948471194133162 1.6197350197471676 4.0747917033731929 23.855425308895065 10.194718873419331
leaf_count=401 6732 85 64 188 46 21 291 19 39 64 19 60 311 160
internal_value=-0.000170268 -0.00743891 -0.00537462 -0.00172455 -0.0190828 0.0134705 -0.0407223 0.015043 0.0106181 0.0549872 0.100676 -0.000650514 0.00818388 -0.026085
internal_weight=506.045 101.039 98.4803 91.1896 37.895 15.1317 22.7634 7.46397 53.2945 10.794 7.19915 42.5005 38.4257 14.5703
internal_count=8500 1768 1683 1282 565 209 356 65 717 147 83 570 510 199
is_linear=0
shrinkage=0.08


Tree=131
num_leaves=15
num_cat=0
split_feature=5 0 11 0 7 15 18 18 4 0 4 11 15 3
split_gain=1.02352 2.70374 3.97608 2.29983 2.66717 3.3608 3.91881 3.92986 3.30347 4.78942 3.18778 2.6422 3.41245 2.63819
threshold=3.5430564272142928 0.74579549546305623 8845.1411704633774 0.75671215292041694 0.76326295665491506 1.0000000180025095e-35 8.136593458858675 26.413447794740566 99.297432935043688 0.94896718501061816 82.006547737431305 7337.6424051868335 1.0000000180025095e-35 0.09495771792432052
decision_type=2 2 2 2 2 2 2 2 2 2 2 2 2 2
left_child=1 2 -1 -3 5 8 13 -8 10 -10 -5 -6 -13 -7
right_child=-2 3 -4 4 11 6 7 -9 9 -11 -12 12 -14 -15
leaf_value=-0.073441028968317598 0.0013687763056956116 0.10282648178729989 0.15232252188741791 0.023381143487374807 -0.064110918194583977 -0.0065723179323851789 -0.07115178966136966 -0.0051114266519556011 -0.028930793571563911 0.1014067026063519 0.10496016754392291 -0.086686711531844388 0.11017854656926121 0.11565879995454291
leaf_weight=6.4641493594972408 426.89195341130835 1.2687124595977355 0.54104832827579219 12.860136044211691 8.2585822899709438 2.4953983877785531 9.7651984047843161 14.0843907315284 12.104468694713431 2.1204526771325609 4.0250532380305222 0.93489322165260036 1.4185893626417962 2.0655686589889228
leaf_count=358 6868 40 7 132 269 28 181 207 255 27 38 33 29 28
internal_value=-0.000174281 -0.00857559 -0.0560041 -0.00392238 -0.00585348 0.000734016 -0.0191584 -0.0321516 0.0189003 -0.0095019 0.0428278 -0.0428013 0.0319761 0.0487837
internal_weight=505.299 78.4066 7.0052 71.4014 70.1327 59.5207 28.4106 23.8496 31.1101 14.2249 16.8852 10.6121 2.35348 4.56097
internal_count=8500 1632 365 1267 1227 896 444 388 452 282 170 331 62 56
is_linear=0
shrinkage=0.08


Tree=132
num_leaves=15
num_cat=0
split_feature=18 4 7 7 10 7 15 1 9 11 11 11 5 2
split_gain=0.996756 2.19954 1.82817 3.28049 2.45374 2.44278 4.74516 2.98846 2.39007 5.52808 1.82066 7.48154 6.37006 3.98531
threshold=44.528634650681916 185.4719744881796 0.97073522788351208 0.96227875573298771 4.991091522110322 0.91270075900935199 1.5000000000000002 0.80492247851795862 1.0000000180025095e-35 3844.4908585273965 3740.202663475307 3988.0085683635239 4.5508394773112135 0.77563098777078421
decision_type=2 2 2 2 2 2 2 2 2 2 2 2 2 2
left_child=2 -2 3 5 -5 10 8 -8 9 -7 -1 12 13 -12
right_child=1 -3 -4 4 -6 6 7 -9 -10 -11 11 -13 -14 -15
leaf_value=-0.0047936963409332921 -0.0075915146617135812 -0.085149239269478177 -0.063779790554099658 0.1379492719078495 -0.016641084211356821 0.11706157816669827 -0.084003188536151005 0.089543728368748909 -0.082274460349420167 -0.086985021070165966 0.021241298514983555 0.0027329026400908173 -0.033364780315274588 0.12854309804498532
leaf_weight=170.69502095523058 33.120395438803826 2.5181731018819837 2.7882212947297367 1.9383023802656674 0.99415583605878044 1.4509864873252794 0.8281969212694088 2.7226379278581589 7.6258582701557316 2.0507823976222426 3.2351373946294171 264.40238477906678 3.2792464089579871 7.0271578343817964
leaf_count=2793 560 100 91 28 31 30 35 48 279 65 55 4246 58 81
internal_value=-0.000173655 -0.0130716 0.000806363 0.0011926 0.0855404 0.000658736 -0.0314557 0.0490656 -0.0571502 -0.00243665 0.00170945 0.00570326 0.0637003 0.0947167
internal_weight=504.677 35.6386 469.038 466.25 2.93246 463.317 14.6785 3.55083 11.1276 3.50177 448.639 277.944 13.5415 10.2623
internal_count=8500 660 7840 7749 59 7690 457 83 374 95 7233 4440 194 136
is_linear=0
shrinkage=0.08


Tree=133
num_leaves=15
num_cat=0
split_feature=8 5 5 4 10 3 3 5 0 1 18 0 7 2
split_gain=0.984925 6.27362 7.87475 5.91806 3.57782 2.9389 4.38878 3.19462 2.63373 8.35778 5.21827 4.33164 5.17276 2.68088
threshold=23.500000000000004 4.7509219136354792 4.9314633489467701 120.43176596556269 1.2633486898963413 0.10197916780630069 0.093685637915647282 3.4273102570518303 0.80500123708120097 0.87839815193460669 3.4006889999756642 0.91227899450703498 0.42613583197459709 0.56435014146796669
decision_type=2 2 2 2 2 2 2 2 2 2 2 2 2 2
left_child=-1 4 3 -3 -2 6 8 -7 9 13 -10 -12 -13 -6
right_child=1 2 -4 -5 5 7 -8 -9 10 -11 11 12 -14 -15
leaf_value=-0.0012164634712161983 0.11085730875205904 0.21484599229554813 -0.059262855538266032 0.046226586015123257 0.10656150143727755 0.046099663143919667 0.13390253991238812 -0.086269616771555882 0.1685750956486973 0.13835669524085367 -0.072647143908773484 0.091911730409284034 -0.053131688164391538 -0.059914680019873927
leaf_weight=463.73310747812502 1.6777649142313737 2.6258874461054793 1.9308654181659219 2.7037367816083133 0.73568215360865963 1.5091756684705604 1.5516373147256661 5.1446568031678908 0.85207780078053375 2.9679329085629433 8.411099474411456 2.9680954541545352 3.3495061499997973 3.9063712163479067
leaf_count=7756 23 29 39 39 12 38 25 187 8 42 131 29 45 97
internal_value=-0.000173542 0.0118171 0.0791568 0.129305 -0.00296547 -0.00904798 0.00364486 -0.0562465 -0.00507036 0.0335059 -0.0239119 -0.0350475 0.0150117 -0.0335312
internal_weight=504.068 40.3345 7.26049 5.32962 33.074 31.3962 24.7424 6.65383 23.1908 7.60999 15.5808 14.7287 6.3176 4.64205
internal_count=8500 744 107 68 637 614 389 225 364 151 213 205 74 109
is_linear=0
shrinkage=0.08


Tree=134
num_leaves=15
num_cat=0
split_feature=18 18 0 2 0 1 16 0 2 16 16 16 5 0
split_gain=0.983162 2.50781 4.82134 7.24329 6.08535 2.77472 2.49185 2.54747 3.55178 3.43723 4.14547 2.85221 2.43784 2.32767
threshold=11.150801413982771 13.127647108189537 0.78175522806060027 0.74556805275191562 0.71414916650408344 0.62151576131106978 4.3154405958675639 0.89019477079084586 0.77691985959217325 23.479840695832618 42.741228173398206 17.903664969433969 4.3413997071952481 0.78175522806060027
decision_type=2 2 2 2 2 2 2 2 2 2 2 2 2 2
left_child=13 2 3 -2 -5 -3 -4 11 12 -10 -11 -8 -9 -1
right_child=1 5 6 4 -6 -7 7 8 9 10 -12 -13 -14 -15
leaf_value=-0.03947539269868082 -0.085188414358931694 -0.036597967083701319 0.10278161897887682 -0.00055422306816758384 0.24320312321206214 0.0012579554123373746 0.044957589722449058 -0.082477406791025484 -0.028459856294260143 0.17254206577354825 0.023641207059828546 -0.062157162875329172 0.040158662157485855 -0.0026483157080453767
leaf_weight=12.567641384608576 0.95851335639599966 12.825476178870302 1.7228436302393699 0.95392141782213036 2.0949983427999541 366.38800247971085 2.2061845408752587 2.4192499089986068 1.8597279014065859 2.445786664262414 2.3429390910314396 5.7053452503751032 1.8162251380272207 87.178448609134648
leaf_count=558 39 531 11 45 28 5827 17 29 16 14 35 117 23 1210
internal_value=-0.000176068 0.00158107 0.0263734 0.106634 0.166938 -2.23794e-05 0.0106978 0.00225713 0.0273676 0.0638439 0.0996906 -0.0322875 -0.0298895 -0.00728839
internal_weight=503.485 403.739 24.5257 4.00743 3.04892 379.213 20.5183 18.7955 10.8839 6.64845 4.78873 7.91153 4.23548 99.7461
internal_count=8500 6732 374 112 73 6358 262 251 117 65 49 134 52 1768
is_linear=0
shrinkage=0.08


Tree=135
num_leaves=15
num_cat=0
split_feature=6 5 16 18 10 11 4 18 11 11 3 5 3 8
split_gain=0.987066 2.49234 3.38555 2.81867 2.79761 2.73408 2.42263 1.41891 3.35532 1.34117 1.28688 2.84304 3.74356 1.39965
threshold=1.0000000180025095e-35 4.2548293766305152 5.9357303048107122 34.770949321747828 4.7574658716749321 5165.1607256826946 76.782900379742173 6.4846826840600844 6222.6908934025532 1809.3177092998537 0.20636860501229551 4.8962958342087406 0.31927028517833789 2.5000000000000004
decision_type=2 2 2 2 2 2 2 2 2 2 2 2 2 2
left_child=1 3 -3 -1 5 -4 -5 -7 -9 -6 13 12 -12 -2
right_child=10 2 4 6 9 7 -8 8 -10 -11 11 -13 -14 -15
leaf_value=-0.077928343710665329 0.012892791688712156 0.10510126195466671 -0.046804395952988902 0.057297254334348589 0.042477804690935039 0.15588686133962457 -0.083320040750845356 0.16865060764154113 -0.037033567582241578 -0.087261090938896391 -0.072550778749942729 0.085832102116604178 0.063275238549986318 -0.00047148490771811366
leaf_weight=6.3857780787511746 57.031529368308838 1.9403413981199253 1.9914139527827481 2.3810276370495562 0.61349228303879533 0.93116541206836734 1.169168045860715 0.79908661090303246 1.3914582377765325 3.0212922400678508 6.5637539098388498 1.2073150598444033 1.6189983435906468 415.92092346140998
leaf_count=268 849 20 73 30 20 10 75 21 47 96 348 22 28 6593
internal_value=-0.000175016 -0.0173139 0.00949979 -0.0461577 -0.0117052 0.0264389 0.0109885 0.0731625 0.0379978 -0.0653633 0.000557817 -0.0287683 -0.0456769 0.00114006
internal_weight=502.967 20.6242 10.6883 9.93597 8.74791 5.11312 3.5502 3.12171 2.19054 3.63478 482.343 9.39007 8.18275 472.952
internal_count=8500 660 287 373 267 151 105 78 68 116 7840 398 376 7442
is_linear=0
shrinkage=0.08


Tree=136
num_leaves=15
num_cat=0
split_feature=16 9 1 1 18 1 10 10 16 16 5 10 2 8
split_gain=0.950767 2.13822 2.71703 3.78762 2.47595 2.16228 1.92792 3.54751 1.36336 2.09158 1.64486 1.25414 3.92891 5.01988
threshold=81.640565965435684 1.5000000000000002 0.79219424298358143 0.79670987913014313 44.122084772690208 0.9081713358563589 4.4992248949879219 3.9844874963569077 81.047206761588441 79.383947360299985 4.3645375923087917 6.7751089108469227 0.63991016604064288 5.5000000000000009
decision_type=2 2 2 2 2 2 2 2 2 2 2 2 2 2
left_child=8 2 -2 -4 5 -5 7 -7 9 11 -10 -1 13 -13
right_child=1 -3 3 4 -6 6 -8 -9 10 -11 -12 12 -14 -15
leaf_value=-0.0015580831070868715 -0.081675742236216459 -0.082429625007547594 0.24266586050212419 -0.081866436354835523 0.12526925348546195 -0.023959929360154567 -0.083171060120687812 0.1988128094766278 0.11638012344362265 -0.082059582648760745 -0.012195177135035814 -0.038517695083510613 0.00055273538772522177 0.064547176593303141
leaf_weight=397.1482251083944 2.0425392286269908 2.8977678653609473 0.47231907211244095 1.9374604013282803 0.93041113391518582 1.0549364651087674 0.69884788547642518 0.80780255259014655 1.4129815283231431 1.9779799728421483 1.1592052127234636 3.8518381472677019 71.884551465045661 14.080860423855482
leaf_count=6115 232 267 9 183 20 54 47 12 36 166 30 53 1101 175
internal_value=-0.000172146 -0.0236054 -0.00214869 0.0253747 0.00647216 -0.0180953 0.0301381 0.0726486 0.000344756 3.91596e-05 0.0584352 0.000372632 0.00890975 0.0424094
internal_weight=502.358 10.8421 7.94432 5.90178 5.42946 4.49905 2.56159 1.86274 491.516 488.943 2.57219 486.965 89.8173 17.9327
internal_count=8500 824 557 325 316 296 113 66 7676 7610 66 7444 1329 228
is_linear=0
shrinkage=0.08


Tree=137
num_leaves=15
num_cat=0
split_feature=10 9 11 3 3 8 2 9 1 7 8 11 3 15
split_gain=0.952041 4.79219 3.75346 3.37249 6.31511 3.69312 4.92809 3.17776 3.25414 5.07196 4.74856 6.1406 4.56278 4.39343
threshold=1.643920445488759 1.0000000180025095e-35 1843.1357125403831 0.11212656045160001 0.10509016684500021 4.5000000000000009 0.81044862294841702 1.0000000180025095e-35 0.81113424815187252 0.39869200876506644 22.500000000000004 6254.9078878894152 0.086890268832708964 1.0000000180025095e-35
decision_type=2 2 2 2 2 2 2 2 2 2 2 2 2 2
left_child=1 2 -1 4 5 6 -3 8 9 12 -10 13 -2 -12
right_child=7 3 -4 -5 -6 -7 -8 -9 10 -11 11 -13 -14 -15
leaf_value=0.12117759240627134 0.021845790492433605 -0.050552924301136393 0.025365942108325764 -0.051944615587638743 0.13127425832104211 -0.017866145700996316 0.10989495596005618 0.0023685294832801397 -0.010765030389066758 -0.061154734572543987 0.046277376142892783 -0.041013413468377315 -0.067030630854216913 0.19617973616654463
leaf_weight=3.6271106889471403 13.487573525169866 1.851617677602923 9.3948789881542307 7.5803566141403271 2.4351037913002065 21.886321626603603 3.6211521223885939 346.17399242639658 59.526334219961427 19.189236806181725 3.1377210903447104 2.7872299738228321 5.0928059635916716 2.0813529919832945
leaf_count=41 168 35 150 199 21 298 38 5859 848 605 40 40 128 30
internal_value=-0.000169064 0.0102598 0.0520531 -0.00430172 0.00781977 -0.00316833 0.0556102 -0.0013332 -0.0135024 -0.0323074 -0.0029851 0.0548581 -0.00251487 0.106058
internal_weight=501.873 50.3965 13.022 37.3746 29.7942 27.3591 5.47277 451.476 105.302 37.7696 67.5326 8.0063 18.5804 5.21907
internal_count=8500 782 191 591 392 371 73 7718 1859 901 958 110 296 70
is_linear=0
shrinkage=0.08


Tree=138
num_leaves=15
num_cat=0
split_feature=11 0 7 1 5 5 0 1 18 11 5 0 8 2
split_gain=0.965673 3.77403 5.34933 5.11614 6.66903 8.31463 4.37902 5.36187 5.3519 5.3569 11.244 4.04491 5.52163 4.37328
threshold=6807.335997782252 0.85155584049604915 0.11550507630196062 0.90066504453452423 4.0530193984822249 4.5938424272193439 0.85491248241960405 0.81113424815187252 2.8523073770516385 7586.0224897945209 4.2188159193591757 0.80094007659357735 11.500000000000002 0.76342698662972464
decision_type=2 2 2 2 2 2 2 2 2 2 2 2 2 2
left_child=-1 11 -3 6 -5 -6 -4 8 -8 10 -10 -2 13 -13
right_child=1 2 3 4 5 -7 7 -9 9 -11 -12 12 -14 -15
leaf_value=-0.0022526175489988908 0.0090990854078750356 -0.11597309311817805 0.15288947187111571 0.093622917891832955 -0.057722520105718232 0.074957333732426634 0.19011504773725837 -0.024823021079552629 -0.039889637779071258 -0.011213465482876996 0.13325634580306864 0.06461171240671261 -0.073680209655719045 -0.035497011113998
leaf_weight=370.85569293508888 29.525459949916694 1.8871000753715623 1.2692813798785199 11.839004136389123 5.997095325496046 6.0949936180841178 1.2353030152153248 24.024282721802592 3.9780457559973019 14.728585087024838 6.0524021096061915 4.5866386245470512 11.908522252284454 7.1410215743817389
leaf_count=6322 807 16 15 103 65 54 9 289 82 266 73 74 212 113
internal_value=-0.000171251 0.00575413 0.0170607 0.0203982 0.0509421 0.0091545 0.00614636 0.00242258 0.0276033 0.0194951 0.0645872 -0.0106449 -0.0353084 0.00365509
internal_weight=501.123 130.268 77.1061 75.219 23.9311 12.0921 51.2879 50.0186 25.9943 24.759 10.0304 53.1616 23.6362 11.7277
internal_count=8500 2178 972 956 222 119 734 719 430 421 155 1206 399 187
is_linear=0
shrinkage=0.08


Tree=139
num_leaves=15
num_cat=0
split_feature=11 11 5 1 5 4 16 3 16 3 5 5 4 4
split_gain=0.947351 1.92758 1.22756 2.84482 2.71601 1.77193 1.68233 1.52528 1.21287 3.69106 2.70024 4.0318 4.37828 2.56166
threshold=8960.659420390728 8891.521590850316 3.2220805090196696 0.831034871624314 3.2387453487852556 77.7842373491941 21.057048863399388 0.07406785247743862 19.673736544682935 0.19351562686262477 4.8487434349360088 4.7939457427652128 84.398455337916474 27.041147336335957
decision_type=2 2 2 2 2 2 2 2 2 2 2 2 2 2
left_child=1 2 3 6 -4 -5 -1 -8 10 -10 11 13 -13 -6
right_child=-2 -3 4 5 8 -7 7 -9 9 -11 -12 12 -14 -15
leaf_value=0.019838526302631984 0.043106298959182075 -0.066692391569752318 -0.087631893613820525 0.030870911284814718 -0.045934440276887728 -0.092572393948431669 0.043161749034978374 0.17275638926924952 -0.0019344474846745999 -0.062032590139358759 -0.027964188611735871 0.1378107537550349 0.013385043260082295 0.0072186677724515027
leaf_weight=2.0680017480626693 3.2157867150381199 2.7960049021057776 2.2826851913123383 1.5525074796751144 6.0308443512767544 1.4293846025830133 1.0009899148717525 1.3861059290356932 296.46197424610727 6.6880227170186108 14.617298413999377 3.1131166797131291 4.3236794322729111 153.51524549629539
leaf_count=16 32 67 67 15 51 27 20 22 6067 426 142 18 40 1490
internal_value=-0.000175178 -0.000455076 -8.05342e-05 0.0321763 -0.000573096 -0.0283022 0.0726559 0.118413 -0.000163137 -0.00326032 0.00500707 0.0078933 0.0654709 0.00520948
internal_weight=500.482 497.266 494.47 7.43699 487.033 2.98189 4.4551 2.3871 484.75 303.15 181.6 166.983 7.4368 159.546
internal_count=8500 8468 8401 100 8301 42 58 42 8234 6493 1741 1599 58 1541
is_linear=0
shrinkage=0.08


Tree=140
num_leaves=15
num_cat=0
split_feature=6 11 12 11 18 18 2 1 2 16 1 10 11 18
split_gain=0.925173 2.57005 2.47089 2.50205 2.46726 3.15249 3.83961 3.70872 5.56421 5.27102 4.62386 4.95904 4.10602 3.78703
threshold=1.5000000000000002 8563.6344738985699 1.0000000180025095e-35 962.80907141731711 39.234571876249518 25.123889454268806 0.78844243852485618 0.8484324978402854 0.89214532064304464 12.711267428393393 0.92462407747545472 3.158597964146737 4217.1766131989098 26.831072441546063
decision_type=2 2 2 2 2 2 2 2 2 2 2 2 2 2
left_child=1 2 3 -1 5 6 -5 9 10 -7 11 -9 -13 -11
right_child=-2 -3 -4 4 -6 7 -8 8 -10 13 -12 12 -14 -15
leaf_value=-0.046244486840188136 0.0016650096189593459 -0.085878237492565179 -0.061364589701079088 -0.029867981434445953 -0.026237846491617648 0.060072557954841239 0.015561829249624822 0.17645036188376612 -0.067892720472607915 0.080409018333060925 0.0055894391568843847 -0.0075839244533847452 0.11208867807399044 -0.072797949775843071
leaf_weight=7.632283261511474 389.27472091198433 2.5582569563994175 4.7182442261255337 22.199520131689496 17.04745226650266 4.6724666710943001 25.679584098921623 3.398045877227565 2.2514672935940316 1.2327212027739731 5.369808330317027 3.2560741041088477 4.203942064428702 6.3596997978165746
leaf_count=157 5956 114 220 499 387 58 537 34 50 38 75 40 65 270
internal_value=-0.000169369 -0.00662696 -0.00475006 -0.00216426 0.00135231 0.00733453 -0.00550206 0.0273254 0.0499619 -0.00678067 0.0663131 0.0963438 0.0598552 -0.0479229
internal_weight=499.854 110.58 108.021 103.303 95.6708 78.6233 47.8791 30.7442 18.4793 12.2649 16.2279 10.8581 7.46002 7.59242
internal_count=8500 2544 2430 2210 2053 1666 1036 630 264 366 214 139 105 308
is_linear=0
shrinkage=0.08


Tree=141
num_leaves=15
num_cat=0
split_feature=0 2 1 13 3 10 1 9 1 16 5 7 0 10
split_gain=0.927999 2.45818 1.33529 1.09537 2.50126 2.97742 3.15637 3.45283 3.63185 5.9683 2.61067 3.39841 2.83249 3.6432
threshold=0.59586225355288491 0.62747647044037824 0.98445783137654186 1.5000000000000002 0.091049868421017338 4.0813081519056595 0.93550998844478539 1.5000000000000002 0.85676614959404906 16.153704618057251 3.8376786212144727 0.87868399797790386 0.83946225392275053 4.2530622125309359
decision_type=2 2 2 2 2 2 2 2 2 2 2 2 2 2
left_child=1 -1 -3 -2 10 -6 7 -7 9 -9 11 12 13 -5
right_child=3 2 -4 4 5 6 -8 8 -10 -11 -12 -13 -14 -15
leaf_value=0.091383613552075207 0.0015389788294448265 -0.081672566443195496 0.093918334634111839 -0.088993495666824116 -0.085824890470854759 -0.075073362912695202 0.065430453999833091 0.32026263477979527 -0.085905274813157406 -0.0054859771223851397 0.011836287334322338 0.095087637679175552 -0.083113010058129197 0.051304066539359913
leaf_weight=0.77459731744602223 435.60709741024766 3.15903770364821 0.30383212259039272 1.9022291132714579 5.3698349032492834 5.1530522011453268 2.5216133655630983 0.57124371454119705 0.9183446499519049 0.97328562173061073 31.666007109801285 1.2180365261156101 5.9537012749351561 3.1398621308617294
leaf_count=31 6934 305 4 48 218 184 31 7 29 42 468 37 104 58
internal_value=-0.000169681 -0.0374483 -0.0662662 0.000149448 -0.0100428 -0.0376604 -0.0121478 -0.0378337 0.0400824 0.114992 -0.000282594 -0.0317024 -0.0457473 -0.00162598
internal_weight=499.232 4.23747 3.46287 494.994 59.3872 15.5074 10.1375 7.61593 2.46287 1.54453 43.8798 12.2138 10.9958 5.04209
internal_count=8500 340 309 8160 1226 511 293 262 78 49 715 247 210 106
is_linear=0
shrinkage=0.08


Tree=142
num_leaves=15
num_cat=0
split_feature=18 3 1 18 11 7 1 1 8 1 18 3 3 1
split_gain=0.940298 5.32579 2.62077 1.83869 2.55218 3.21447 3.06109 5.9866 2.31085 2.90453 1.93327 1.41554 5.74192 4.56792
threshold=47.692313624513467 0.03792376911539825 0.90302458656893181 45.824716000568053 6185.4074250864478 0.21463423127702116 0.78715363478875788 0.74226478364080661 3.5000000000000004 0.91710070761154527 45.638977552262574 0.037451916579052821 0.046429495588091722 0.63579781243590505
decision_type=2 2 2 2 2 2 2 2 2 2 2 2 2 2
left_child=3 -2 -3 10 6 -6 7 -5 -8 -10 11 -1 13 -13
right_child=1 2 -4 4 5 -7 8 -9 9 -11 -12 12 -14 -15
leaf_value=-0.0076092245779658917 0.1651171200188209 -0.090158483077724352 0.071124784544318823 -0.084102124577590628 0.047009104095322843 -0.09299440858201051 0.043499954771724372 0.12073030962385434 -0.090937500560267906 0.018870685632709657 0.070764736652765226 0.12487309620745726 -0.0012330399830524181 0.022527989042934245
leaf_weight=114.51372390089091 1.3927805400453497 1.6556598886381837 1.056121318368241 1.3645397355430784 1.3106240867637087 5.2694067233242095 2.0751905916258675 2.7608219380490482 4.4536136644892395 2.3578401459380984 2.4931878001661962 2.9895898551330893 312.97040742088575 42.022776735248044
leaf_count=1484 12 38 16 57 17 116 20 32 94 27 33 61 5981 512
internal_value=-0.000170662 0.0379618 -0.0273456 -0.000487126 -0.0245046 -0.0651082 -0.00397184 0.0529782 -0.0304092 -0.0529265 0.000503531 0.000132789 0.00260935 0.0293255
internal_weight=498.686 4.10456 2.71178 494.582 19.592 6.58003 13.012 4.12536 8.88664 6.81145 474.99 472.496 357.983 45.0124
internal_count=8500 66 54 8434 363 133 230 89 141 121 8071 8038 6554 573
is_linear=0
shrinkage=0.08


Tree=143
num_leaves=15
num_cat=0
split_feature=10 3 10 10 16 10 0 2 10 11 2 16 0 5
split_gain=0.911477 2.64682 1.20824 3.74525 3.50998 6.04644 4.01587 6.06081 5.46902 8.73338 3.34047 4.11239 5.67982 4.74676
threshold=7.9427122860527666 0.039033392783390193 6.7751089108469227 5.5850478215546335 16.153704618057251 5.8977674830011981 0.75482856477182003 0.94573879526647142 5.9847818240744504 6922.6902653280968 0.63991016604064288 11.291801242075012 0.86010050950810568 4.1471882156347073
decision_type=2 2 2 2 2 2 2 2 2 2 2 2 2 2
left_child=2 -2 3 -1 5 -5 7 8 9 -6 -4 12 -12 -14
right_child=1 -3 10 4 6 -7 -8 -9 -10 -11 11 -13 13 -15
leaf_value=0.0020746707737775687 0.035785144024043772 -0.08468570380640357 0.039976192162089537 -0.062883228485427087 -0.023760600378312478 0.028365568874679004 -0.037424162879647609 0.25404254766407564 -0.060623910151381147 0.31536694803855858 -0.027132608287582207 -0.0094167048411363218 0.12777207936715168 0.015613867110593845
leaf_weight=328.4453716200951 1.9914815416559566 2.8198915200773627 17.487868908443488 6.0902113644406226 1.2765307453228154 19.619982035364956 46.078945340181235 0.6953862307127564 3.3121658763266169 0.78478120174258936 5.5182266822084776 54.390811125806067 5.0898666083812696 4.5953410156071186
leaf_count=5497 14 51 235 63 73 196 924 25 180 25 67 1089 30 31
internal_value=-0.000170051 -0.0348215 0.000167861 -0.00166493 -0.0174405 0.00675062 -0.0293673 0.0318056 0.00304579 0.105352 0.0087192 0.000864839 0.0376474 0.0745564
internal_weight=498.197 4.81137 493.385 406.303 77.858 25.7102 52.1478 6.06886 5.37348 2.06131 87.0821 69.5942 15.2034 9.68521
internal_count=8500 65 8435 6983 1486 259 1227 303 278 98 1452 1217 128 61
is_linear=0
shrinkage=0.08


Tree=144
num_leaves=15
num_cat=0
split_feature=5 0 11 16 11 5 15 3 11 5 7 2 4 7
split_gain=0.931566 2.47747 3.27159 2.09792 1.79966 2.73188 2.67171 1.70292 1.72826 1.63967 2.7013 2.70566 2.65825 2.56931
threshold=3.5430564272142928 0.74579549546305623 8845.1411704633774 74.235506077248189 513.51159769584501 3.8671410356455458 1.0000000180025095e-35 0.19351562686262477 901.47133020966896 3.4273102570518303 0.88161521685461153 0.92340786102277306 27.041147336335957 0.81987875503434493
decision_type=2 2 2 2 2 2 2 2 2 2 2 2 2 2
left_child=1 2 -1 7 5 -2 -7 8 -3 10 11 12 -10 -14
right_child=4 3 -4 -5 -6 6 -8 -9 9 -11 -12 -13 13 -15
leaf_value=-0.072519114023980299 0.14337884081225274 -0.057274600104839292 0.13201599163644656 -0.064157285112367415 0.00066025537938699903 0.065268274941580884 -0.056181793120642143 -0.08534666163198977 0.10387221833473524 -0.016518455577671523 -0.083642568582822915 -0.045293639189803912 0.012348749020580847 0.1053421286123762
leaf_weight=5.9865962004405437 1.3794753500260402 3.0766313718631855 0.54616033926140506 3.5113288674328933 415.2203607938427 2.8364222440868616 1.9604879699181763 1.4870057116495434 2.4410888217389575 17.551223267335445 1.7981175745371718 4.0989542971365145 33.751396523555741 2.0150029498618087
leaf_count=358 20 48 7 243 6787 30 31 66 18 298 77 60 419 38
internal_value=-0.000174576 -0.0083107 -0.0554193 -0.00389731 0.00129788 0.0441637 0.0156319 -0.000701986 0.00124244 0.00416244 0.0123923 0.016474 0.0231005 0.0175878
internal_weight=497.66 76.2635 6.53276 69.7307 421.397 6.17639 4.79691 66.2194 64.7324 61.6558 44.1046 42.3064 38.2075 35.7664
internal_count=8500 1632 365 1267 6868 81 61 1024 958 910 612 535 475 457
is_linear=0
shrinkage=0.08


Tree=145
num_leaves=15
num_cat=0
split_feature=16 8 16 4 7 1 16 10 18 3 1 18 5 8
split_gain=0.887847 1.22249 1.1558 2.99272 2.0931 1.3131 1.73755 1.45646 1.12793 3.70402 2.24327 1.51082 2.11857 2.60443
threshold=1.806269467508246 16.500000000000004 2.4951133808359849 130.5564317542983 0.5544743515947036 0.52178093476712128 73.078067968270304 1.1391182715964345 47.692313624513467 0.038504110284646391 0.90480670658925255 44.749982072992033 3.3529417933829535 7.5000000000000009
decision_type=2 2 2 2 2 2 2 2 2 2 2 2 2 2
left_child=1 -1 3 4 -2 6 7 -4 11 -10 -11 -7 13 -13
right_child=2 -3 5 -5 -6 8 -8 -9 9 10 -12 12 -14 -15
leaf_value=-0.061277675852565716 0.017259224482759652 0.0063692525699148477 0.10138568070657568 -0.04377343180771219 0.11617011156154787 0.00086421936446648678 0.10704776581904853 -0.084671362984991769 0.14249734376069215 -0.086876969783606109 0.069637625750220034 0.13563917683169824 -0.026154800148284547 -0.017741692426841572
leaf_weight=3.5582083007320753 2.9547359086573115 3.2911354945972562 0.2963485363870858 2.411492433398962 2.5517408642917871 447.31560237749363 0.41037952984333959 2.9468550407327712 1.4810702831018709 1.3435439781751486 1.0395310649182645 1.211776457261297 24.502538962638937 1.7060031369328497
leaf_count=35 18 33 4 27 23 7566 38 155 12 36 14 18 486 35
internal_value=-0.000169428 -0.0287731 0.000230261 0.0305474 0.0630952 -0.000267506 -0.0480456 -0.0676704 9.72269e-05 0.0431443 -0.0186031 -0.000253158 -0.0184813 0.0459586
internal_weight=497.021 6.84934 490.172 7.91797 5.50648 482.254 3.65358 3.2432 478.6 3.86415 2.38308 474.736 27.4203 2.91778
internal_count=8500 68 8432 68 41 8364 197 159 8167 62 50 8105 539 53
is_linear=0
shrinkage=0.08


Tree=146
num_leaves=15
num_cat=0
split_feature=4 16 3 5 18 1 10 10 8 8 18 4 10 1
split_gain=0.900862 2.98414 3.39102 3.75594 3.8386 2.83409 2.75989 3.29844 3.12817 4.53427 2.43885 2.36529 3.32334 3.81885
threshold=32.645779441887413 34.304181866541036 0.01910939440085993 4.7939457427652128 20.458094087573677 0.8842202174632614 5.920286765910058 3.7066266135536865 10.500000000000002 5.5000000000000009 33.852840114629025 49.26440370079856 3.8924981068373357 0.86671824370467465
decision_type=2 2 2 2 2 2 2 2 2 2 2 2 2 2
left_child=1 2 -1 4 5 -4 7 -3 9 -9 -6 12 13 -2
right_child=11 6 3 -5 10 -7 -8 8 -10 -11 -12 -13 -14 -15
leaf_value=0.090949360192573825 -0.045887490164886177 -0.066346134310660887 0.05964032560076369 0.066590256460560118 -0.092358213623065649 -0.046379634188770197 -0.091135810782185148 0.0015174006165560277 -0.037513519429346623 0.19225102780774417 -0.013798923980142723 -0.0013153492382621656 0.030370967155751855 0.024674866841481555
leaf_weight=2.6861313730478313 9.7579236737219635 5.0233413031674008 4.8141572186723414 3.891338074579834 4.9456264404579979 2.4273065654560924 4.5397752104327074 2.1286668127868329 3.1623427321901545 1.2757619207259265 5.1761041181162 400.14616951267817 36.775964193861 9.8776177410036308
leaf_count=14 170 110 43 25 50 19 106 32 53 20 38 7276 439 105
internal_value=-0.000162745 -0.0116638 0.00625603 -0.00444745 -0.020368 0.0241029 -0.0382612 -0.0175506 0.0197762 0.0729922 -0.0521841 0.000846666 0.0161826 -0.0103912
internal_weight=496.628 40.0706 23.9407 21.2545 17.3632 7.24146 16.1299 11.5901 6.56677 3.40443 10.1217 456.558 56.4115 19.6355
internal_count=8500 510 189 175 150 62 321 215 105 52 88 7990 714 275
is_linear=0
shrinkage=0.08


Tree=147
num_leaves=15
num_cat=0
split_feature=3 3 7 3 18 2 7 7 2 2 18 11 11 10
split_gain=0.928328 4.57216 4.26965 4.67627 4.18182 5.87877 6.99347 4.11167 3.83986 9.24557 4.70427 3.49664 7.33261 3.48966
threshold=0.037451916579052821 0.044951840129597763 0.22404694792055366 0.040466769818300184 42.993097220839985 0.7201057303820394 0.62904492546457424 0.5447246418106706 0.86857088843997543 0.9058794289273856 20.293691978895893 7759.6000998474128 7972.6273675066686 7.8210868723724802
decision_type=2 2 2 2 2 2 2 2 2 2 2 2 2 2
left_child=4 2 3 -2 11 7 -7 -6 -4 10 -10 -1 -13 -3
right_child=1 13 8 -5 5 6 -8 -9 9 -11 -12 12 -14 -15
leaf_value=-0.017507324102985448 0.0095933402200871383 -4.1230034568342583e-05 -0.0047882642689172153 0.12631009290530373 0.19488752602107082 -0.050032164682021894 0.09694770875594387 0.033390438241715406 0.30129258159035516 0.0084284765581772413 0.08318335636486715 0.11991996869232135 -0.008401783989890943 -0.054693759982621187
leaf_weight=91.002071076421998 3.8683323496952635 328.15269573352998 22.340917378896851 5.0845479690469801 2.0799754546023896 6.0015685968101007 3.1641698777675629 1.9594189682975409 1.2040401520207509 7.003016285598278 1.3341686438070608 3.8165329261682919 11.253064353484659 7.6516037770779795
leaf_count=1192 37 6256 292 40 21 79 50 23 17 91 33 39 160 170
internal_value=-0.000160674 0.00178716 0.0270635 0.0758795 -0.00631133 0.0361431 0.000707805 0.116549 0.0133554 0.0558391 0.186647 -0.0115966 0.024097 -0.00128654
internal_weight=495.916 376.639 40.835 8.95288 119.277 13.2051 9.16574 4.03939 31.8821 9.54123 2.53821 106.072 15.0696 335.804
internal_count=8500 6936 510 77 1564 173 129 44 433 141 50 1391 199 6426
is_linear=0
shrinkage=0.08


Tree=148
num_leaves=15
num_cat=0
split_feature=6 5 16 18 10 11 17 7 4 11 3 17 1 16
split_gain=0.881766 2.18403 2.77342 2.60573 2.38809 2.16248 2.28986 2.4418 2.05144 1.47761 1.31763 1.11022 3.39768 3.08536
threshold=1.0000000180025095e-35 4.2548293766305152 5.9357303048107122 34.770949321747828 4.7574658716749321 5165.1607256826946 1.0000000180025095e-35 0.41235603769190238 76.782900379742173 1483.5219907389317 0.14209964775057568 1.0000000180025095e-35 0.68039687887111744 2.1778113818643807
decision_type=2 2 2 2 2 2 2 2 2 2 2 2 2 2
left_child=1 3 -3 -1 5 10 7 -7 -5 -6 -4 -2 13 -13
right_child=11 2 4 8 9 6 -8 -9 -10 -11 -12 12 -14 -15
leaf_value=-0.077235210253469799 0.0024121165355927739 0.093460929707344889 -0.084951089653265907 0.052485391736716978 0.058209663607492461 -0.086918648723495751 0.17928869452440802 0.083434717897567984 -0.083093237110962614 -0.086391936474315645 0.066812489685371443 0.11068401603543071 -0.0034784999719468862 -0.087984387521648333
leaf_weight=5.8757204877620115 383.93831407054677 1.9831900252029289 1.383270715479737 2.3368213596986611 0.53720639110542867 0.82990077929571349 0.81271040486171831 1.5336629123776218 1.0286808692035263 2.8603725440334529 0.49792480026371766 0.55604138597845931 86.540121774887666 4.9904767452098895
leaf_count=268 6224 20 56 30 13 21 18 39 75 103 17 5 1376 235
internal_value=-0.000166032 -0.0167605 0.00831579 -0.0450849 -0.0116556 0.0231922 0.0634507 0.0236198 0.0110452 -0.0635283 -0.0447815 0.000520004 -0.00736881 -0.0680678
internal_weight=495.704 19.6795 10.4382 9.24122 8.45505 5.05747 3.17627 2.36356 3.3655 3.39758 1.8812 476.025 92.0866 5.54652
internal_count=8500 660 287 373 267 151 78 60 105 116 73 7840 1616 240
is_linear=0
shrinkage=0.08


Tree=149
num_leaves=15
num_cat=0
split_feature=0 11 10 7 0 11 11 0 7 16 0 4 7 18
split_gain=0.876208 3.96549 4.88208 4.04314 4.12509 3.70851 3.80592 6.85302 3.60673 3.53734 3.37538 3.98287 3.196 4.07906
threshold=0.83734467145539948 1220.5884121675133 1.408682503749304 0.52470145257816037 0.76432159550999079 1119.448351245788 1220.5884121675133 0.90621460206006421 0.13717131514302972 15.794694549505312 0.84044891898642116 102.00187393978545 0.12759779077346642 39.080143176020563
decision_type=2 2 2 2 2 2 2 2 2 2 2 2 2 2
left_child=1 2 -1 4 -4 8 7 -7 -2 -5 11 -8 -3 -14
right_child=5 12 3 9 -6 6 10 -9 -10 -11 -12 -13 13 -15
leaf_value=0.14974407561148834 0.078163945719796971 0.039359277236935969 -0.029648603221509102 0.040455724625838289 0.081589884651414576 -0.037689983165617849 0.095491160706709932 0.13902504981072189 -0.037414147769364234 -0.08537672334226977 0.0021279811558862585 -0.043733770924400332 -0.0049763279500447486 -0.038431814183375705
leaf_weight=1.969017199473458 1.8774628038518155 8.3487573510501516 3.0825490164570493 2.3605300614144644 6.9302650163881481 2.3353577706729984 5.0324444754514834 3.5235062725841999 21.705597129650414 3.6261916568619199 284.19988095242297 1.7802531998604534 119.40328880367451 28.986260778474389
leaf_count=28 15 98 83 39 81 29 45 28 314 165 3778 48 3019 730
internal_value=-0.000163231 -0.00472096 0.0308761 0.0162474 0.047344 0.00232157 0.00474719 0.068586 -0.0282129 -0.0357617 0.00346194 0.0591097 -0.00880183 -0.0115115
internal_weight=495.161 174.707 17.9686 15.9995 10.0128 320.455 296.871 5.85886 23.5831 5.98672 291.013 6.8127 156.738 148.39
internal_count=8500 4243 396 368 164 4257 3928 57 329 204 3871 93 3847 3749
is_linear=0
shrinkage=0.08


Tree=150
num_leaves=15
num_cat=0
split_feature=11 11 0 1 1 3 7 1 7 2 11 18 18 18
split_gain=0.897515 1.04785 3.20108 3.04039 3.77568 5.08908 4.38047 2.61033 3.60905 2.16501 2.07558 5.5671 6.28536 3.29988
threshold=441.31920526884591 867.80914557997528 0.91315876950845265 0.72992007130351955 0.82989429206620657 0.084351339222129465 0.14081855118981049 0.91710070761154527 0.4287791241805648 0.62989107229118113 1220.5884121675133 36.610520059560329 14.59233693876944 6.3270172265118951
decision_type=2 2 2 2 2 2 2 2 2 2 2 2 2 2
left_child=-1 2 3 -2 5 -5 -6 9 -9 -8 11 12 13 -3
right_child=1 10 -4 4 6 -7 7 8 -10 -11 -12 -13 -14 -15
leaf_value=0.044254435543819914 -0.087308617021943716 -0.050500189036672583 -0.071222756263088743 0.11913713183377833 0.13560508386225084 -0.058537093172262529 0.040899072197021338 0.096191633463523968 -0.058120200528909559 -0.094226863966490937 -0.0007707513838341618 0.091807506791098531 -0.043555098001417658 0.088655450868272742
leaf_weight=2.8944433459546408 2.256113456329337 1.3811568683013344 5.3626516808290026 3.6290606955299145 1.0926628187298764 1.4415814577369017 0.91962595528457125 1.8630242273211481 2.0236364188604057 4.3409866961883381 447.14432353753364 5.7802451055613338 8.9994968664250319 5.1847417631652206
leaf_count=34 93 35 77 51 6 39 11 16 40 75 7718 89 148 68
internal_value=-0.000162964 -0.000424581 -0.0171227 -0.000607408 0.0121686 0.0686244 -0.0157874 -0.0338716 0.0158473 -0.070605 0.000392678 0.024764 -0.000132797 0.0593836
internal_weight=494.314 491.419 22.9293 17.5667 15.3106 5.07064 10.2399 9.14727 3.88666 5.26061 468.49 21.3456 15.5654 6.5659
internal_count=8500 8466 408 331 238 90 148 142 56 86 8058 340 251 103
is_linear=0
shrinkage=0.08


Tree=151
num_leaves=15
num_cat=0
split_feature=18 2 7 7 18 0 8 1 7 16 11 1 16 8
split_gain=0.895465 2.24626 2.99121 2.35444 2.1475 2.2768 4.64877 4.11102 3.02834 2.91177 2.69404 2.27342 4.6567 4.1129
threshold=11.150801413982771 0.94945725541147485 0.17282025917719804 0.93576709447050532 10.993452512277461 0.78175522806060027 19.500000000000004 0.87955470997851026 0.60802800545847657 3.9270389428193502 7556.8138639291565 0.93550998844478539 9.9530198794419604 12.500000000000002
decision_type=2 2 2 2 2 2 2 2 2 2 2 2 2 2
left_child=1 3 -3 4 5 6 9 8 10 -1 -8 -7 -13 -14
right_child=-2 2 -4 -5 -6 11 7 -9 -10 -11 -12 12 13 -15
leaf_value=0.074742937527339154 0.0015336240918060768 0.066846726059592382 -0.068286290273417163 -0.086216235831865495 -0.094013078376399217 -0.00044970012920673812 -0.083959656833616253 -0.086503484290352775 0.20899890204934735 -0.084615535136391737 0.1480268951378115 -0.097114206550398083 0.096433118135567292 -0.014001805968136518
leaf_weight=0.82115210592746546 395.81893540499732 1.239011038094757 6.8123986663122196 2.1438273348030625 1.5723633231827978 64.131472608598415 0.6893606353551156 1.0413777467329053 1.0078826374374328 6.8994648641673848 0.59854186698794365 1.4054535869508971 6.3326265462674183 3.2742749215103686
leaf_count=11 6732 7 110 82 31 925 33 28 34 379 11 13 62 42
internal_value=-0.000161262 -0.007009 -0.047491 -0.00338417 -0.00136104 0.000328979 -0.0335638 0.0453335 0.105135 -0.0676664 0.0238541 0.00531647 0.0388963 0.0587941
internal_weight=493.788 97.9692 8.05141 89.9178 87.774 86.2016 11.0578 3.33716 2.29579 7.72062 1.2879 75.1438 11.0124 9.6069
internal_count=8500 1768 117 1651 1569 1538 496 106 78 390 44 1042 117 104
is_linear=0
shrinkage=0.08


Tree=152
num_leaves=15
num_cat=0
split_feature=2 10 2 18 0 12 10 0 5 0 1 18 10 7
split_gain=0.885789 3.67541 1.44109 3.12539 2.24485 1.09311 2.43574 2.77018 2.30268 3.54008 2.24386 2.18937 1.68033 1.81899
threshold=0.98465435295515846 4.7311028199442857 0.97326125912018047 29.225484002799572 0.82405636501396196 1.0000000180025095e-35 1.1083024309259577 0.86965174751886742 4.5374834208369341 0.87725379928301106 0.96001802131222624 25.939145868159965 6.197296210459398 0.35977728611030019
decision_type=2 2 2 2 2 2 2 2 2 2 2 2 2 2
left_child=2 -2 5 -4 -5 -1 -7 10 9 -9 -8 -10 -11 -14
right_child=1 -3 3 4 -6 6 7 8 11 12 -12 -13 13 -15
leaf_value=0.00083008271149716511 0.099305229855997074 -0.050981381994559108 -0.094282046242269268 0.096053362661436797 -0.047701931357584021 0.1455179816085235 -0.074327938192861917 0.12525686856243534 0.1056065813464052 -0.057035215560242707 0.061538442302166811 -0.018073135609776015 0.10918576190695392 -0.040130655354072522
leaf_weight=461.28648530013743 2.476405974593944 1.7973567380104212 3.1476395995123303 1.3511522286571565 1.4320574929006396 0.57120292354375379 7.0497522787773077 0.95969528262503345 2.173134835902601 6.463224014034493 0.8744469133671372 1.5834746682085095 0.92605289537459645 1.197161048534326
leaf_count=7678 34 32 57 16 26 10 373 16 29 130 18 32 11 38
internal_value=-0.000161441 0.0361013 -0.00047836 -0.0396731 0.0220863 2.83544e-06 -0.0175031 -0.0218899 0.000415326 -0.0204642 -0.0593349 0.0534735 -0.0367513 0.0249946
internal_weight=493.289 4.27376 489.015 5.93085 2.78321 483.085 21.7981 21.2269 13.3027 9.54613 7.9242 3.75661 8.58644 2.12321
internal_count=8500 66 8434 99 42 8335 657 647 256 195 391 61 179 49
is_linear=0
shrinkage=0.08


Tree=153
num_leaves=15
num_cat=0
split_feature=5 5 0 7 10 0 16 16 16 3 15 18 4 4
split_gain=0.870477 2.31446 2.52176 3.32227 4.03132 2.80446 2.7436 2.58179 3.40284 2.88401 2.52236 2.43328 3.70088 9.84837
threshold=3.5047833110549003 3.4273102570518303 0.8111398124367567 0.23970246232362555 6.8788003458389966 0.69228821388153838 43.688289745983759 56.20716792147838 56.952307038537221 0.16311898889502655 1.0000000180025095e-35 9.0392329641608029 110.41823389868689 134.85377510824677
decision_type=2 2 2 2 2 2 2 2 2 2 2 2 2 2
left_child=1 2 3 4 5 -1 -4 -8 -9 10 -10 12 -3 -14
right_child=-2 11 6 -5 -6 -7 7 8 9 -11 -12 -13 13 -15
leaf_value=0.091267861590247717 0.0011773038971776481 -0.0495615829861051 0.020678344629161002 -0.064524023828166882 0.15257718386747757 -0.093817978948856601 -0.087378507634371605 0.15727552217072469 0.0084583096241987316 0.14397567539672104 -0.086349077625324594 -0.052983083774588852 0.41798768201401149 -0.083889844647076314
leaf_weight=0.79564860835671325 425.74750773544656 1.3691326496191316 30.258592258673161 7.6231797511281911 1.147450183983892 1.5342749201226977 3.1063088229857376 0.77749203704297354 4.172552797710523 0.6460261825704946 3.1532292996998876 11.486678279412443 0.47329265251755692 0.53096063539851457
leaf_count=22 7038 34 305 376 13 27 71 5 127 25 117 297 8 35
internal_value=-0.000157222 -0.00862793 -0.00104387 -0.0349648 0.0298355 -0.0306128 0.00789709 -0.024724 -0.00247942 -0.0180603 -0.0323495 -0.0377464 0.0359958 0.152639
internal_weight=492.822 67.0748 53.2148 11.1006 3.47737 2.32992 42.1142 11.8556 8.7493 7.97181 7.32578 13.8601 2.37339 1.00425
internal_count=8500 1462 1088 438 62 49 650 345 274 269 244 374 77 43
is_linear=0
shrinkage=0.08


Tree=154
num_leaves=15
num_cat=0
split_feature=18 7 2 3 1 4 4 11 4 5 5 2 0 5
split_gain=0.845666 2.04712 2.23083 2.56405 3.78009 3.62104 2.32628 5.32719 3.232 5.52515 5.17432 6.85464 4.26175 3.98844
threshold=11.150801413982771 0.93576709447050532 0.91626515435394962 0.083373157419631916 0.93550998844478539 58.334443564527604 145.14343128581257 8262.9929193603311 106.11697826080776 4.5261051790959295 4.3857169168503978 0.66948265586188671 0.81361331926421498 3.3593042039527221
decision_type=2 2 2 2 2 2 2 2 2 2 2 2 2 2
left_child=1 2 6 4 5 -4 8 -8 9 13 11 -10 -11 -1
right_child=-2 -3 3 -5 -6 -7 7 -9 10 12 -12 -13 -14 -15
leaf_value=0.053198651221021381 0.0014829358170876687 -0.085737783522910879 0.054078092672396175 -0.081098182088811019 0.10136241596265574 -0.062062219626605096 -0.037220014089996471 0.096978153538940362 -0.064869631645375042 -0.054612001997763525 -0.019472933081792178 0.097659443475958382 0.071247987003913119 -0.032439603972618671
leaf_weight=4.0004637334495809 395.07917732206988 2.0604853545664801 2.3344027295242977 4.8617709048849056 1.6247824458405364 6.5076626856462099 18.122466957400324 2.1139839646057217 2.0157559521030661 2.1621397003764278 6.7031935967970631 9.4296416072756966 8.4552435496589151 26.78068322991021
leaf_count=60 6732 85 29 120 17 97 494 34 49 63 100 146 78 396
internal_value=-0.000161534 -0.00684752 -0.00513847 -0.0330903 -0.010791 -0.0313999 0.000231852 -0.0232011 0.00819529 -0.00414496 0.0363445 0.0690349 0.0456177 -0.0213097
internal_weight=492.252 97.1727 95.1122 15.3286 10.4668 8.84207 79.7836 20.2365 59.5471 41.3985 18.1486 11.4454 10.6174 30.7811
internal_count=8500 1768 1683 263 143 126 1420 528 892 597 295 195 141 456
is_linear=0
shrinkage=0.08


Tree=155
num_leaves=15
num_cat=0
split_feature=6 11 16 3 11 1 3 16 0 1 6 10 10 16
split_gain=0.834585 2.3615 2.36302 2.0945 2.13993 4.72047 2.96153 3.11758 3.85259 3.80389 2.95939 2.86414 3.80634 3.71142
threshold=1.5000000000000002 8563.6344738985699 68.587168118492841 0.01025252531567967 4543.3715860806305 0.75508965111960535 0.15296132364759221 6.320053302453565 0.9402882010890331 0.94400319404315247 1.0000000180025095e-35 6.5286897823871834 3.4234769911174818 4.6472879696315408
decision_type=2 2 2 2 2 2 2 2 2 2 2 2 2 2
left_child=1 2 3 -1 5 -5 7 -6 10 -10 -9 12 -7 -14
right_child=-2 -3 -4 4 6 11 -8 8 9 -11 -12 -13 13 -15
leaf_value=-0.090652239718569116 0.0015834066044394346 -0.085488687483693246 -0.051751742337830538 -0.08429475967175222 -0.039068807434838308 0.011845483894139471 -0.062798356759789328 -0.014437178837811957 -0.077332752929737916 0.066718433421177961 0.046766240007106115 0.034378046766614184 0.075017633606983852 -0.05374852922249243
leaf_weight=1.660692722769453 383.92885584273608 2.3623743279022156 6.3926136901136479 5.1421635818551286 5.5149108227342358 17.426752191968262 3.1661146208061828 6.1998838444706008 4.0526444409042588 1.6512226476334033 27.411851942597426 9.988540171296334 1.5821631895378256 15.15182861604262
leaf_count=39 5956 114 590 272 59 237 141 162 66 10 428 144 12 270
internal_value=-0.000162395 -0.00638561 -0.00461165 -0.00156615 -4.54683e-05 -0.0117534 0.0119783 0.0172593 0.0251606 -0.0356311 0.0354769 -0.00330432 -0.0143226 -0.041574
internal_weight=491.633 107.704 105.341 98.9488 97.2881 49.2914 47.9966 44.8305 39.3156 5.70387 33.6117 44.1493 34.1607 16.734
internal_count=8500 2544 2430 1840 1801 935 866 725 666 76 590 663 519 282
is_linear=0
shrinkage=0.08


Tree=156
num_leaves=15
num_cat=0
split_feature=5 7 7 7 7 3 5 11 10 0 0 10 10 10
split_gain=0.832158 2.0305 2.5119 2.44312 2.05082 2.58737 1.83427 1.82546 1.75965 2.63822 3.85967 2.42189 2.34819 2.36242
threshold=3.5047833110549003 0.90194308350333152 0.87166089195291963 0.76326295665491506 0.73434714528921796 0.044143117990107984 3.2453449880483372 4051.3521184480946 4.170019278392906 0.76266137812025769 0.89795365135342153 6.9097617387020422 6.5028092215761211 5.6894700312493702
decision_type=2 2 2 2 2 2 2 2 2 2 2 2 2 2
left_child=1 2 3 4 8 -6 -5 -4 -1 -10 -11 12 13 -12
right_child=-2 -3 7 6 5 -7 -8 -9 9 10 11 -13 -14 -15
leaf_value=-0.024274071926847701 0.0011361774692846358 -0.084319220619026289 -0.011279093062675456 0.027976895512492432 0.15194061417992039 -0.019438404534716253 -0.086667808620851536 0.15020428713262343 -0.068129931639984001 0.035955626982681302 0.0057771650158813534 -0.081589000810332116 0.080584375507369965 -0.10110049703932085
leaf_weight=22.275144231243758 424.71309132839087 2.186538258829386 0.74728965084068377 1.1473314882896364 1.1904189421329641 1.0710682568605987 4.0319583732052706 1.1187230206560341 2.880529061658307 17.544906883151274 5.0608560458058474 3.2776448738295576 1.7962050971109418 1.7924084803089497
leaf_count=473 7038 148 22 22 13 38 168 29 146 260 63 39 17 24
internal_value=-0.000163536 -0.00851194 -0.00591936 -0.0086688 -0.00387977 0.0707734 -0.0612714 0.0855344 -0.00697028 0.0049436 0.0120856 -0.0230273 -0.00083588 -0.0221757
internal_weight=490.834 66.121 63.9345 62.0685 56.8892 2.26149 5.17929 1.86601 54.6277 32.3526 29.472 11.9271 8.64947 6.85326
internal_count=8500 1462 1314 1263 1073 51 190 51 1022 549 403 143 104 87
is_linear=0
shrinkage=0.08


Tree=157
num_leaves=15
num_cat=0
split_feature=2 18 2 18 1 0 8 14 16 5 2 7 2 10
split_gain=0.790664 3.52516 1.2149 2.80526 2.78341 1.01067 2.93819 2.15377 1.82684 1.78895 1.04509 4.3155 3.53836 8.83203
threshold=0.98465435295515846 27.725383720574833 0.97326125912018047 24.417991779036424 0.79670987913014313 0.63843768591438499 1.5000000000000002 1.0000000180025095e-35 3.9270389428193502 3.2220805090196696 0.90058794454589364 0.91270075900935199 0.9058794289273856 3.5378813081175062
decision_type=2 2 2 2 2 2 2 2 2 2 2 2 2 2
left_child=2 -2 5 -4 -5 6 -1 8 -8 -10 -7 12 13 -12
right_child=1 -3 3 4 -6 10 7 -9 9 -11 11 -13 -14 -15
leaf_value=0.093900294032245507 0.088720139994521136 -0.062827895492848104 -0.10176722405339099 -0.092708951166068185 0.063986373215637438 -0.001335732876480755 0.10680931952183458 0.15114455376207425 0.13392253730085435 -0.074484922250752011 0.16955004193649528 -0.087021179790850611 0.0062011489457138788 -0.0006872228041768612
leaf_weight=1.1083973231725375 2.7277141467202446 1.5352031991351394 2.4525788357714182 1.0908034362364563 2.1664730696938932 384.06382807923364 0.41764181852340687 0.33870768034830678 0.27513781236484636 6.2880317533854395 3.0512773967348021 2.9361296901479355 76.522532363946084 5.4061480148520786
leaf_count=40 36 30 43 25 31 6385 10 25 4 522 41 95 1133 80
internal_value=-0.000160154 0.0341432 -0.00046097 -0.0371454 0.0115119 -2.49606e-05 -0.0274843 -0.0458657 -0.0554246 -0.0657482 0.000465368 0.00833353 0.0116281 0.0607311
internal_weight=490.381 4.26292 486.118 5.70986 3.25728 480.408 8.42792 7.31952 6.98081 6.56317 471.98 87.9161 84.98 8.45743
internal_count=8500 66 8434 99 56 8335 601 561 536 526 7734 1349 1254 121
is_linear=0
shrinkage=0.08


Tree=158
num_leaves=15
num_cat=0
split_feature=4 16 3 5 18 10 10 8 8 1 18 4 10 9
split_gain=0.791402 2.45961 2.76928 3.20125 3.18032 2.52447 2.76228 2.51664 3.42725 2.24691 2.229 1.93083 2.86119 3.31008
threshold=32.645779441887413 34.304181866541036 0.01910939440085993 4.7939457427652128 20.458094087573677 5.920286765910058 3.7066266135536865 10.500000000000002 5.5000000000000009 0.8842202174632614 33.852840114629025 49.26440370079856 3.8924981068373357 1.0000000180025095e-35
decision_type=2 2 2 2 2 2 2 2 2 2 2 2 2 2
left_child=1 2 -1 4 9 6 -3 8 -8 -4 -6 12 13 -2
right_child=11 5 3 -5 10 -7 7 -9 -10 -11 -12 -13 -14 -15
leaf_value=0.081476513617436852 -0.077366305339322677 -0.063878387907808851 0.051971088199217697 0.060542318256899631 -0.089853025373398399 -0.090122782912323243 -0.00049054225735173439 -0.036066803892550889 0.16207040813985377 -0.043729302081628792 -0.013150134588174678 -0.0011885449497221312 0.027769709068048546 0.0060973894798368525
leaf_weight=2.6902466751635101 3.7835191343911019 4.6135360052576271 4.7999314325861695 3.8982792012393466 4.6284473002888245 4.0697897344361982 2.1081261096987878 3.0479314065305516 1.3690745274070648 2.3334466200321913 5.0926988823339343 395.21687303323415 36.761018155142665 15.496722053736447
leaf_count=14 59 110 43 25 50 106 32 53 20 19 38 7276 439 216
internal_value=-0.000159029 -0.0111455 0.00510901 -0.00479073 -0.0199016 -0.0362011 -0.0164995 0.0169994 0.0635144 0.0206659 -0.04967 0.000781997 0.0146787 -0.0102814
internal_weight=489.91 38.6515 23.4431 20.7528 16.8545 15.2085 11.1387 6.52513 3.4772 7.13338 9.72115 451.258 56.0413 19.2802
internal_count=8500 510 189 175 150 321 215 105 52 62 88 7990 714 275
is_linear=0
shrinkage=0.08


Tree=159
num_leaves=15
num_cat=0
split_feature=3 3 16 16 8 10 3 1 10 11 7 11 18 11
split_gain=0.806366 3.65257 3.45801 8.52883 10.1622 4.10572 3.88017 5.04525 3.73448 3.99973 5.52002 3.59698 3.35513 3.19226
threshold=0.037451916579052821 0.044951840129597763 61.682168379800395 68.587168118492841 10.500000000000002 6.7106739576857137 0.041550228424525326 0.8087903629126395 2.1492372262325197 4296.4941522812815 0.1932593942423278 2964.5851894730454 47.692313624513467 5256.237097397564
decision_type=2 2 2 2 2 2 2 2 2 2 2 2 2 2
left_child=12 2 6 4 -4 -5 8 -8 -2 10 -10 -12 -1 -9
right_child=1 -3 3 5 -6 -7 7 13 9 -11 11 -13 -14 -15
leaf_value=-0.0075547522273470818 0.05689478298426983 -0.0011221589627113688 0.00013017073620915233 -0.057982004446582414 0.27330009773189423 0.12703290826290098 0.10716109571572552 0.050530344625364459 0.1442271238147059 -0.080881969726393138 -0.064950007039674282 0.065068573029860757 0.10787035667008268 -0.038599317005704487
leaf_weight=115.5062502225046 3.9141821693629053 331.10731352720177 1.4716340252198272 2.8718158489791681 2.1374992090277374 1.0476820837939156 5.1514793096575877 5.7016033614054304 1.4934668252244572 5.9998365415958679 4.57962188241072 1.9380854335613547 1.6345230280421663 4.6850258428603411
leaf_count=1552 34 6426 18 96 27 25 58 48 11 72 58 18 12 45
internal_value=-0.000155611 0.00166669 0.0241933 0.0731802 0.161914 -0.0085275 0.0131721 0.0424314 -0.0121908 -0.0314908 0.00549987 -0.0262881 -0.00594417 0.0103272
internal_weight=489.24 372.099 40.9919 7.52863 3.60913 3.9195 33.4633 15.5381 17.9252 14.011 8.01117 6.51771 117.141 10.3866
internal_count=8500 6936 510 166 45 121 344 151 193 159 87 76 1564 93
is_linear=0
shrinkage=0.08


Tree=160
num_leaves=15
num_cat=0
split_feature=18 4 11 2 1 10 11 0 18 3 18 8 7 7
split_gain=0.824853 1.81399 1.72747 2.97875 2.50057 2.3531 3.18412 2.93172 4.55858 5.00143 2.16019 1.65686 1.47271 1.47032
threshold=44.528634650681916 185.4719744881796 5633.1964221911157 0.69953806589166889 0.81429999823202615 7.3900664688893185 5256.237097397564 0.90820724621544624 46.344798069775273 0.042750987766955885 46.781455154371677 4.5000000000000009 0.973852511738864 0.27672610239594453
decision_type=2 2 2 2 2 2 2 2 2 2 2 2 2 2
left_child=12 2 5 4 -4 6 7 8 -2 -10 -9 -5 -1 -11
right_child=1 -3 3 11 -6 -7 -8 10 9 13 -12 -13 -14 -15
leaf_value=0.00097594769904988971 -0.088298416516871786 -0.084388534139718682 -0.055782164813963683 -0.0022976201436240924 0.07823859882832658 -0.081335433722642417 0.11442575463554741 0.080392293696388076 0.10956048124396586 0.021673755459630618 -0.012582931642010058 -0.085156009932958729 -0.084060614935687172 -0.087847133684469392
leaf_weight=454.01652012360864 4.1041547637432938 2.0928320915263603 1.4626031136140212 2.1647454868070781 2.279819771880284 1.7765109179308627 1.8562942785210896 4.1389264161698511 2.4162152076605707 1.337495922110975 2.6065187510102987 5.3906906713964418 1.3071760011080176 1.8974661010142879
leaf_count=7779 119 100 25 43 26 30 27 39 28 17 22 124 61 60
internal_value=-0.000159865 -0.0122706 -0.00746873 -0.0325053 0.025861 0.00658043 0.0150885 0.00391334 -0.024127 0.0224773 0.0444656 -0.0614158 0.000731819 -0.0425657
internal_weight=488.848 33.5243 31.4314 11.2979 3.74242 20.1336 18.3571 16.5008 9.75533 5.65118 6.74545 7.55544 455.324 3.23496
internal_count=8500 660 560 218 51 342 312 285 224 105 61 167 7840 77
is_linear=0
shrinkage=0.08


Tree=161
num_leaves=15
num_cat=0
split_feature=13 4 7 4 8 8 7 11 0 7 8 7 11 11
split_gain=0.792402 2.02032 3.16344 2.56947 3.92382 3.11444 5.89787 3.09057 2.77954 6.56758 4.26868 3.42393 3.25146 6.3497
threshold=1.5000000000000002 212.87088707120168 0.45377284874316093 59.823351139374218 21.500000000000004 12.500000000000002 0.44298114296335528 6160.88178835905 0.92317570183062381 0.67178659231529181 22.500000000000004 0.30518463419485597 5697.9663683483568 3775.6234324262209
decision_type=2 2 2 2 2 2 2 2 2 2 2 2 2 2
left_child=-1 3 -3 4 5 6 7 -2 10 -10 11 -5 13 -12
right_child=1 2 -4 8 -6 -7 -8 -9 9 -11 12 -13 -14 -15
leaf_value=0.001024890809017608 -0.0036895743393782353 0.15599118849417745 -0.035294585768700232 -0.011928687837977339 -0.091718679679160309 0.06588640589856902 -0.093983659867107994 0.12805690226363617 -0.028788844374732468 0.11291623293957295 -0.085809148958135142 -0.073665305273967155 -0.048647166978493993 0.17197831755086443
leaf_weight=430.32300786679843 2.8723176638595778 1.1748004242544987 1.0459430979099122 9.4611430036602595 1.9838646566495288 7.2135947509668767 3.044887927477248 1.8890189053490756 7.1214533220045251 2.964611112838611 0.90336706908419673 14.654772528650936 1.8220164889353325 1.8928472918923942
leaf_count=7237 38 19 32 144 39 84 78 19 98 62 35 551 40 24
internal_value=-0.000158622 -0.00893278 0.0658979 -0.0119096 0.0140237 0.0279905 -0.00702842 0.0485797 -0.0232687 0.0128627 -0.0359514 -0.0494448 0.0345101 0.0886955
internal_weight=488.368 58.0446 2.22074 55.8239 17.0037 15.0198 7.80622 4.76134 38.8202 10.0861 28.7341 24.1159 4.61823 2.79621
internal_count=8500 1263 51 1212 258 219 135 57 954 160 794 695 99 59
is_linear=0
shrinkage=0.08


Tree=162
num_leaves=15
num_cat=0
split_feature=11 11 0 1 0 5 13 18 0 0 0 1 11 1
split_gain=0.782742 1.72293 1.02142 2.87162 4.57574 2.46486 2.81779 2.13209 2.07655 1.45147 1.4004 4.28326 4.8194 3.52937
threshold=8960.659420390728 8891.521590850316 0.97302915055416339 0.81693158711737046 0.97739766892869206 4.58690914121168 1.0000000180025095e-35 41.214036973325953 0.97115788656162449 0.9690565852303642 0.93533926436581372 0.71618231989979764 7094.2563022341355 0.66478393252521795
decision_type=2 2 2 2 2 2 2 2 2 2 2 2 2 2
left_child=1 2 8 7 -5 6 -6 -4 9 10 -1 13 -13 -12
right_child=-2 -3 3 4 5 -7 -8 -9 -10 -11 11 12 -14 -15
leaf_value=0.00097379714988967683 0.039370796259997599 -0.064952461730293745 -0.049562824291850383 0.10638820063661979 0.025624860145911473 0.066756861935589093 -0.086961817700062505 0.067455473853373235 -0.073620363533638128 0.05246356482046842 -0.013571365254780508 -0.010229769073268337 -0.075063779146128787 0.080673063891979591
leaf_weight=393.32572054935736 3.1846269357483825 2.6335208650561972 5.0354211244266507 4.34999129269272 3.2057478325441462 2.8363263988867402 2.5578913353383541 1.2423655374441294 2.494002647465094 3.2972203609533599 4.8655349996406567 44.547708179568872 8.7848556870594603 5.3279018643079326
leaf_count=7322 32 67 87 35 30 19 41 13 33 32 119 487 114 69
internal_value=-0.000161076 -0.000420917 -6.8239e-05 0.0179987 0.0395245 0.00570377 -0.0243409 -0.0264051 -0.000819113 -0.000424531 -0.000806239 -0.0118275 -0.0209091 0.0356883
internal_weight=487.689 484.504 481.871 19.2277 12.95 8.59997 5.76364 6.27779 462.643 460.149 456.852 63.526 53.3326 10.1934
internal_count=8500 8468 8401 225 125 90 71 100 8176 8143 8111 789 601 188
is_linear=0
shrinkage=0.08


Tree=163
num_leaves=15
num_cat=0
split_feature=11 10 10 5 5 0 11 10 5 1 3 7 2 1
split_gain=0.813721 3.55432 7.14832 4.75768 4.43865 6.03011 8.14851 4.38223 4.54968 5.70116 3.4282 3.08598 4.93164 6.73482
threshold=6807.335997782252 7.1478797587512277 7.7404881811477351 3.7099891242811442 4.0844115692927216 0.92961974961131311 8009.4085781471867 6.304103932469487 4.0208605885512609 0.82059204384943829 0.071136194096125802 0.45024412614528947 0.48449134079705158 0.89105350796253446
decision_type=2 2 2 2 2 2 2 2 2 2 2 2 2 2
left_child=-1 7 3 -3 -5 6 -6 11 9 -9 -11 -2 -13 -14
right_child=1 2 -4 4 5 -7 -8 8 -10 10 -12 12 13 -15
leaf_value=-0.0020955976096833995 0.020148084935764157 -0.042273837960901298 -0.071004070111116382 0.14534691220613163 -0.093092571221337683 0.1661059272801845 0.10499570788645604 -0.093803239642596722 -0.074563254344848659 0.12911632871114098 -0.015576218847496935 0.13316122475252448 -0.038436828781431141 0.027833036436185649
leaf_weight=360.39873970110784 50.124767725239508 2.2904864588636 3.0933931777253738 4.5803933964343724 2.8001695263665169 1.9254456646740434 2.529743937891908 2.1335187769727773 9.352735796623163 2.4163594474084675 1.850583416293375 1.5090846133243747 26.641469649941428 15.539227232336996
leaf_count=6322 630 43 72 39 55 16 32 65 161 25 38 24 727 251
internal_value=-0.000156379 0.00535594 0.0391437 0.0632641 0.0836881 0.0447621 0.000926333 4.58609e-05 -0.0389975 0.0129733 0.0663628 0.00660196 -0.00893935 -0.0140232
internal_weight=487.186 126.787 17.2196 14.1262 11.8358 7.25536 5.32991 109.568 15.7532 6.40046 4.26694 93.8145 43.6898 42.1807
internal_count=8500 2178 257 185 142 103 87 1921 289 128 63 1632 1002 978
is_linear=0
shrinkage=0.08


Tree=164
num_leaves=15
num_cat=0
split_feature=5 4 11 2 0 16 2 11 16 11 2 10 16 10
split_gain=0.773472 1.8293 1.84483 1.93404 3.489 2.52928 1.95917 2.05903 2.25477 1.79336 2.7151 3.98949 2.65154 2.74393
threshold=3.5047833110549003 203.6703917980353 901.47133020966896 0.92340786102277306 0.9690565852303642 74.235506077248189 0.91052770700967434 1005.2593712041913 72.74667202110389 8808.6142357761109 0.84797984803243154 3.7477842919327915 61.942219771521131 4.7047415007773372
decision_type=2 2 2 2 2 2 2 2 2 2 2 2 2 2
left_child=1 2 -1 5 -5 6 7 -4 9 10 12 -12 13 -9
right_child=-2 -3 3 4 -6 -7 -8 8 -10 -11 11 -13 -14 -15
leaf_value=-0.06937682775130595 0.0010918771090266271 -0.08417565467274532 0.099778095384887119 -0.067762191070085284 0.1030756424790593 -0.082519608231900674 0.067430776658255531 -0.016529191954420173 0.11085067539884168 0.058444433344476056 0.012130455989233443 -0.093533565569256891 -0.084637698808205236 0.030529960067814162
leaf_weight=2.8009873052360481 421.31548131370801 1.9713266249455035 1.3309785439632822 5.5733178896771269 0.88683116110041726 2.1730608561774707 3.082534144865348 15.002885616675487 1.1234842785634089 2.7779385206522411 4.136507121846078 5.114365607383661 2.0918554321397087 16.820235149469227
leaf_count=77 7038 117 12 144 8 209 31 290 23 28 80 119 91 233
internal_value=-0.000160332 -0.00829109 -0.00591338 -0.00295633 -0.0443101 0.00202283 0.00559146 0.00165285 -0.00112196 -0.00386007 -0.00786968 -0.0462861 0.00260905 0.00834411
internal_weight=486.202 64.8863 62.915 60.114 6.46015 53.6538 51.4808 48.3983 47.0673 45.9438 43.1658 9.25087 33.915 31.8231
internal_count=8500 1462 1345 1268 152 1116 907 876 864 841 813 199 614 523
is_linear=0
shrinkage=0.08


Tree=165
num_leaves=15
num_cat=0
split_feature=4 4 5 3 4 16 18 18 18 3 11 18 4 4
split_gain=0.775885 0.894275 2.03649 2.46282 1.27067 3.23286 2.55217 2.47235 3.08283 2.04696 2.01413 1.5801 1.52621 2.69355
threshold=20.802534721014805 22.808090209631811 4.4500849855524169 0.065022262241886244 32.645779441887413 34.304181866541036 37.820465528556788 20.458094087573677 29.632005726040031 0.079251194464403124 1512.7903388109346 40.289189588757083 49.26440370079856 50.262891141031453
decision_type=2 2 2 2 2 2 2 2 2 2 2 2 2 2
left_child=-1 2 3 -2 5 6 7 9 -9 -3 -7 -12 -6 -14
right_child=1 4 -4 -5 12 10 -8 8 -10 -11 11 -13 13 -15
leaf_value=-0.045425362089258375 0.064049054114151432 -0.016856934296136109 0.097174318393492623 -0.066055062983710319 0.013099674666257513 0.02277449767142644 0.058400694256106993 -0.10289219851686213 -0.0024382646339561522 0.068687402085452001 -0.0880586475276358 -0.00098141238382921871 -0.081347868767670029 -0.00046709350775226674
leaf_weight=2.4112613510806105 1.8000933863222592 3.9799277698621216 1.9776114292908458 1.9290587550494818 56.043100104667246 1.8209771320689458 4.1322826277464619 3.259965261211617 4.8851919947192073 3.2538384255021811 6.5178986873943341 1.6768020387971772 2.653166187927126 389.20232177583966
leaf_count=34 17 28 23 28 714 31 25 37 39 32 187 29 34 7242
internal_value=-0.000157961 6.79634e-05 0.0315491 -0.0032527 -0.000308337 -0.0163827 0.00258314 -0.0124149 -0.0426433 0.021622 -0.0533295 -0.0702409 0.000751338 -0.00101472
internal_weight=485.543 483.132 5.70676 3.72915 477.425 29.5269 19.5112 15.3789 8.14516 7.23377 10.0157 8.1947 447.899 391.855
internal_count=8500 8466 68 45 8398 408 161 136 76 60 247 216 7990 7276
is_linear=0
shrinkage=0.08


Tree=166
num_leaves=15
num_cat=0
split_feature=6 11 11 5 7 16 12 16 14 5 10 16 16 4
split_gain=0.749728 2.16284 3.07329 6.11416 4.18262 3.2074 3.09363 2.76037 2.78868 3.89005 4.2141 3.09837 3.35768 2.90168
threshold=1.5000000000000002 8262.9929193603311 7556.8138639291565 3.7707536243904536 0.42613583197459709 47.473643227893298 1.0000000180025095e-35 63.615892761689075 1.0000000180025095e-35 4.1825494644094103 6.557455905595333 62.954205614356667 56.616786919427291 203.6703917980353
decision_type=2 2 2 2 2 2 2 2 2 2 2 2 2 2
left_child=1 2 6 5 -5 -4 7 8 11 10 -10 12 13 -1
right_child=-2 -3 3 4 -6 -7 -8 -9 9 -11 -12 -13 -14 -15
leaf_value=-0.00083580946508724548 0.0015032424619437648 -0.055780882391530985 0.063517372728373683 0.050859859814963403 -0.071177073874062191 0.21963999073071752 -0.085433782450363552 -0.055390810258088896 -0.090913512553273956 0.12407742605769465 0.10021323053226272 0.10984378117750365 -0.086871256213124401 -0.086985970727661927
leaf_weight=66.429190887720324 379.68503648781916 5.3298316875589071 2.2454020627774285 3.8843630468472838 3.3454290701192804 1.3476212250243405 3.2132571553229345 6.5522250418871399 1.7252654123585665 2.6242263652384281 1.290633193682879 1.46068959776312 3.2843223034869871 2.6001132550882167
leaf_count=1047 5956 214 38 47 97 27 196 565 38 35 11 16 130 83
internal_value=-0.000153415 -0.00612506 -0.00347856 0.0367791 -0.00561008 0.122074 -0.0083642 -0.0054835 -0.00136581 0.0528527 -0.00912213 -0.00551088 -0.00784097 -0.00408081
internal_weight=485.018 105.333 100.003 10.8228 7.22979 3.59302 89.1799 85.9667 79.4144 5.64012 3.0159 73.7743 72.3136 69.0293
internal_count=8500 2544 2330 209 144 65 2121 1925 1360 84 49 1276 1260 1130
is_linear=0
shrinkage=0.08


Tree=167
num_leaves=15
num_cat=0
split_feature=18 4 11 2 1 5 10 11 10 7 0 3 5 7
split_gain=0.779309 1.62198 1.53425 2.4789 2.17295 2.09807 2.28461 3.02917 2.6866 2.96237 2.62746 2.27817 1.52162 1.50839
threshold=44.528634650681916 185.4719744881796 5633.1964221911157 0.69953806589166889 0.81429999823202615 4.7580897032675091 7.1742298163132743 5256.237097397564 6.7545654735460268 0.34530174641281458 0.85688813345646697 0.039504720036853187 4.5261051790959295 0.64273302917181308
decision_type=2 2 2 2 2 2 2 2 2 2 2 2 2 2
left_child=-1 2 5 4 -4 6 7 8 9 10 -2 -11 -13 -5
right_child=1 -3 3 13 -6 -7 -8 -9 -10 11 -12 12 -14 -15
leaf_value=0.00070716820874835756 -0.041725990815479945 -0.083965016188731229 -0.056537366944195686 -0.084473311995397427 0.069547935547693701 -0.070353197897538911 -0.077999543163350504 0.12303361063878686 0.10599449236351866 0.032268337186124083 0.084223918985257079 -0.080019424225646146 0.038800523227155742 -0.0055541170011510332
leaf_weight=451.67970580315159 1.5146729359403375 1.8934716884396028 1.4174855807796105 4.874402589048259 2.2848628310021013 2.0846334059024221 1.5590292984852556 1.74267326039262 1.695014459080993 2.3964152096305043 3.5316138165071607 4.482276086404454 0.81522949412465084 2.2726509950589389
leaf_count=7840 31 100 25 97 26 41 31 23 23 33 30 116 14 70
internal_value=-0.000154558 -0.012107 -0.00767084 -0.0318555 0.0212748 0.00556672 0.0144896 0.0234026 0.0113748 -0.00121382 0.0464193 -0.0324554 -0.0617343 -0.0593782
internal_weight=484.244 32.5644 30.671 10.8494 3.70235 19.8216 17.7369 16.1779 14.4352 12.7402 5.04629 7.69392 5.29751 7.14705
internal_count=8500 660 560 218 51 342 301 270 247 224 61 163 130 167
is_linear=0
shrinkage=0.08


Tree=168
num_leaves=15
num_cat=0
split_feature=18 18 0 2 7 10 2 5 8 4 5 1 10 1
split_gain=0.760997 1.96338 3.9622 5.33505 4.5135 2.74351 2.74771 3.01829 2.60716 3.02928 2.43244 2.17507 2.02073 4.6622
threshold=11.28452993762377 13.127647108189537 0.78175522806060027 0.74556805275191562 0.50710185017315668 5.0461193587632414 0.90703272018459957 4.0117226754631643 10.500000000000002 139.28680458785567 3.5174064800228035 0.62151576131106978 4.0585212473759169 0.84318951131102138
decision_type=2 2 2 2 2 2 2 2 2 2 2 2 2 2
left_child=-1 2 3 -2 -5 6 7 10 -7 -10 -4 -3 13 -9
right_child=1 11 5 4 -6 8 -8 12 9 -11 -12 -13 -14 -15
leaf_value=-0.0064757798565873836 -0.084918846481721821 -0.033977523758744965 0.049674195335472127 0.021380011212943594 0.21542524575878866 -0.10151200333353519 -0.063718129540426965 0.12882020948301218 -0.055825695708308552 0.080532565290203306 -0.089446602784403834 0.0011668332112503943 0.13523029632602412 -0.049187497479814789
leaf_weight=97.284070143505232 0.8335549373296115 11.642055311807779 1.7523256426793543 1.2353886216878893 2.0241115024546161 2.295781326130963 1.6286454848595884 1.9618891531135889 2.3613964947871864 1.8671412849798796 1.486784264212474 353.08776518426021 2.58222934929654 1.8107950342819092
leaf_count=1802 37 531 30 29 38 37 26 23 30 19 29 5827 22 20
internal_value=-0.000151409 0.00144018 0.0247391 0.095692 0.14188 0.00837501 0.0323579 0.0486674 -0.0328786 0.00438428 -0.0141837 4.5037e-05 0.0807026 0.0433809
internal_weight=483.854 386.57 21.84 4.09306 3.2595 17.747 11.2227 9.59402 6.52432 4.22854 3.23911 364.73 6.35491 3.77268
internal_count=8500 6698 340 104 67 236 150 124 86 49 59 6358 65 43
is_linear=0
shrinkage=0.08


Tree=169
num_leaves=15
num_cat=0
split_feature=0 11 10 11 0 11 10 16 16 7 2 18 7 18
split_gain=0.759286 3.05628 3.05105 2.85776 4.97758 2.83666 3.48137 3.3346 2.88068 5.02574 4.76099 2.8498 3.8808 3.64841
threshold=0.83734467145539948 1119.448351245788 5.9598312777054359 1220.5884121675133 0.90621460206006421 1220.5884121675133 1.408682503749304 4.9716831770316023 19.673736544682935 0.52470145257816037 0.78072972417997688 39.080143176020563 0.1238216186780587 33.852840114629025
decision_type=2 2 2 2 2 2 2 2 2 2 2 2 2 2
left_child=5 2 -2 4 -3 6 -1 -8 10 -10 -9 13 -13 -7
right_child=1 3 -4 -5 -6 11 7 8 9 -11 -12 12 -14 -15
leaf_value=0.1229162150245942 -0.04920692081645818 -0.033861894230564106 0.011592927437341263 0.0032401794608810193 0.11783645814686677 -0.008874752205964313 -0.099688352570756908 0.17438970199957471 0.0391573560590237 -0.084682532091960361 -0.00057587246618383357 0.076787774006091519 -0.038032392539324431 0.027726721341253611
leaf_weight=2.0880575075279948 13.98579375492409 2.2446278436109415 8.488262851838952 285.35417329493794 3.6118302443064749 101.47933748402284 1.5191150307655323 1.8967254540184506 7.0279196134069917 2.9893956692540087 2.0944376736879349 2.0215838723816004 27.667472354660276 21.043957949266769
leaf_count=28 218 29 111 3871 28 2631 19 26 138 160 25 16 731 469
internal_value=-0.000150817 0.00218182 -0.0262433 0.00437552 0.0596944 -0.00445936 0.025933 0.0128913 0.0250997 0.00220071 0.0825732 -0.00797669 -0.0302141 -0.00258828
internal_weight=483.513 313.685 22.4741 291.211 5.85646 169.828 17.6157 15.5276 14.0085 10.0173 3.99116 152.212 29.6891 122.523
internal_count=8500 4257 329 3928 57 4243 396 368 349 298 51 3847 747 3100
is_linear=0
shrinkage=0.08


Tree=170
num_leaves=15
num_cat=0
split_feature=13 4 7 4 8 3 0 7 7 11 8 18 10 3
split_gain=0.707686 1.72735 2.40492 2.15867 3.3816 2.75858 2.53145 5.24934 3.81634 3.80203 4.74045 2.60691 2.41753 4.39117
threshold=1.5000000000000002 212.87088707120168 0.45377284874316093 59.823351139374218 21.500000000000004 0.077410533157845976 0.92317570183062381 0.67178659231529181 0.61194766151491631 5666.0055045942481 22.500000000000004 37.298940574382812 3.021144840728196 0.063453546075716766
decision_type=2 2 2 2 2 2 2 2 2 2 2 2 2 2
left_child=-1 3 -3 4 5 12 8 -8 9 10 11 -5 -2 -14
right_child=1 2 -4 6 -6 -7 7 -9 -10 -11 -12 -13 13 -15
leaf_value=0.00096515819216657685 0.096884229786895162 0.13442773855072981 -0.031842093758601878 0.006377153928205757 -0.09057619295147161 -0.029697964193332104 -0.026532223513355081 0.097937097609080676 -0.084804094136715621 -0.064067038754400174 0.1102059714151316 -0.089181335415267002 -0.021930019433304113 0.12322603050480629
leaf_weight=426.20626170783362 3.9121189260622504 1.245286772376857 1.006907971925102 8.5368821333977447 1.8118392804171879 4.1984174732933743 6.9649558963719738 3.1488937992835417 7.1638540305430061 7.1224784041987723 2.3978547154692924 2.3246599901467553 4.877287384821102 1.8358521154150365
leaf_count=7237 35 19 32 198 39 107 98 62 358 149 37 52 59 18
internal_value=-0.000150532 -0.00855967 0.0600921 -0.0114074 0.0125932 0.0252032 -0.0220093 0.0122206 -0.0345773 -0.0169235 0.00840028 -0.0140749 0.0468966 0.017766
internal_weight=482.754 56.5473 2.25219 54.2951 16.6355 14.8237 37.6596 10.1138 27.5457 20.3819 13.2594 10.8615 10.6253 6.71314
internal_count=8500 1263 51 1212 258 219 954 160 794 436 287 250 112 77
is_linear=0
shrinkage=0.08


Tree=171
num_leaves=15
num_cat=0
split_feature=4 16 3 16 2 1 5 7 2 18 0 4 10 1
split_gain=0.717421 2.88172 3.11207 2.12892 3.62806 2.52712 3.54395 2.2784 2.09904 2.1133 2.0983 1.93021 4.54321 4.63269
threshold=35.764986929352567 34.304181866541036 0.017273054743063874 21.057048863399388 0.8363171935464041 0.93659973830748922 3.7644942453634918 0.70383002941060646 0.93433688088962752 45.227627554530535 0.88598977214760244 38.087049675529997 3.7066266135536865 0.83217757163280981
decision_type=2 2 2 2 2 2 2 2 2 2 2 2 2 2
left_child=1 2 -1 5 -5 6 -4 10 9 -3 -8 12 -2 -14
right_child=11 8 3 4 -6 -7 7 -9 -10 -11 -12 -13 13 -15
leaf_value=0.092030194293131695 -0.064909234908940835 -0.055755222028200158 -0.084231567883924455 -0.015652936193502345 0.092280509599442506 -0.099277318141493043 0.0045538319926111482 -0.045077481196434004 0.033940419014557313 0.04117119051692459 0.090939730180475423 5.1999005530682555e-05 -0.048153865991777761 0.10475982016757232
leaf_weight=2.4943780526518848 2.1356454207561892 13.783537629409695 2.9139576917514232 4.5847196793183667 3.5260972876567394 2.1747488602995864 4.5506903640925866 2.868203560821712 2.4609222508734083 1.6075514499098051 2.9766385238617659 429.05174758359499 1.6635855303611604 5.3324771299958229
leaf_count=14 35 329 33 48 30 13 33 34 40 21 17 7786 31 36
internal_value=-0.000150638 -0.00989578 0.00705112 -0.00193254 0.0312701 -0.0193244 -0.00626026 0.0155958 -0.0346625 -0.0456316 0.0387146 0.000826614 0.0372218 0.0683987
internal_weight=482.125 43.9414 26.0894 23.5951 8.11082 15.4842 13.3095 10.3955 17.852 15.3911 7.52733 438.183 9.13171 6.99606
internal_count=8500 612 222 208 78 130 117 84 390 350 50 7888 102 67
is_linear=0
shrinkage=0.08


Tree=172
num_leaves=15
num_cat=0
split_feature=17 16 16 7 5 1 11 18 1 18 4 18 1 7
split_gain=0.721443 2.94478 3.8824 3.26814 4.63112 3.87652 3.6424 4.98973 3.10488 3.1449 7.96127 2.875 3.18668 5.02682
threshold=1.0000000180025095e-35 68.823083468316909 69.120149049422082 0.36314393129493544 3.2827285546429628 0.87290531715568986 6322.6314297444396 18.736779343196485 0.73387366594517001 30.457485086041768 34.668808079659236 25.123889454268806 0.81693158711737046 0.52860564783985464
decision_type=2 2 2 2 2 2 2 2 2 2 2 2 2 2
left_child=-1 8 -3 5 -5 6 7 -4 -2 11 -11 12 13 -10
right_child=1 2 3 4 -6 -7 -8 -9 9 10 -12 -13 -14 -15
leaf_value=0.0013735119963933901 -0.050701673730362988 0.21776157213296399 -0.014511242639028905 0.35278788831494146 -0.063655178621520078 -0.053626135854020207 -0.015502633151103198 0.24045350435203033 -0.0064892257162573706 0.095265963199627934 -0.040969459548102771 0.047379025439887618 -0.016313537141090829 0.1154303296257093
leaf_weight=388.04630518074555 10.96567104232963 0.70711839850991776 0.69900163402780968 0.18114029776188578 3.0246086593251675 1.2832386500667778 1.0337211585137991 1.6527896822663022 5.941930837929247 3.0821227002888945 25.116942388471216 9.3809672007337195 26.864862461108714 3.4043993146624416
leaf_count=6742 338 8 29 13 259 34 33 34 66 25 364 122 356 77
internal_value=-0.000145403 -0.00646015 0.0381968 0.0220722 -0.0401241 0.0647786 0.109659 0.164673 -0.0109817 -0.00507911 -0.0260791 0.00790953 -0.00231554 0.03792
internal_weight=481.385 93.3385 8.58162 7.8745 3.20575 4.66875 3.38551 2.35179 84.7569 73.7912 28.1991 45.5922 36.2112 9.34633
internal_count=8500 1758 410 402 272 130 96 63 1348 1010 389 621 499 143
is_linear=0
shrinkage=0.08


Tree=173
num_leaves=15
num_cat=0
split_feature=11 10 10 16 1 0 1 10 0 13 5 4 17 5
split_gain=0.737223 0.915676 2.89527 2.98394 4.17159 5.55642 4.67893 4.41383 8.37428 5.76933 4.13525 4.22313 4.17266 5.04206
threshold=441.31920526884591 5.5850478215546335 5.7912223570896391 14.606570916421957 0.93226885336637044 0.7096045837996926 0.93759523103615916 6.0124864232684017 0.85938117942110959 1.0000000180025095e-35 4.0666221168570216 121.12651710384914 1.0000000180025095e-35 3.9425515855091713
decision_type=2 2 2 2 2 2 2 2 2 2 2 2 2 2
left_child=-1 -2 -3 -4 7 -6 -7 8 9 -5 11 12 13 -9
right_child=1 2 3 4 5 6 -8 10 -10 -11 -12 -13 -14 -15
leaf_value=0.040398342839700771 0.0021007467377210289 -0.041876838377021962 0.015439327110190509 0.019235414609506948 0.16497517396898409 0.099044148887021066 -0.0083287144263934736 0.016481978562272986 -0.048773332662210879 0.21894112789477313 -0.038355552289360884 -0.041245308756918363 -0.054169291983241649 0.12940012724939157
leaf_weight=2.852605501539073 317.34311726706801 12.757343446923185 43.545937796705402 1.7312939986586564 1.6414502122206638 3.1697330784518298 14.384853418800047 15.160775266325805 3.3179518304532394 1.9899425121257079 44.935485017573228 11.22098018004908 4.0814668832463203 3.0379472301574415
leaf_count=34 5479 261 432 60 39 36 181 314 70 55 1001 398 93 47
internal_value=-0.000150399 -0.000392224 -0.00530682 -0.00215918 -0.00948056 0.0242203 0.011059 -0.0170491 0.043635 0.126029 -0.0224951 -0.00122123 0.0189361 0.0353316
internal_weight=481.171 478.318 160.975 148.218 104.672 19.196 17.5546 85.4758 7.03919 3.72124 78.4367 33.5012 22.2802 18.1987
internal_count=8500 8466 2987 2726 2294 256 217 2038 185 115 1853 852 454 361
is_linear=0
shrinkage=0.08


Tree=174
num_leaves=15
num_cat=0
split_feature=4 16 3 14 2 18 16 2 7 10 4 4 7 3
split_gain=0.7292 2.4705 2.50679 2.04449 2.33214 2.275 1.74964 3.06674 2.21065 1.74904 1.84227 1.64775 3.3024 2.73525
threshold=35.764986929352567 34.304181866541036 0.017273054743063874 1.0000000180025095e-35 0.93433688088962752 45.227627554530535 21.057048863399388 0.8363171935464041 0.67178659231529181 5.4757229427404353 31.117957354030434 40.2106941443217 0.14758696094327828 0.021199639990277911
decision_type=2 2 2 2 2 2 2 2 2 2 2 2 2 2
left_child=1 2 -1 4 5 -3 8 -8 9 10 -4 12 -2 -14
right_child=11 3 6 -5 -6 -7 7 -9 -10 -11 -12 -13 13 -15
leaf_value=0.081747869940511017 -0.1061878725254824 -0.063689274448217786 0.058193676433385355 0.085475944234326515 0.032725412747307274 0.036858165184390293 -0.016178774280784031 0.082755059017047189 -0.065595202453521281 -0.043659439586250855 -0.025048739917400881 -0.00014786208476286428 -0.09585393777451362 0.044035403886383301
leaf_weight=2.5013838708400753 1.1328400834463561 12.498116418835712 4.2019513761624712 0.88021299743559112 2.4312048492720342 1.6277597472071637 4.5490050730295462 3.5859772262629122 4.4985766033641985 3.6599185476079583 2.8594560688361526 420.80854571814416 0.95377598563209076 14.407336549658792
leaf_count=14 13 313 31 19 37 21 48 30 51 29 19 7684 12 179
internal_value=-0.000156133 -0.01006 0.00563381 -0.0333309 -0.0396469 -0.0521029 -0.00251825 0.0274322 -0.0185266 0.00122291 0.0244854 0.000824359 0.0256285 0.0353496
internal_weight=480.596 43.2936 25.8563 17.4373 16.5571 14.1259 23.3549 8.13498 15.2199 10.7213 7.06141 437.302 16.494 15.3611
internal_count=8500 612 222 390 371 334 208 78 130 79 50 7888 204 191
is_linear=0
shrinkage=0.08


Tree=175
num_leaves=15
num_cat=0
split_feature=5 5 18 4 7 7 7 7 0 18 10 3 7 2
split_gain=0.72135 1.75643 2.05133 1.66696 1.58408 2.33775 1.80067 2.08288 1.75215 2.90882 1.74154 2.81931 3.43811 3.89622
threshold=3.5047833110549003 3.4812145870886009 39.408678748399019 203.6703917980353 0.90194308350333152 0.87166089195291963 0.76326295665491506 0.73434714528921796 0.75671215292041694 13.325691843067622 4.1079389750156787 0.066857412495058444 0.28750580262913727 0.81569259307813036
decision_type=2 2 2 2 2 2 2 2 2 2 2 2 2 2
left_child=1 3 -3 4 5 6 7 10 9 -8 11 -1 13 -13
right_child=-2 2 -4 -5 -6 -7 8 -9 -10 -11 -12 12 -14 -15
leaf_value=-0.051236765511524583 0.0010572225527616971 -0.086018351067941576 0.043344091443286048 -0.083844007550951741 -0.082725940834514428 0.093129307567756767 0.33111584984273751 0.081437463590149237 -0.073546058357135805 -0.0812056371838418 0.0098690638233407922 -0.039807721585801085 -0.034565888833510514 0.12683830832862159
leaf_weight=9.632778722210789 416.76468568705604 3.4413389571709549 1.0161636427510528 1.6447671135247208 1.520176544523564 1.6748020910890762 0.19076111947651897 1.9920582480262954 3.5308999483240768 0.257067067141179 29.776612828369252 1.3984520037192836 4.6590508385561407 2.5086603572126478
leaf_count=176 7038 86 16 109 121 38 8 42 115 34 492 31 161 33
internal_value=-0.000150873 -0.00811202 -0.056528 -0.00444085 -0.00215529 4.67803e-05 -0.00284303 0.00128131 -0.0546393 0.0944307 -0.00204697 -0.0215436 0.0118467 0.0671916
internal_weight=480.008 63.2436 4.4575 58.7861 57.1413 55.6211 53.9463 49.9676 3.97873 0.447828 47.9756 18.1989 8.56616 3.90711
internal_count=8500 1462 102 1360 1251 1130 1092 935 157 42 893 401 225 64
is_linear=0
shrinkage=0.08


Tree=176
num_leaves=15
num_cat=0
split_feature=11 0 7 11 16 18 1 5 5 0 10 9 3 0
split_gain=0.732012 3.14148 4.18197 3.65732 4.67239 5.21651 4.3888 6.96988 7.73685 3.54843 4.80608 3.32017 3.48874 3.16389
threshold=6807.335997782252 0.85155584049604915 0.11550507630196062 7094.2563022341355 13.573167945581757 9.9962108419782005 0.90393863056268497 4.0530193984822249 4.5938424272193439 0.76531697964822076 2.8720800058687947 1.0000000180025095e-35 0.026782226325466781 0.76432159550999079
decision_type=2 2 2 2 2 2 2 2 2 2 2 2 2 2
left_child=-1 9 -3 4 -4 -6 11 -8 -9 10 -2 12 -5 -12
right_child=1 2 3 6 5 -7 7 8 -10 -11 13 -13 -14 -15
leaf_value=-0.0019995664001680748 -0.055294568623977386 -0.11025145304574117 -0.024580631804579398 0.056803192732998095 -0.026460260793106538 0.13020366993711652 0.094362590444798791 -0.077377033646584659 0.065108989377494694 -0.026268803821896815 0.031915627324012603 0.0088885080354278428 -0.067297421560659404 0.20186381442159218
leaf_weight=355.10144431424851 4.3614922220585894 1.6521009383723129 2.9083241410553438 1.7777966395951788 1.7631544207688419 5.9527806121623144 8.9521229993551987 4.6945989769883436 5.0760226626880467 32.153103869524784 13.099969493312525 33.503085383446887 7.8573792711831629 0.74072308233007866
leaf_count=6322 153 16 21 22 24 69 85 57 44 618 427 491 143 8
internal_value=-0.000148987 0.00512958 0.015603 0.0184715 0.0618332 0.0944047 0.0110244 0.043369 -0.00335285 -0.0102903 0.0179348 -0.00301367 -0.0443995 0.0410109
internal_weight=479.594 124.493 74.1374 72.4853 10.6243 7.71594 61.861 18.7227 9.77062 50.3553 18.2022 43.1383 9.63518 13.8407
internal_count=8500 2178 972 956 114 93 842 186 101 1206 588 656 165 435
is_linear=0
shrinkage=0.08


Tree=177
num_leaves=15
num_cat=0
split_feature=2 10 2 18 1 12 10 0 1 3 18 3 3 7
split_gain=0.75038 2.7422 1.06298 2.46192 1.89349 0.852826 1.98074 2.52471 2.49901 1.61884 1.59728 2.26976 2.47244 3.61895
threshold=0.98465435295515846 4.7311028199442857 0.97326125912018047 29.225484002799572 0.86570427685427886 1.0000000180025095e-35 1.4951138877358674 0.86965174751886742 0.96001802131222624 0.038504110284646391 28.643894205138999 0.042086149237507794 0.053664997023654376 0.58385644142550142
decision_type=2 2 2 2 2 2 2 2 2 2 2 2 2 2
left_child=2 -2 5 -4 -5 -1 9 8 -8 -7 11 -9 -13 -14
right_child=1 -3 3 4 -6 6 7 10 -10 -11 -12 12 13 -15
leaf_value=0.00068442739378018428 0.086220684924048233 -0.046480705259352821 -0.089240175465098798 -0.046134432001792104 0.089068853091717831 0.14098092035946089 -0.08413611141596089 -0.060207053728637883 0.064467528715544231 0.0039093005159683107 -0.044975350506840178 0.17185019368262272 0.064004209329837802 -0.087587745404022754
leaf_weight=448.97646228461235 2.5158679650630793 1.6503852996975181 2.7240323119331142 1.3758544124430048 1.2793707302771506 0.8471563458442718 5.6570573124336105 1.7924483632668833 0.83058643480762828 1.5796401688858166 3.8009491038974375 0.81623592483811069 3.6117602968588471 1.3980046976357696
leaf_count=7678 34 32 57 26 16 8 348 33 17 43 100 12 58 38
internal_value=-0.000149942 0.0336534 -0.000446627 -0.035807 0.0190108 -4.13244e-05 -0.0160661 -0.0252579 -0.065111 0.0517588 -0.00261633 0.0185172 0.0427377 0.0217016
internal_weight=478.856 4.16625 474.69 5.37926 2.65523 469.31 20.3338 17.907 6.48764 2.4268 11.4194 7.61845 5.826 5.00976
internal_count=8500 66 8434 99 42 8335 657 606 365 51 241 141 108 96
is_linear=0
shrinkage=0.08


Tree=178
num_leaves=15
num_cat=0
split_feature=3 18 2 7 3 2 11 10 4 2 4 11 10 1
split_gain=0.700801 2.9109 3.66133 4.66896 2.83225 2.9536 4.48878 5.47285 4.63057 3.56365 3.1051 2.93298 2.58254 2.54704
threshold=0.037451916579052821 42.635338437216184 0.73872087940117548 0.62904492546457424 0.044951840129597763 0.77563098777078421 3954.9471798612699 2.9327871549951596 115.76067477053191 0.80258702156741502 169.84965610863688 2826.8835713809463 7.8210868723724802 0.97361368902328993
decision_type=2 2 2 2 2 2 2 2 2 2 2 2 2 2
left_child=1 13 -3 -4 5 -2 8 -8 11 -9 -10 -7 -6 -1
right_child=4 2 3 -5 12 6 7 9 10 -11 -12 -13 -14 -15
leaf_value=-0.012658175403264565 -0.0052371160333050931 0.082192377152450494 -0.048510956101187074 0.071738305499495864 0.00013088357251502515 -0.011956221771130458 0.078292400294567341 0.083719189975968375 0.18368716748647601 -0.050352243632468298 0.047287109702371571 0.10444341163953244 -0.049154805102908004 0.061518791014563069
leaf_weight=96.973955528286751 15.979269547155125 5.1503085540607563 5.4349337527528387 3.3342710777651519 316.99145831973874 3.76154205016792 4.7562938097398719 1.5265575058292578 3.1131504727527499 7.5153625278035179 1.6260350940283386 2.1932355961762369 6.9535819872107814 3.055990243330597
leaf_count=1352 189 57 79 50 6256 40 49 21 38 114 36 23 170 26
internal_value=-0.000146444 -0.00562228 0.0286545 -0.00278918 0.0015658 0.0215192 0.0389757 0.00882494 0.0778787 -0.0277168 0.136888 0.0309155 -0.000927049 -0.010392
internal_weight=478.366 113.949 13.9195 8.7692 364.416 40.4714 24.4922 13.7982 10.694 9.04192 4.73919 5.95478 323.945 100.03
internal_count=8500 1564 186 129 6936 510 321 184 137 135 74 63 6426 1378
is_linear=0
shrinkage=0.08


Tree=179
num_leaves=15
num_cat=0
split_feature=6 11 12 11 18 7 4 16 1 1 10 1 9 16
split_gain=0.695561 1.97925 1.88877 1.86565 2.04878 1.96232 3.50345 2.25141 1.92032 4.11435 2.45263 2.27713 5.55192 4.61845
threshold=1.5000000000000002 8563.6344738985699 1.0000000180025095e-35 962.80907141731711 41.388698503351492 0.14758696094327828 139.99499842910964 68.587168118492841 0.65907501659208634 0.68272188325274519 4.386439741344204 0.79970545926753023 1.5000000000000002 17.320614180894861
decision_type=2 2 2 2 2 2 2 2 2 2 2 2 2 2
left_child=1 2 3 4 -1 6 -5 8 -7 10 -10 12 -11 -14
right_child=-2 -3 -4 5 -6 7 -8 -9 9 11 -12 -13 13 -15
leaf_value=-0.061754351322001307 0.001454558404920479 -0.08502599479323672 -0.059691197708562731 -0.0022443988196806093 0.056570971886666994 -0.064373933106054382 0.088172815483622199 -0.062875923892016933 0.24456997229899483 -0.064674844861029007 0.02767670056466565 0.0066637698150637248 0.10574731978342891 -0.048635044693786753
leaf_weight=5.7431814825686152 374.91554522528895 1.9876729669049371 3.8067893900879417 7.3935737297870201 1.1190010617719961 2.9084647622075854 4.3600390498759225 3.9165720342862178 0.69837606023065635 9.5578340666834247 0.63895368692465127 55.731373817194253 2.8685816260986021 2.1846577498363331
leaf_count=139 5956 114 220 75 18 199 44 452 20 268 23 846 28 98
internal_value=-0.000144607 -0.0059703 -0.00441337 -0.00224668 -0.0424593 0.000810615 0.0312961 -0.00375363 -0.000649162 0.00193652 0.140942 -0.000706209 -0.0288177 0.0390035
internal_weight=477.831 102.915 100.927 97.1206 6.86218 90.2584 11.7536 78.5048 74.5882 71.6798 1.33733 70.3424 14.6111 5.05324
internal_count=8500 2544 2430 2210 157 2053 119 1934 1482 1283 43 1240 394 126
is_linear=0
shrinkage=0.08


Tree=180
num_leaves=15
num_cat=0
split_feature=7 1 8 7 2 16 8 16 1 7 14 1 8 2
split_gain=0.674958 2.82093 2.20472 1.68287 1.61171 0.931479 1.62237 1.08275 2.83867 2.08154 0.98514 4.46861 4.44634 3.80085
threshold=0.96227875573298771 0.86798839266852379 18.500000000000004 0.95509782612087324 0.75702542672616013 1.806269467508246 16.500000000000004 2.4951133808359849 0.85676614959404906 0.5544743515947036 1.0000000180025095e-35 0.72637115677368103 11.500000000000002 0.79213126550482993
decision_type=2 2 2 2 2 2 2 2 2 2 2 2 2 2
left_child=3 2 -2 5 -3 6 -1 8 9 -7 -9 12 13 -12
right_child=1 4 -4 -5 -6 7 -8 10 -10 -11 11 -13 -14 -15
leaf_value=-0.073739929508137889 -0.084121997207797838 0.13829319526351236 0.068864959643237453 -0.085526592172834828 0.021894104212162584 0.014184912432707511 0.00905312786289433 -0.001255370353571704 -0.033599141177662134 0.12120573369394354 0.24021909673681532 -0.0010139938146229936 0.0032206281905004085 0.053431051280148356
leaf_weight=2.9594863345846525 1.7859461660264053 1.5171118499711158 0.91007958876434702 1.4842904653924041 1.5282057416625319 2.2845948077738276 3.102911195717752 427.85957071269513 2.7712628114968538 2.3694728221744299 1.4408515928662411 23.302073963976 2.5177094835671596 1.350884012179449
leaf_count=32 84 16 26 66 39 20 32 7651 25 20 25 372 68 24
internal_value=-0.000145104 0.0271191 -0.0324792 -0.000477134 0.0798816 -0.000208519 -0.031364 0.000198635 0.0305021 0.0686712 -0.000294307 0.0140775 0.0803112 0.149835
internal_weight=477.184 5.74134 2.69603 471.443 3.04532 469.959 6.0624 463.896 7.42533 4.65407 456.471 28.6115 5.30945 2.79174
internal_count=8500 165 110 8335 55 8269 64 8205 65 40 8140 489 117 49
is_linear=0
shrinkage=0.08


Tree=181
num_leaves=15
num_cat=0
split_feature=3 3 5 10 9 11 11 5 3 4 11 3 18 0
split_gain=0.670321 1.31371 3.32471 2.39713 4.65697 0.844657 5.81285 6.67891 4.47151 3.2106 3.20411 2.93082 3.15216 1.98748
threshold=0.31927028517833789 0.20636860501229551 4.8962958342087406 1.9532667881507224 1.5000000000000002 3740.202663475307 3988.0085683635239 4.5508394773112135 0.09171687705088867 89.919117202624349 3637.2506346225578 0.040983019630904761 23.79281417340993 0.59586225355288491
decision_type=2 2 2 2 2 2 2 2 2 2 2 2 2 2
left_child=1 5 3 4 -3 10 7 8 9 -7 -1 -11 -13 -8
right_child=-2 2 -4 -5 -6 6 13 -9 -10 11 -12 12 -14 -15
leaf_value=-0.0024139320733661206 0.049923907065548695 -0.086137200632070213 0.092908689767508768 -0.083972825414421262 0.23527874342439009 0.044113347409795979 -0.08155316271979976 -0.053184741931734579 -0.029754696016805443 0.057510821470858481 -0.070289076176766566 0.084950881034116965 0.2340842438775857 0.00084118140567395502
leaf_weight=171.93404681014363 1.7055518883280445 0.72054502659011521 1.1030244790017603 4.7309886092552915 0.48115142958704382 3.5445295760873687 1.8864806029596355 3.0083613324677563 1.9310325547994569 1.8376390381017698 4.5693836249411097 1.4240794098004701 2.4984420416876674 275.36907008239359
leaf_count=2988 33 32 19 325 20 35 204 59 57 17 95 22 28 4566
internal_value=-0.000139537 -0.000319282 -0.0346312 -0.0583438 0.0425556 0.000196545 0.00284117 0.0526823 0.0810282 0.104019 -0.00417111 0.140883 0.179941 0.00028056
internal_weight=476.744 475.039 7.03571 5.93269 1.2017 468.003 291.5 14.2441 11.2357 9.30469 176.503 5.76016 3.92252 277.256
internal_count=8500 8467 396 377 52 8071 4988 218 159 102 3083 67 50 4770
is_linear=0
shrinkage=0.08


Tree=182
num_leaves=15
num_cat=0
split_feature=5 8 13 11 18 7 16 7 5 9 10 2 16 3
split_gain=0.660803 3.24593 2.22764 2.88389 1.74134 2.00464 1.47069 1.13938 0.892666 3.69743 7.53204 5.61442 4.39266 3.44281
threshold=4.9314633489467701 2.5000000000000004 1.0000000180025095e-35 4020.1861485824338 19.448260723956771 0.31260618624124364 37.477772915421831 0.39869200876506644 4.2548293766305152 1.0000000180025095e-35 2.3380570811488668 0.96109495041628656 9.026537568539494 0.037451916579052821
decision_type=2 2 2 2 2 2 2 2 2 2 2 2 2 2
left_child=8 -2 4 6 5 -3 -4 -5 -1 10 12 13 -10 -12
right_child=1 2 3 7 -6 -7 -8 -9 9 -11 11 -13 -14 -15
leaf_value=-0.0026325656940771732 0.076562059580382244 0.068872030687879629 0.099054514787077344 0.021205479777070286 -0.092253461384485091 -0.060291861790864792 -0.010279151709339282 -0.089596487143035641 0.17588588869200106 0.010467695645791445 0.0017583956230933207 0.10483992546601466 0.024099674973854346 -0.056068740057781848
leaf_weight=263.5141824602324 2.0969984899274996 1.1723253419622763 2.0177684309892361 0.86908167193178121 4.3429900431074202 2.2353415436809883 1.291300386394141 1.876209467416629 1.4236302534118284 151.72924594921642 9.0343588003888708 1.7945297779515375 8.5407275715842825 24.345044283545576
leaf_count=5002 31 12 17 13 96 52 33 43 9 2428 109 23 132 500
internal_value=-0.000141562 -0.016175 -0.0302618 0.0060986 -0.0586645 -0.0158561 0.0563892 -0.0545197 0.000412247 0.00448784 -0.015613 -0.0330066 0.0457857 -0.0404174
internal_weight=476.284 15.902 13.805 6.05436 7.75066 3.40767 3.30907 2.74529 460.382 196.868 45.1383 35.1739 9.96436 33.3794
internal_count=8500 297 266 106 160 64 50 56 8203 3201 773 632 141 609
is_linear=0
shrinkage=0.08


Tree=183
num_leaves=15
num_cat=0
split_feature=10 10 16 10 7 0 16 5 18 18 1 16 15 10
split_gain=0.672146 2.72931 4.665 3.33997 7.4018 4.71146 3.2877 3.18561 7.76148 6.49386 3.95068 5.63038 3.1023 3.01365
threshold=6.7751089108469227 6.0124864232684017 16.153704618057251 5.8977674830011981 0.22149160651113062 0.75671215292041694 16.153704618057251 3.7774502525662421 25.123889454268806 22.279166091367291 0.93659973830748922 34.546269379847907 1.5000000000000002 5.5850478215546335
decision_type=2 2 2 2 2 2 2 2 2 2 2 2 2 2
left_child=1 3 12 13 -5 -6 -7 8 9 -4 -9 -12 -3 -1
right_child=-2 2 7 4 5 6 -8 10 -10 -11 11 -13 -14 -15
leaf_value=0.0016434160904123789 0.0062254253395731055 0.030209375733905062 0.017879314737914428 0.23104049268212859 0.15380277387521291 0.049437596099308978 -0.089938255676712445 -0.06865448726361395 -0.090600783213809641 0.23565089578604359 0.1248752235562184 -0.065076116368641107 -0.064899386072101162 -0.031468460900057733
leaf_weight=316.08945869280433 86.76945391469053 13.728948660311291 3.7448334780638124 1.2641518544405688 1.2456492534256538 2.0924029853194952 2.2456936482340097 18.749979973392332 3.2548250210238621 1.1440932725090531 1.7823635153472412 2.2714166340883821 2.6126439445652059 18.628311314707389
leaf_count=5497 1517 138 119 11 32 19 70 492 110 19 13 37 29 397
internal_value=-0.000141063 -0.00156169 -0.0195744 0.000932138 0.0562398 0.0166651 -0.0227128 -0.0378331 0.00511705 0.0688416 -0.0531716 0.0184416 0.0150037 -0.000199385
internal_weight=475.624 388.855 47.2891 341.566 6.8479 5.58375 4.3381 30.9475 8.14375 4.88893 22.8038 4.05378 16.3416 334.718
internal_count=8500 6983 957 6026 132 121 89 790 248 138 542 50 167 5894
is_linear=0
shrinkage=0.08


Tree=184
num_leaves=15
num_cat=0
split_feature=11 11 0 6 10 0 2 4 1 10 10 16 1 11
split_gain=0.663776 2.78419 2.94405 4.22768 3.35326 3.22602 3.09185 2.63722 2.20665 2.13973 5.24306 5.12686 3.38686 3.36262
threshold=6841.5356195413542 7094.2563022341355 0.92317570183062381 1.5000000000000002 2.8317091808360133 0.74235233255841249 0.62747647044037824 76.059104791582996 0.98114072623949067 7.1478797587512277 7.3692764408705509 13.041344142616513 0.9081713358563589 7263.6936633863197
decision_type=2 2 2 2 2 2 2 2 2 2 2 2 2 2
left_child=-1 2 3 4 -2 -5 -6 -4 9 13 12 -12 -11 -3
right_child=1 8 7 5 6 -7 -8 -9 -10 10 11 -13 -14 -15
leaf_value=-0.0018994127438024908 0.20621833344279736 -0.059146807022776429 0.020357988935271583 0.11065305333872956 0.17981639076461625 -0.032710546715598837 -0.084265277748218459 0.13829841029557954 0.079748957480747562 0.046931526962278237 0.096910619112598448 -0.041814280980249911 0.19046777581600163 -0.0014114262444187566
leaf_weight=353.62481916864635 1.1427540553268021 7.0034428762737653 2.1341038653627029 1.1629913389915598 0.45487939845770575 7.373234209837392 0.75417195039335638 2.8125127868261188 2.1889505400322369 2.9848041776858727 2.2720647444948536 6.8313248847262003 1.6248132996261118 82.61759845726192
leaf_count=6355 17 140 15 42 10 113 41 26 20 47 14 144 9 1507
internal_value=-0.000147453 0.0049576 0.0362382 0.0129874 0.10796 -0.0131784 0.0150897 0.0874157 0.000263666 -0.00142009 0.0280096 -0.0071907 0.0975257 -0.00592316
internal_weight=474.982 121.358 15.8346 10.888 2.35181 8.53623 1.20905 4.94662 105.523 103.334 13.713 9.10339 4.60962 89.621
internal_count=8500 2145 264 223 68 155 51 41 1881 1861 214 158 56 1647
is_linear=0
shrinkage=0.08


Tree=185
num_leaves=15
num_cat=0
split_feature=6 3 12 7 7 7 3 8 18 4 5 1 3 18
split_gain=0.653583 1.82822 1.72515 1.74554 3.33206 4.03422 2.78653 4.8739 2.98468 2.59984 2.56861 2.46958 3.1533 2.23411
threshold=1.5000000000000002 0.01025252531567967 1.0000000180025095e-35 0.18206911794995423 0.23970246232362555 0.32408603829227756 0.072279021502809945 20.500000000000004 20.293691978895893 47.025747893819833 3.7021218183755802 0.72482397846942004 0.024312424611901397 26.282384574132951
decision_type=2 2 2 2 2 2 2 2 2 2 2 2 2 2
left_child=1 -1 3 9 -5 6 7 8 -6 -3 -8 12 -7 -10
right_child=-2 2 -4 4 5 11 10 -9 13 -11 -12 -13 -14 -15
leaf_value=-0.08847894893251422 0.0014055404260695165 -0.064394465667141382 -0.058560972350572574 -0.059034440227638096 -0.06329926417540975 0.18593804740581729 0.071300445193155912 0.20198557434140252 0.14128286660639633 0.030723343154486441 -0.051373851730724757 -0.005814248521186385 -0.083514115249068932 0.01579801017920781
leaf_weight=1.684792635787743 372.93252139593824 2.0754427360370782 3.63235541783797 7.3079900876618913 1.362563592614604 0.29680942819686507 1.7474806343088856 1.5029397323960436 1.7321947328746321 16.149052970227785 2.9138839211373124 54.688542264964781 4.3767699148447718 1.9084730218164621
leaf_count=55 5956 27 227 134 24 22 30 21 14 176 81 1326 378 29
internal_value=-0.000142805 -0.00583853 -0.00444194 -0.00239556 -0.00761365 -0.00228564 0.0418267 0.0756516 0.0377017 0.0198911 -0.00538497 -0.0105843 -0.0664018 0.0755025
internal_weight=474.312 101.379 99.6945 96.0621 77.8376 70.5297 11.1675 6.50617 5.00323 18.2245 4.66136 59.3621 4.67358 3.64067
internal_count=8500 2544 2489 2262 2059 1925 199 88 67 203 111 1726 400 43
is_linear=0
shrinkage=0.08


Tree=186
num_leaves=15
num_cat=0
split_feature=4 4 11 1 4 8 11 2 10 7 5 16 8 4
split_gain=0.656267 0.830557 1.65976 2.17035 1.12273 2.74234 2.3165 2.68227 2.96042 2.69801 2.42421 1.70576 1.53517 1.02931
threshold=20.802534721014805 22.808090209631811 6160.88178835905 0.90946465997899228 31.968632755300959 19.500000000000004 1541.0551574829331 0.71195659838143655 3.4843969460040261 0.26446582760761184 4.601034962011183 13.041344142616513 7.5000000000000009 49.26440370079856
decision_type=2 2 2 2 2 2 2 2 2 2 2 2 2 2
left_child=-1 2 3 -2 5 6 -3 9 10 -8 12 -11 -9 -6
right_child=1 4 -4 -5 13 -7 7 8 -10 11 -12 -13 -14 -15
leaf_value=-0.043617377214605658 -0.051750542422212664 0.050171985571090816 0.099665669596507592 0.069250261845987149 0.010612710720847502 -0.073526950500399105 0.096567205895652569 0.030460891901449065 -0.079657223683145664 0.063911430678845027 0.085781678483853305 -0.054408954380755548 -0.082124858723536281 -0.00086397305321562481
leaf_weight=2.2117457939311853 2.1114607115741815 4.002580131753354 1.5978224838618187 1.7227713214233515 57.50991752569098 4.4781043371185651 2.1746164225041893 1.3313896727049708 5.8548253451590426 1.1485005337744953 1.5929042592179028 2.4289886838523671 1.8552058165660126 383.72855626852834
leaf_count=34 37 41 18 13 748 75 18 26 113 10 16 42 33 7276
internal_value=-0.000141696 6.22264e-05 0.0311634 0.00261672 -0.00030023 -0.0168393 -0.00438877 -0.0177159 -0.0415203 0.026293 0.00519695 -0.0164239 -0.0350855 0.000631869
internal_weight=473.749 471.538 5.43205 3.83423 466.106 24.8671 20.389 16.3864 10.6343 5.75211 4.7795 3.57749 3.1866 441.238
internal_count=8500 8466 68 50 8398 374 299 258 188 70 75 52 59 8024
is_linear=0
shrinkage=0.08


Tree=187
num_leaves=15
num_cat=0
split_feature=17 3 16 7 0 7 1 1 4 10 18 8 0 0
split_gain=0.615684 2.62017 3.36663 3.69075 3.80706 3.1841 3.15484 2.89663 3.04478 2.81677 3.0493 5.22343 2.74286 4.90166
threshold=1.0000000180025095e-35 0.080988062764098576 73.374809389444422 0.2839123517039237 0.93416466385243069 0.53203129892184609 0.73636760259436529 0.82397806424490905 171.28838206936823 3.6797941364749756 19.063524528203391 14.500000000000002 0.88099384261571212 0.9254262674164343
decision_type=2 2 2 2 2 2 2 2 2 2 2 2 2 2
left_child=-1 2 6 -4 -5 7 -2 8 -3 -9 11 -11 -8 -14
right_child=1 5 3 4 -6 -7 12 9 -10 10 -12 -13 13 -15
leaf_value=0.0012716487282636846 -0.052091335039769301 -0.080842836443761446 0.14636689667279495 -0.052783739746973403 0.18445139797889432 -0.063396457870432785 -0.01077981178822103 -0.034143619241388951 0.060280367820436491 0.016150382519354377 0.0054391552338221025 0.22667999745920475 0.067472338565303352 -0.010199031912291037
leaf_weight=382.21651887621556 7.0311772280838332 4.9518179201113588 2.1306617192458353 1.8692929790704513 0.56340796686708916 9.6253623803640931 28.926922243088484 5.1152243760880074 1.2193990544765254 1.8004101198166593 5.601168334542308 1.2980113630183039 10.05303439195268 10.771675318479536
leaf_count=6742 195 146 33 133 16 452 375 73 42 30 75 16 78 94
internal_value=-0.000136093 -0.00605162 0.00338183 0.0694907 0.00215937 -0.025595 -0.00193103 -0.00738963 -0.0529577 0.0129661 0.0406658 0.104347 0.00515791 0.0272965
internal_weight=473.174 90.9576 61.3462 4.56336 2.4327 29.6114 56.7828 19.986 6.17122 13.8148 8.69959 3.09842 49.7516 20.8247
internal_count=8500 1758 924 182 149 834 742 382 188 194 121 46 547 172
is_linear=0
shrinkage=0.08


Tree=188
num_leaves=15
num_cat=0
split_feature=3 3 1 8 2 4 3 11 10 1 11 4 0 1
split_gain=0.64634 4.55778 4.21659 4.78522 4.5444 3.6297 5.06275 8.17676 3.45797 3.14523 2.58872 4.82612 5.89192 5.05284
threshold=0.040983019630904761 0.044951840129597763 0.82059204384943829 17.500000000000004 0.79213126550482993 47.025747893819833 0.043056694363864535 4642.1011257575256 4.4404071682039108 0.75830592249956952 7759.6000998474128 85.099280695284662 0.81752165979762037 0.88534862642047174
decision_type=2 2 2 2 2 2 2 2 2 2 2 2 2 2
left_child=10 2 3 4 -2 -4 -7 -8 -6 -5 -1 12 -12 -13
right_child=1 -3 5 9 8 6 7 -9 -10 -11 11 13 -14 -15
leaf_value=-0.0095888738944514221 -0.088702159686795859 -0.00077120237149732088 0.09961208902218531 0.081860675341642986 -0.0016873559787890314 -0.072806197824605789 0.10495762652201253 -0.074461762406366469 0.17519830577890497 0.21996104491513357 -0.029777114867475127 -0.053402563244481567 0.1203788244877831 0.056632345309313853
leaf_weight=111.20259342575446 1.5577568379230813 319.80629473330919 2.3525489857420316 2.5284099354175851 1.5070598843740302 4.75034221424721 4.1543900440447032 2.6706854216754436 1.3329030798049641 1.8117657192051408 2.4773409726331037 6.9037367872660962 5.1475162315182388 4.3561706468462944
leaf_count=1540 34 6426 16 34 25 60 38 30 20 15 37 124 45 56
internal_value=-0.000137716 0.00168575 0.0363523 0.0799161 0.0211025 0.00902206 -0.00938915 0.0347499 0.0813318 0.139509 -0.00493823 0.022447 0.0715927 -0.0108329
internal_weight=472.56 342.472 22.6659 8.7379 4.39772 13.928 11.5754 6.82508 2.83996 4.34018 130.087 18.8848 7.62486 11.2599
internal_count=8500 6698 272 128 79 144 128 68 45 49 1802 262 82 180
is_linear=0
shrinkage=0.08


Tree=189
num_leaves=15
num_cat=0
split_feature=6 11 2 7 10 11 18 18 8 10 2 16 17 11
split_gain=0.633963 2.02205 2.11082 1.9566 1.71494 2.42563 1.97913 1.74362 1.70542 1.40074 1.37747 0.989235 0.790808 2.76005
threshold=1.0000000180025095e-35 5850.3353721491394 0.60264845304549641 0.12025832364395064 4.197522793794783 7821.1477272286638 33.852840114629025 34.588786816779717 12.500000000000002 1.7245329973054078 0.79741254747591961 20.684880980312368 1.0000000180025095e-35 8262.9929193603311
decision_type=2 2 2 2 2 2 2 2 2 2 2 2 2 2
left_child=1 2 8 -3 5 10 -6 -8 -1 -4 11 -5 -2 -14
right_child=12 3 9 4 6 -7 7 -9 -10 -11 -12 -13 13 -15
leaf_value=-0.041603542529399004 0.0020472520077952907 0.12734314031985905 0.014983817077868958 0.083594953856371321 -0.086243063189028593 -0.083957918170421475 0.1554590778780606 -0.035806300926684548 0.11274049488901813 -0.075186697631983282 0.10994064705672747 -0.084027070407980728 -0.002741650206091969 -0.061532661295737534
leaf_weight=0.90426580826169967 368.53028464355157 0.87344928295351376 1.3415160386357454 0.40847741765901524 2.1839657326345336 0.81090929053607386 0.50103417527861871 0.77980337415647227 0.92875897989142686 6.1904481242963811 1.9858391047455368 0.50255327607737854 80.493551980151096 5.457122122636064
leaf_count=27 6224 9 32 8 104 43 3 47 18 301 36 32 1497 119
internal_value=-0.000138267 -0.0151195 -0.0403898 0.0142934 0.00052663 0.0383412 -0.0399398 0.0390123 0.0365997 -0.0591265 0.0725759 -0.00887064 0.000435657 -0.00647437
internal_weight=471.892 17.411 9.36499 8.04603 7.17258 3.70778 3.4648 1.28084 1.83302 7.53196 2.89687 0.911031 454.481 85.9507
internal_count=8500 660 378 282 273 119 154 50 45 333 76 40 7840 1616
is_linear=0
shrinkage=0.08


Tree=190
num_leaves=15
num_cat=0
split_feature=13 8 0 16 4 4 1 1 2 3 18 16 5 0
split_gain=0.625508 1.61064 3.4314 2.2101 2.51007 2.41586 2.0968 2.93108 1.98539 1.93595 2.81565 1.92287 2.85072 1.76756
threshold=1.5000000000000002 15.500000000000002 0.47864447017867373 75.404396449479435 61.815385141726999 212.87088707120168 0.64274172610445612 0.62151576131106978 0.93138110959225207 0.015007223956028581 40.679569569211502 54.451304598211578 3.2758617228635241 0.86272365434464404
decision_type=2 2 2 2 2 2 2 2 2 2 2 2 2 2
left_child=-1 2 -2 4 -4 6 7 -6 9 -3 11 -11 -13 -5
right_child=1 8 3 13 5 -7 -8 -9 -10 10 -12 12 -14 -15
leaf_value=0.00091768972772709404 0.31336224070101565 0.091908622442499102 0.0063236011664705985 -0.082209879004772529 -0.082408798582934997 0.057094902059292754 -0.058453951319240839 0.20237405988426399 -0.085941821542177957 0.027565355860974888 -0.078190567285799553 0.2087813750506943 -0.083147906253478981 0.084540911653020856
leaf_weight=417.14533523027785 0.1964417690178405 1.8593103280291021 9.1432108739391023 0.5121432936721243 0.44661423261277988 1.3937703075353045 17.313772336463444 0.47978249914012849 1.3553963855374593 15.152977559715515 2.2273815937078316 0.2397672980150668 1.9983725800411773 1.9785570691747123
leaf_count=7237 6 18 139 74 39 30 429 9 49 206 57 4 144 59
internal_value=-0.000133638 -0.00821055 -0.019948 -0.022042 -0.0282993 -0.0444226 -0.0521798 0.0650807 0.0079637 0.0138898 0.00649568 0.0173419 -0.0518741 0.0502532
internal_weight=471.443 54.2975 31.4643 31.2679 28.7772 19.6339 18.2402 0.926397 22.8332 21.4778 19.6185 17.3911 2.23814 2.4907
internal_count=8500 1263 785 779 646 507 477 48 478 429 411 354 148 133
is_linear=0
shrinkage=0.08


Tree=191
num_leaves=15
num_cat=0
split_feature=5 5 10 1 0 0 7 11 11 4 7 16 18 16
split_gain=0.626723 2.33269 4.30492 2.12357 2.85603 4.44307 2.68852 2.41443 2.3693 2.4303 2.28097 2.96922 6.79193 2.20967
threshold=3.5583946955754775 3.5719838122061724 3.7477842919327915 0.71810470112707747 0.94758900779258659 0.91227899450703498 0.26128153928515602 6727.3374527352071 901.47133020966896 199.25586770479762 0.76326295665491506 54.451304598211578 9.0392329641608029 36.80966195077297
decision_type=2 2 2 2 2 2 2 2 2 2 2 2 2 2
left_child=3 2 -2 6 5 8 -1 -6 -5 10 13 -12 -13 -10
right_child=1 -3 -4 4 7 -7 -8 -9 9 -11 11 12 -14 -15
leaf_value=0.0084714487502807433 0.15710961497214543 0.00047329564586403189 -0.0057097705757579598 -0.087552090251061671 0.0113928166488761 -0.063466793456637693 -0.075528264743526891 0.097505977309063546 0.031467050194519237 -0.084712557756738985 -0.074180239881033283 0.3657260320606403 -0.081270036270847335 -0.0088200022240747574
leaf_weight=4.1367794921388832 1.7340823082486156 393.79092392463645 2.5938336866674945 1.852844146080314 6.6072951253736374 8.0587223439943028 5.9403736100503011 3.0437182141467929 22.196841931145173 1.8563403567677585 3.8446728545823126 0.34645193081814785 0.58473754592705518 14.34368800933589
leaf_count=70 26 6732 42 57 78 154 332 26 240 111 134 10 81 407
internal_value=-0.000132818 0.00111527 0.0595277 -0.00695703 -0.00148141 -0.00875952 -0.0410455 0.038551 0.00103204 0.0048338 0.00885711 -0.0431365 0.0850362 0.0156527
internal_weight=470.931 398.119 4.32792 72.8125 62.7353 53.0843 10.0772 9.65101 45.0256 43.1727 41.3164 4.77586 0.931189 36.5405
internal_count=8500 6800 68 1700 1298 1194 402 104 1040 983 872 225 91 647
is_linear=0
shrinkage=0.08


Tree=192
num_leaves=15
num_cat=0
split_feature=18 0 8 1 16 2 3 7 4 13 11 11 0 8
split_gain=0.655313 1.78699 3.33482 2.84617 2.61846 1.85073 3.01576 2.66109 3.93045 2.22634 4.04591 4.53225 4.15429 3.51461
threshold=11.150801413982771 0.78175522806060027 19.500000000000004 0.87955470997851026 3.9270389428193502 0.91626515435394962 0.083373157419631916 0.24652885874479935 54.028023982236512 1.0000000180025095e-35 3312.5471113599351 7037.2508911991745 0.91821320891128555 5.5000000000000009
decision_type=2 2 2 2 2 2 2 2 2 2 2 2 2 2
left_child=1 2 4 -4 -1 9 7 -7 -9 13 12 -12 -11 -3
right_child=-2 5 3 -5 -6 6 -8 8 -10 10 11 -13 -14 -15
leaf_value=0.065108500706094447 0.0013438518959962632 0.058254600578987889 0.073286646193432323 -0.085496665699329885 -0.08411261412139151 0.058255729251444635 -0.092814670612327788 0.069546935907064747 -0.072663024772462739 -0.016240948137814647 -0.072084661597204336 0.012474022215156954 0.083647972575984192 0.0022670789958266695
leaf_weight=0.85011000558733751 377.61164131847909 9.2928853987250459 2.5079812796902847 1.0148412077687679 6.5614191832719371 2.8511320129036886 3.5432648989954023 1.6959419425111262 4.6658360082656145 6.7452450477867405 10.304736315825723 6.6907359224860548 4.4047163771465421 31.499395848382846
leaf_count=11 6732 123 83 34 430 19 81 17 65 116 187 104 45 453
internal_value=-0.000135269 -0.0061651 -0.0365374 0.027545 -0.0669968 -0.00209991 -0.030092 -0.00596895 -0.0347523 0.00307971 -0.0142281 -0.0387958 0.0232195 0.0150216
internal_weight=470.24 92.6282 10.9344 3.52282 7.41153 81.6939 12.7562 9.21291 6.36178 68.9377 28.1454 16.9955 11.15 40.7923
internal_count=8500 1768 558 117 441 1210 182 101 82 1028 452 291 161 576
is_linear=0
shrinkage=0.08


Tree=193
num_leaves=15
num_cat=0
split_feature=2 18 2 18 1 0 8 18 0 18 16 10 5 10
split_gain=0.629863 2.54211 0.854085 2.22555 1.44257 0.807917 2.19821 2.57365 1.56383 2.30031 4.20844 1.88441 1.77315 0.969449
threshold=0.98465435295515846 27.725383720574833 0.97326125912018047 24.417991779036424 0.86570427685427886 0.64286487212569032 3.5000000000000004 26.282384574132951 0.47864447017867373 5.903495542518967 16.623841182041328 2.8720800058687947 3.2220805090196696 3.8265940426144009
decision_type=2 2 2 2 2 2 2 2 2 2 2 2 2 2
left_child=2 -2 5 -4 -5 6 7 -1 11 10 -10 -8 -11 -7
right_child=1 -3 3 4 -6 13 8 -9 9 12 -12 -13 -14 -15
leaf_value=0.11733624474626796 0.076467740165705594 -0.056978593774828064 -0.097374555814709537 -0.047385070343415887 0.062750574898050818 -0.0041358515590564507 0.14461642955535695 -0.082564277996642593 0.47414062053310707 0.13448569111694073 -0.080949214850046525 -0.081870306353548361 -0.082972262277327777 0.0034352303673018227
leaf_weight=1.2720692165312337 2.6919646756723514 1.3829650123370809 2.0523006021394385 1.4515879880636933 1.6001756368204949 180.0024784731213 0.55964287021197368 0.60978464398067433 0.14228129666298617 0.25132627505809058 0.22667299985187128 0.40543649069149978 5.3159303200955037 271.50100445348653
leaf_count=36 36 30 43 35 21 3064 17 45 4 2 40 42 448 4637
internal_value=-0.000137323 0.0311782 -0.00041152 -0.0329568 0.010364 -5.06292e-05 -0.0240812 0.0525617 -0.0449803 -0.0603352 0.133112 0.0494678 -0.0731554 0.000416841
internal_weight=469.466 4.07493 465.391 5.10406 3.05176 460.287 8.78314 1.88185 6.90129 5.93621 0.368954 0.965079 5.56726 451.503
internal_count=8500 66 8434 99 56 8335 634 81 553 494 44 59 450 7701
is_linear=0
shrinkage=0.08


Tree=194
num_leaves=15
num_cat=0
split_feature=6 11 11 16 12 16 11 16 16 5 2 10 2 7
split_gain=0.62088 1.85308 2.2993 2.90501 2.16051 1.85445 1.87632 1.978 2.01508 1.94663 4.25126 3.32708 3.29186 3.10452
threshold=1.5000000000000002 8262.9929193603311 8174.948751484445 63.615892761689075 1.0000000180025095e-35 62.954205614356667 962.80907141731711 60.675470935786926 58.769895598961959 4.5193654501309117 0.78392776077433024 7.4475050716299931 0.79343193423485792 0.45377284874316093
decision_type=2 2 2 2 2 2 2 2 2 2 2 2 2 2
left_child=1 2 3 4 5 6 -1 8 9 10 11 -8 -12 -11
right_child=-2 -3 -4 -5 -6 -7 7 -9 -10 13 12 -13 -14 -15
leaf_value=-0.04444674952070736 0.0013725120043009389 -0.054963523165707046 0.10397377131746253 -0.056488121132907312 -0.071912113745756637 0.087791381013200331 -0.044813216292325653 -0.08537777757919153 0.098666084306992627 0.049803215810574508 0.11556536974819313 0.041533549107680062 0.0074523507703833005 -0.0082957212570542345
leaf_weight=5.7365780213731332 369.79061612731311 4.6671407475660081 1.2611124548129726 6.4703396959666852 2.6597811449755673 1.5578826661221672 19.020383298571691 1.587953999172895 1.4371469795005385 12.291997977299618 1.9368745333049471 3.3605439381208262 25.972622759989463 11.295111433952114
leaf_count=104 5956 214 20 677 140 19 380 61 39 132 35 48 472 203
internal_value=-0.000135433 -0.0057535 -0.0033254 -0.00477531 -0.000923001 0.00131954 -0.000310593 0.00298176 0.00484475 0.00301964 -0.00587381 -0.0318481 0.0149552 0.0219815
internal_weight=469.046 99.2555 94.5883 93.3272 86.8569 84.1971 82.6392 76.9026 75.3147 73.8775 50.2904 22.3809 27.9095 23.5871
internal_count=8500 2544 2330 2310 1633 1493 1474 1370 1309 1270 935 428 507 335
is_linear=0
shrinkage=0.08


Tree=195
num_leaves=15
num_cat=0
split_feature=11 15 2 11 7 11 5 0 7 16 11 18 18 11
split_gain=0.630555 1.5624 2.65792 1.14149 2.77969 3.06963 2.45008 3.0487 2.96153 3.22483 1.57458 4.23055 4.7488 2.75545
threshold=513.51159769584501 1.0000000180025095e-35 0.90358656627679601 867.80914557997528 0.10776883061188601 750.90787676835123 3.8578605430616775 0.94398452020565504 0.29790170838817337 17.320614180894861 1220.5884121675133 36.610520059560329 14.59233693876944 1155.3159015563842
decision_type=2 2 2 2 2 2 2 2 2 2 2 2 2 2
left_child=1 -1 -3 4 -2 6 -6 8 -8 -10 11 12 -5 -14
right_child=3 2 -4 10 5 -7 7 -9 9 -11 -12 -13 13 -15
leaf_value=0.056763500735623439 0.16335582448091765 -0.089971500582359476 0.063835663650151808 0.050921037095511233 -0.070362080795639617 -0.085841689698831658 0.10132509405970487 -0.10372614337861488 0.057245581835761075 -0.065916660024458965 -0.00075853589636488571 0.080229922080297209 -0.070124136256724021 0.03289967748186267
leaf_weight=3.9425952981691799 0.50825892388820904 1.593475243309513 1.3103882253635672 6.37963903625496 2.9162730470998239 4.1739730183908241 2.6261208141222578 1.2286955574527372 2.8240229126531631 2.6256140465266071 424.42559329685173 5.7378566640545605 5.8957442680839431 2.313441795296967
leaf_count=46 3 41 15 103 79 101 29 16 22 90 7718 89 119 29
internal_value=-0.00013493 0.0239653 -0.020565 -0.000492343 -0.0208977 -0.0266099 -0.00637931 0.0136747 0.0315367 -0.00209351 0.000283171 0.0220342 -0.000854397 -0.0410909
internal_weight=468.502 6.84646 2.90386 461.655 16.903 16.3947 12.2207 9.30445 8.07576 5.44964 444.752 20.3267 14.5888 8.20919
internal_count=8500 102 56 8398 340 337 236 157 141 112 8058 340 251 148
is_linear=0
shrinkage=0.08


Tree=196
num_leaves=15
num_cat=0
split_feature=10 9 2 1 4 4 7 7 15 2 18 1 16 8
split_gain=0.612613 3.8253 2.73673 2.71237 4.08207 3.92982 2.70754 2.61972 3.31055 3.81911 2.94029 2.45197 2.37848 2.14931
threshold=1.643920445488759 1.0000000180025095e-35 0.75296003382202525 0.78715363478875788 182.45262988367472 75.212504121997753 0.12759779077346642 0.43854032421022499 1.5000000000000002 0.6074063343715187 36.973600219286347 0.89505693775024231 28.383341030165237 4.5000000000000009
decision_type=2 2 2 2 2 2 2 2 2 2 2 2 2 2
left_child=1 7 -3 6 5 11 -4 -1 9 -9 -11 -5 -7 -8
right_child=-2 2 3 4 -6 12 13 8 -10 10 -12 -13 -14 -15
leaf_value=0.0064965139176927714 -0.0011006792857719263 -0.03452819203218481 0.13221256494755346 0.10974478804203124 0.12997201417902268 0.017590986344105948 0.042262172533659041 0.20050313920427026 0.16312159126770406 -0.052553362819064864 0.088533914390651947 0.0026045911541723262 -0.071580918396945595 -0.076249745031347446
leaf_weight=5.6800442498642933 420.88690254060202 12.795113850195774 0.57817646581679838 3.2139266692101938 2.236264949431642 4.1090087341144681 1.2635550915729252 0.80815130565315474 2.1165980449877679 2.1608135696733375 1.6806252293754367 2.37898387061432 3.5842332944157533 4.3548577194160316
leaf_count=69 7718 230 4 24 43 36 24 11 25 58 28 27 86 117
internal_value=-0.000133707 0.00853288 -0.00517839 0.0121122 0.0299746 0.0131435 -0.0326331 0.046555 0.0801831 0.0424277 0.00917217 0.064172 -0.0239536 -0.049597
internal_weight=467.847 46.9604 34.5141 21.719 15.5224 13.2862 6.19659 12.4462 6.76619 4.64959 3.84144 5.59291 7.69324 5.61841
internal_count=8500 782 591 361 216 173 145 191 122 97 86 51 122 141
is_linear=0
shrinkage=0.08


Tree=197
num_leaves=15
num_cat=0
split_feature=5 5 0 2 18 4 11 0 16 7 5 10 0 18
split_gain=0.612273 2.87935 4.62265 5.31048 3.61529 3.18439 2.06138 3.54675 3.89662 2.65633 2.62645 5.59892 5.71475 3.5598
threshold=4.0117226754631643 4.0530193984822249 0.9331139749037195 0.64587954310883677 38.009113566941792 124.05877368603775 8142.3978876265392 0.76531697964822076 17.903664969433969 0.74356055755781825 4.1249560770100286 6.805673389949928 0.86965174751886742 32.818050640433491
decision_type=2 2 2 2 2 2 2 2 2 2 2 2 2 2
left_child=-1 2 3 -2 5 -5 10 8 -8 -10 11 -3 13 -13
right_child=1 6 -4 4 -6 -7 7 -9 9 -11 -12 12 -14 -15
leaf_value=-0.0036985925868834296 0.17929237877028245 -0.048911631988390269 -0.054095259790818868 0.016795182511710804 -0.062893320984939854 0.12557409183828097 0.13085701616278766 -0.037694019903941729 -0.085629325381744628 0.086815723502408612 0.0049729634451269348 0.031450430288520861 -0.050337495502131471 0.22065726107917846
leaf_weight=185.6953388043039 1.9935346096754063 15.09888771758415 2.7937110038474193 4.2205189114320074 1.9042359174927694 2.9097708716290072 1.8427532757050382 18.620782418583985 1.5707887175958606 0.89881280361441884 225.28847521985881 1.203904576133936 1.9524394690524784 1.3500700290314851
leaf_count=3774 20 265 31 62 39 52 25 308 74 33 3747 29 27 14
internal_value=-0.000132459 0.00221875 0.0378252 0.0611112 0.0350337 0.0611863 0.000381201 -0.0225538 0.0428218 -0.0228679 0.00252895 -0.0255556 0.0526994 0.131468
internal_weight=467.344 281.649 13.8218 11.0281 9.03453 7.13029 267.827 22.9331 4.31235 2.4696 244.894 19.6053 4.50641 2.55397
internal_count=8500 4726 204 173 153 114 4522 440 132 107 4082 335 70 43
is_linear=0
shrinkage=0.08


Tree=198
num_leaves=15
num_cat=0
split_feature=11 11 11 16 1 3 3 2 1 5 7 8 4 10
split_gain=0.628666 1.47676 1.00704 0.759724 2.94759 2.87808 3.74042 3.60727 4.41672 3.50663 2.98707 3.72361 2.64665 2.59049
threshold=8960.659420390728 8891.521590850316 8845.1411704633774 11.291801242075012 0.88077450504708243 0.062962770721296205 0.043056694363864535 0.68353732515934285 0.79970545926753023 4.0046169035920487 0.59039583273102514 2.5000000000000004 200.05238081832132 5.5326563457677613
decision_type=2 2 2 2 2 2 2 2 2 2 2 2 2 2
left_child=1 2 3 4 5 6 -1 -8 9 -9 -7 -12 -6 -13
right_child=-2 -3 -4 -5 12 10 7 8 -10 -11 11 13 -14 -15
leaf_value=0.010143556707870947 0.036102504220681994 -0.062522384010130688 0.053925671474194629 -0.0020344123802764321 -0.020585647134810019 -0.020399940571595526 0.13055805531420192 0.053775359336054748 0.093709595901887974 -0.079714172181622425 -0.086790039714512157 0.0097886517739475178 0.064086723632643103 0.083651623068531272
leaf_weight=20.542628948111087 3.0442506228573611 2.4339218472014172 2.2022049230290568 357.82206245718407 30.155477399472147 20.610176553251222 3.7865401385352007 2.4943798985332233 4.7827954795211554 2.5438475096598268 1.6115415450185526 6.8560033024987188 2.5634583542123428 5.4580769566819072
leaf_count=158 32 67 33 7395 257 229 25 19 32 26 32 110 26 59
internal_value=-0.000133419 -0.000371229 -4.33973e-05 -0.000302204 0.00581015 0.0152238 0.031692 0.0642226 0.0386466 -0.0136247 -0.00106047 0.0275623 -0.0139517 0.0425276
internal_weight=466.907 463.863 461.429 459.227 101.405 68.686 34.1502 13.6076 9.82102 5.03823 34.5358 13.9256 32.7189 12.3141
internal_count=8500 8468 8401 8368 973 690 260 102 77 45 430 201 283 169
is_linear=0
shrinkage=0.08


Tree=199
num_leaves=15
num_cat=0
split_feature=4 4 1 16 16 5 1 11 18 11 11 8 3 18
split_gain=0.625066 2.78183 3.02245 2.65746 2.80668 2.69106 2.60337 3.59793 2.58237 4.2522 3.30266 3.09232 3.18674 3.84882
threshold=169.84965610863688 177.40986991354808 0.96445561325415097 74.235506077248189 72.020036107082959 4.0208605885512609 0.71084144983260178 7037.2508911991745 11.28452993762377 8262.9929193603311 8262.9929193603311 7.5000000000000009 0.024988476808666962 29.225484002799572
decision_type=2 2 2 2 2 2 2 2 2 2 2 2 2 2
left_child=-1 2 6 4 8 -6 7 -2 10 11 -3 -10 13 -13
right_child=1 3 -4 -5 5 -7 -8 -9 9 -11 -12 12 -14 -15
leaf_value=0.0011828850009995564 -0.083807621698332377 -0.047292595752556066 0.091461348406919205 -0.081779740966467673 0.29031066268423816 0.024573567721026951 -0.077394608798215123 0.14079384251011795 0.042336429187600437 -0.089825144141128965 0.10525272579464835 -0.023188960671685285 -0.012178405696948969 0.10484017177000744
leaf_weight=388.39118050670368 0.9128607113962024 10.440349451659127 0.954443863709458 2.4862421815487314 0.41797018120996543 0.58560063812183216 7.9768502181395888 0.91300106135895476 15.912422580644487 2.6992325534811235 0.99489392730174664 2.5788815196137866 27.407041678496171 3.601307722274214
leaf_count=6454 66 262 11 342 20 20 205 15 299 84 18 40 630 34
internal_value=-0.000128754 -0.00666987 -0.0444383 -0.000617163 0.0025047 0.135249 -0.0576703 0.0285017 0.0004112 0.00795424 -0.0340208 0.0132862 -0.000476786 0.0514159
internal_weight=466.272 77.8811 10.7572 67.1239 64.6377 1.00357 9.80271 1.82586 63.6341 52.1989 11.4352 49.4997 33.5872 6.18019
internal_count=8500 2046 297 1749 1407 40 286 81 1367 1087 280 1003 704 74
is_linear=0
shrinkage=0.08


Tree=200
num_leaves=15
num_cat=0
split_feature=16 7 2 16 4 7 1 16 10 3 3 2 8 6
split_gain=0.635038 1.15196 1.05913 0.74468 2.56849 1.38358 1.03116 1.84001 0.892255 0.843355 1.25727 2.82956 3.45255 1.8064
threshold=1.806269467508246 0.45666075219858393 0.80924760611874802 2.4951133808359849 130.5564317542983 0.5544743515947036 0.52178093476712128 74.495716538518238 1.2405381696297364 0.31927028517833789 0.20636860501229551 0.90463795885580089 16.500000000000004 1.0000000180025095e-35
decision_type=2 2 2 2 2 2 2 2 2 2 2 2 2 2
left_child=1 -1 -3 4 5 -2 7 8 -5 10 -8 13 -13 -12
right_child=3 2 -4 6 -6 -7 9 -9 -10 -11 11 12 -14 -15
leaf_value=-0.078259767871135422 0.01597187556235926 0.03045667158150198 -0.049698621897200708 0.066311111782927729 -0.049161257506020732 0.098018553365188388 0.00040803162744622453 0.11889454321486879 -0.08422005293997599 0.058668517459338494 0.093138778457662122 -0.084682542280520717 0.16402487156765655 -0.083458838471410876
leaf_weight=1.858991459943353 2.7457913421094409 2.5281735733151436 1.8106142552569506 0.28070519398897875 2.1105087213218212 2.5251087993383408 441.38668697998219 0.38045695702021465 2.4651445507770404 1.5689717601053406 0.40719859924865875 0.61360603483626597 0.85496413602959365 4.1359137950348659
leaf_count=20 18 23 25 5 27 23 7760 36 156 30 23 41 29 284
internal_value=-0.000131977 -0.0255688 -0.00299284 0.000211135 0.0254162 0.0552776 -0.000200393 -0.045986 -0.0688314 0.000118427 -8.69006e-05 -0.0364256 0.0601086 -0.0676304
internal_weight=465.673 6.19778 4.33879 459.475 7.38141 5.2709 452.094 3.12631 2.74585 448.967 447.398 6.01168 1.46857 4.54311
internal_count=8500 68 48 8432 68 41 8364 197 161 8167 8137 377 70 307
is_linear=0
shrinkage=0.08


Tree=201
num_leaves=15
num_cat=0
split_feature=3 11 10 11 1 7 1 16 7 5 1 2 11 7
split_gain=0.603072 2.6169 3.39561 2.87567 3.52965 3.59807 4.38853 4.29463 4.2519 3.72146 3.45411 3.15022 3.57605 3.22459
threshold=0.037451916579052821 7759.6000998474128 3.725991242316351 1418.8643479302325 0.65907501659208634 0.63546606881563561 0.87400201327220306 69.53827327449018 0.67576325552610761 3.2307129800960541 0.97361368902328993 0.78392776077433024 5064.4191481801117 0.72148055848846282
decision_type=2 2 2 2 2 2 2 2 2 2 2 2 2 2
left_child=1 3 -3 -1 -5 6 7 -6 -7 -10 11 -11 -13 -14
right_child=-2 2 -4 4 5 8 -8 -9 9 10 -12 12 13 -15
leaf_value=0.022938385967714123 0.0014783427523854394 -0.03036609665270168 0.048411028965585141 -0.087156911590619168 -0.016116624755642732 0.10389467742246877 -0.051859485008537931 0.069262143590434436 0.1673631637564118 -0.055866047421947757 0.12579652498051108 -0.040274736179181807 0.15478110855468963 0.014472353726302484
leaf_weight=14.052751911629455 354.84951744417776 5.0591657503973719 11.37631184607744 4.2598544666543594 29.82711054070387 3.0179695272818234 20.913612325675786 4.3161849872849407 0.82189031341113405 7.1799853522097719 1.1670717494562257 3.892510872014098 1.619419931899756 2.9724615512532182
leaf_count=180 6936 82 148 139 320 39 219 101 7 142 10 104 18 55
internal_value=-0.00012863 -0.00529022 0.0241619 -0.0104376 -0.0163012 -0.0123155 -0.0230004 -0.00532357 0.0161434 0.00114169 -0.00697501 -0.0168671 0.016136 0.0639551
internal_weight=465.326 110.476 16.4355 94.0408 79.9881 75.7282 55.0569 34.1433 20.6713 17.6533 16.8314 15.6644 8.48439 4.59188
internal_count=8500 1564 230 1334 1154 1015 640 421 375 336 329 319 177 73
is_linear=0
shrinkage=0.08


Tree=202
num_leaves=15
num_cat=0
split_feature=0 3 11 10 11 0 0 10 7 11 18 18 2 10
split_gain=0.611229 2.35531 2.27658 2.70932 2.39362 3.62061 2.40958 2.34596 2.20449 2.25676 3.52799 2.9799 2.93304 2.72459
threshold=0.83734467145539948 0.2003894004885842 1119.448351245788 5.5326563457677613 1220.5884121675133 0.90621460206006421 0.84044891898642116 4.3050638845120783 0.8232710347324016 1220.5884121675133 39.837600176553664 28.643894205138999 0.76342698662972464 7.8729019222284231
decision_type=2 2 2 2 2 2 2 2 2 2 2 2 2 2
left_child=1 8 3 -2 5 -4 7 -6 9 10 11 -1 -12 -11
right_child=2 -3 4 -5 6 -7 -8 -9 -10 13 12 -13 -14 -15
leaf_value=0.035051747399603699 -0.05003682353351907 -0.082215525887746055 -0.027568926425359932 0.0077404671893793707 -0.012106564834425002 0.10426202345920853 0.0016487716052054646 0.086138205316991304 -0.03239813429585587 -0.0017096849924619609 0.18928294000639981 -0.055297231402930469 0.030242552315213046 -0.089964532552388565
leaf_weight=8.4473228849819844 11.295179244945759 2.4323225957195964 2.1240863542188881 9.6166590687935223 2.4527472442714489 3.581279301084578 268.77278836017649 4.2524690805585124 14.722541614806685 128.66543887826265 1.4469065333250903 3.2295549715636289 1.52361349388957 2.2783852794673285
leaf_count=174 195 244 29 134 42 28 3778 51 717 2934 20 69 31 54
internal_value=-0.000130372 -0.00408273 0.00199886 -0.023467 0.00389277 0.0551819 0.00283054 0.0502006 -0.00289728 8.59216e-05 0.0298661 0.0100633 0.107709 -0.00324529
internal_weight=464.841 162.746 302.095 20.9118 281.183 5.70537 275.478 6.70522 160.314 145.591 14.6474 11.6769 2.97052 130.944
internal_count=8500 4243 4257 329 3928 57 3871 93 3999 3282 294 243 51 2988
is_linear=0
shrinkage=0.08


Tree=203
num_leaves=15
num_cat=0
split_feature=8 5 5 0 7 10 18 18 16 7 16 3 16 3
split_gain=0.636253 5.02364 4.68332 4.27385 5.73886 2.65128 2.81031 2.63818 2.38959 2.24156 2.63427 2.14232 3.64233 3.22604
threshold=23.500000000000004 4.7509219136354792 4.9314633489467701 0.86010050950810568 0.60802800545847657 6.1693099632522328 9.2364377320072801 3.4006889999756642 69.53827327449018 0.27672610239594453 4.9716831770316023 0.039504720036853187 59.837299290461296 0.028497446439797212
decision_type=2 2 2 2 2 2 2 2 2 2 2 2 2 2
left_child=-1 5 3 4 -3 6 7 -2 11 -7 -11 13 -13 -8
right_child=1 2 -4 -5 -6 9 8 -9 -10 10 -12 12 -14 -15
leaf_value=-0.00099823285626718101 0.066221384309559192 0.06199108636972795 -0.052713631764103645 0.036128386116434673 0.29572117557200694 0.025236018237428652 0.04095876576142584 -0.091492870385933484 -0.083745335628490333 0.055371052852124229 -0.094580681014430179 0.034178343336340455 0.18348678563871809 -0.092019101764423836
leaf_weight=427.29209900103888 0.89342706324533283 1.3615266871638589 1.5337921709287909 2.7938937228173018 1.3281691616866735 2.1388790686614803 2.782179336762062 2.8256757066119462 1.2579396367800644 0.89015869144350279 4.7546742598351557 11.125572718738111 1.1541337986709539 2.0119405125733465
leaf_count=7756 19 28 39 27 13 29 36 72 87 9 125 193 34 33
internal_value=-0.000128379 0.00995743 0.0708608 0.105425 0.177407 -0.00436764 0.00980133 -0.0536057 0.0226652 -0.0445076 -0.0709341 0.0305051 0.0482114 -0.0148478
internal_weight=464.144 36.852 7.01738 5.48359 2.6897 29.8346 22.0509 3.7191 18.3318 7.78371 5.64483 17.0738 12.2797 4.79412
internal_count=8500 744 107 68 41 637 474 91 383 163 134 296 227 69
is_linear=0
shrinkage=0.08


Tree=204
num_leaves=15
num_cat=0
split_feature=18 5 7 2 10 3 0 8 10 7 4 11 3 1
split_gain=0.62573 1.55116 2.08244 3.19263 2.89768 2.45763 4.88532 3.33787 2.07076 1.98239 1.75848 2.08522 1.43807 1.37954
threshold=44.528634650681916 4.4283173587675391 0.34530174641281458 0.62747647044037824 6.1180765073927752 0.11149178548834059 0.92317570183062381 3.5000000000000004 2.7147811702882194 0.51366684197332202 76.782900379742173 1455.6036762175215 0.065582079179813194 0.88077450504708243
decision_type=2 2 2 2 2 2 2 2 2 2 2 2 2 2
left_child=-1 2 3 -2 8 12 7 -7 -5 -3 -11 -12 13 -4
right_child=1 9 5 4 -6 6 -8 -9 -10 10 11 -13 -14 -15
leaf_value=0.00064877154850088992 0.14593660642365955 -0.071030632673090524 0.0040823240441931084 -0.041537649918238689 -0.066556008716341056 0.14914738580984094 0.22726527394193077 -0.085538386147369291 0.077535277856502882 0.048466804816229274 0.097102396104844738 -0.085279124680290072 -0.089991784729309007 -0.071834570752280044
leaf_weight=433.1994459054913 1.3327481228625453 5.2328303954564017 4.8908899921516404 1.2787695047445593 2.1427910858765244 0.5447157896123821 0.71700737974606443 1.3469330921361686 3.4742571879178286 2.4092344117816538 0.50517899449914727 1.9494009317713787 2.5221827332861722 2.2305886568501592
leaf_count=7840 13 99 92 25 37 16 13 74 44 34 6 79 84 44
internal_value=-0.000131932 -0.0111924 0.00145882 0.0325867 0.0106796 -0.0194464 0.0494428 -0.0179587 0.0454995 -0.0368551 -8.66029e-05 -0.047743 -0.0380813 -0.0196964
internal_weight=463.777 30.5775 20.4809 8.22857 6.89582 12.2523 2.60866 1.89165 4.75303 10.0966 4.86381 2.45458 9.64366 7.12148
internal_count=8500 660 442 119 106 323 103 90 69 218 119 85 220 136
is_linear=0
shrinkage=0.08


Tree=205
num_leaves=15
num_cat=0
split_feature=10 10 11 5 10 1 4 1 15 2 16 8 3 10
split_gain=0.585653 2.55163 5.9758 2.49958 2.45677 2.92745 1.94196 1.8647 3.36164 2.95998 1.93271 2.99679 3.23026 2.2597
threshold=5.5850478215546335 5.5051462084628673 7037.2508911991745 4.7320268908102969 5.7912223570896391 0.62493748515916936 54.578410328214424 0.62151576131106978 1.5000000000000002 0.76175994675473035 6.7975130491172635 19.500000000000004 0.035379799680793161 3.5101120616857435
decision_type=2 2 2 2 2 2 2 2 2 2 2 2 2 2
left_child=1 7 3 -3 5 -2 -7 8 -1 -10 11 12 -9 -14
right_child=4 2 -4 -5 -6 6 -8 10 9 -11 -12 -13 13 -15
leaf_value=-0.065788487690762787 0.13498838416229084 -0.020236725834160217 0.20047429930840907 0.11312246390892479 -0.0012299970678083755 0.00075505341784264015 -0.070417601838645497 -0.054379793139326359 0.1070374152394017 -0.084141988402841691 0.0042489261034553824 -0.065106534238950686 0.029861976054323672 -0.026042527021703923
leaf_weight=6.382056445363558 0.58858278370462258 3.7885993150412096 1.3638862182851879 1.1795505769550798 142.99287925453973 3.5826494881184754 7.7850966600090032 6.3455446632578996 1.6142817420768554 0.76342290980392125 259.8000397458236 6.4642048400128251 13.633053794270383 7.0051139174029222
leaf_count=341 19 71 20 8 2738 45 201 47 41 53 4651 72 118 75
internal_value=-0.000130452 0.00188589 0.0521458 0.0114257 -0.00414285 -0.0389794 -0.0479869 0.000832117 -0.035539 0.0456544 0.00191858 -0.0161819 -0.00446159 0.0108866
internal_weight=463.289 308.34 6.33204 4.96815 154.949 11.9563 11.3677 302.008 8.75976 2.3777 293.248 33.4479 26.9837 20.6382
internal_count=8500 5497 99 79 3003 265 246 5398 435 94 4963 312 240 193
is_linear=0
shrinkage=0.08


Tree=206
num_leaves=15
num_cat=0
split_feature=2 0 8 18 9 18 13 3 5 7 0 1 10 0
split_gain=0.563386 0.818806 1.71299 2.37342 1.50921 2.2795 1.92756 2.44407 1.41693 1.01859 0.754111 8.18525 3.8313 1.06382
threshold=0.98935598713546213 0.64830374938522917 3.5000000000000004 26.282384574132951 1.5000000000000002 6.0548799479311732 1.5000000000000002 0.0064514506798254738 3.2220805090196696 0.10776883061188601 0.66718125410994655 0.89422337361432758 4.991091522110322 0.67727848401629209
decision_type=2 2 2 2 2 2 2 2 2 2 2 2 2 2
left_child=1 2 3 -1 8 -6 7 -7 -4 -10 11 -3 -13 -12
right_child=-2 10 4 -5 5 6 -8 -9 9 -11 13 12 -14 -15
leaf_value=0.10465247123540415 0.040277197285936359 -0.082874630880519773 0.12346519479983566 -0.082933339092901667 0.25003463703229184 0.19015615022332749 0.17774336043778707 -0.082662995581530091 0.065862253883573058 -0.083559001517461359 -0.057310897310649818 0.039355331900402739 0.25619038515424442 0.00012064409244523143
leaf_weight=1.3137892907252515 2.1978933401405802 1.9598658654431336 0.24360836157575239 0.64291809892165463 0.23328270894126069 0.24371260404586825 0.2889765178260858 1.5263695949688552 0.31157905003055919 4.6419279088731855 2.073797885561361 1.0727406274527314 1.0149202721659092 445.08959776158008
leaf_count=37 33 127 2 47 14 1 15 152 5 403 102 29 14 7519
internal_value=-0.000129768 -0.000322559 -0.0236332 0.0430171 -0.0410463 0.0130267 -0.0138253 -0.0451001 -0.0648968 -0.0741603 0.000165452 0.0345415 0.14477 -0.000145705
internal_weight=462.855 460.657 9.44616 1.95671 7.48946 2.29234 2.05906 1.77008 5.19712 4.95351 451.211 4.04753 2.08766 447.163
internal_count=8500 8467 676 84 592 182 168 153 410 408 7791 170 43 7621
is_linear=0
shrinkage=0.08


Tree=207
num_leaves=15
num_cat=0
split_feature=8 5 5 4 18 15 10 5 5 4 16 2 10 1
split_gain=0.564476 4.09285 3.75264 3.24305 2.40999 2.88324 3.27208 2.62645 4.38094 3.78884 3.25077 3.66713 2.46634 1.96843
threshold=23.500000000000004 4.7509219136354792 4.9314633489467701 120.43176596556269 39.837600176553664 1.0000000180025095e-35 4.0126056541740436 4.0474450087625629 3.9118220197455131 147.92290338559027 61.682168379800395 0.88414245077313824 1.8395934348169547 0.88215749547277011
decision_type=2 2 2 2 2 2 2 2 2 2 2 2 2 2
left_child=-1 4 3 -3 7 -6 -7 8 10 -10 13 -12 -9 -2
right_child=1 2 -4 -5 5 6 -8 12 9 -11 11 -13 -14 -15
leaf_value=-0.0009476483140360522 -0.010050545324791625 0.15142677586565279 -0.050056179141426481 0.030301070410664113 -0.027713013017819109 0.16579581458574424 0.002551688130655946 0.036797186937684162 0.018116783929138167 0.20794935003235859 -0.014506040852119644 0.22153798030849495 -0.063447281720975801 -0.092399947289422732
leaf_weight=425.86793725298776 6.6937641747063079 2.9480237388052037 1.4721586256055159 2.7199060281272978 2.0934960997838052 1.7664165038149806 1.4155870699905788 1.928814522572792 1.5856602797284716 1.1689468286931513 0.9807236683263898 0.7383680158527568 8.4617307067092025 2.5713267894461751
leaf_count=7756 135 29 39 39 53 21 34 33 31 18 57 23 188 44
internal_value=-0.000128856 0.00941275 0.0637436 0.0933014 -0.00377988 0.0452013 0.0931729 -0.0144889 0.00846454 0.0986743 -0.0141582 0.0868774 -0.0448387 -0.0329049
internal_weight=462.413 36.5449 7.14009 5.66793 29.4048 5.2755 3.182 24.1293 13.7388 2.75461 10.9842 1.71909 10.3905 9.26509
internal_count=8500 744 107 68 637 108 55 529 308 49 259 80 221 179
is_linear=0
shrinkage=0.08


Tree=208
num_leaves=15
num_cat=0
split_feature=18 11 2 1 5 10 11 0 3 2 11 8 7 7
split_gain=0.583876 1.43007 1.8635 2.0098 1.66524 1.81774 2.28731 2.46548 2.95637 2.91015 2.12908 1.22216 1.17018 2.18578
threshold=44.528634650681916 5633.1964221911157 0.69549461863215434 0.90581632735315176 4.7580897032675091 7.1742298163132743 5099.6971203625426 0.90820724621544624 0.043056694363864535 0.84511238840000391 2650.371291650998 4.5000000000000009 0.97073522788351208 0.96227875573298771
decision_type=2 2 2 2 2 2 2 2 2 2 2 2 2 2
left_child=12 4 3 -3 5 6 7 8 9 -2 -9 -4 13 -1
right_child=1 2 11 -5 -6 -7 -8 10 -10 -11 -12 -13 -14 -15
leaf_value=0.00045187136955646254 0.10584767155559681 -0.031483505838105427 -0.0083697139686228234 0.093306108355409062 -0.069314656282510795 -0.076563986601800665 0.084709249902454722 -0.020816851287608726 -0.068168181101306347 -0.054128776533222796 0.077681448269571393 -0.082932712389537713 -0.059356394560682375 0.072279619376726986
leaf_weight=427.40509788237978 1.6436394697521008 2.4523526690900312 2.0204980609705672 1.2454950923565773 1.9013232217985194 1.4420225094218029 2.6778347762301555 2.214749472332187 4.4706324620347004 1.3060092348605392 3.8388894584495574 4.6327015281276545 2.072071116170263 2.7287646284676148
leaf_count=7690 28 47 47 11 49 36 38 32 165 24 31 152 91 59
internal_value=-0.000128685 -0.0109507 -0.0349829 0.0105477 0.00180943 0.00949566 0.017179 0.00375794 -0.0271516 0.0350153 0.0416454 -0.0602888 0.00061863 0.000907546
internal_weight=462.052 29.8461 10.351 3.69785 19.4951 17.5938 16.1518 13.4739 7.42028 2.94965 6.05364 6.6532 432.206 430.134
internal_count=8500 660 257 58 403 354 318 280 217 52 63 199 7840 7749
is_linear=0
shrinkage=0.08


Tree=209
num_leaves=15
num_cat=0
split_feature=11 11 18 11 16 1 3 18 2 3 3 10 8 10
split_gain=0.547998 1.29036 0.740194 0.732902 0.757145 2.64277 2.5357 3.40185 2.88849 2.84042 2.68343 3.32108 3.41973 3.03888
threshold=8960.659420390728 8891.521590850316 9.0392329641608029 8845.1411704633774 11.291801242075012 0.88077450504708243 0.062962770721296205 10.796962017405955 0.83163996703461895 0.043626280131847099 0.076437406376066316 2.0706898762708112 15.500000000000002 3.0824118612208702
decision_type=2 2 2 2 2 2 2 2 2 2 2 2 2 2
left_child=1 3 -3 4 5 6 7 8 -1 -9 -8 12 -12 -13
right_child=-2 2 -4 -5 -6 -7 10 9 -10 -11 11 13 -14 -15
leaf_value=0.031365694209764192 0.033700798052599318 0.0067014009732275304 -0.090848801311450206 0.045543244498796577 -0.0020049040029485928 -0.01300527218991413 -0.042885712756480461 0.022092146512992954 -0.081987002079851656 0.074847819473535915 0.12487684321904344 -0.079263188611340546 -0.010070591256831289 0.0095311156689567404
leaf_weight=2.869472609832882 3.0448368585202834 0.72739273519255165 1.5772882852761538 2.2454437442938788 354.52014560380485 32.080202219542116 7.4660369649063787 17.206816468853507 2.8855897462926805 10.528142125345765 2.9677652153186527 2.8441192684695151 2.0197423975914717 18.590640333888587
leaf_count=25 32 13 54 33 7395 283 74 131 27 77 32 48 25 251
internal_value=-0.000125943 -0.000350568 -0.0600605 -4.89349e-05 -0.00027444 0.0058938 0.014892 0.0305036 -0.0254694 0.0421181 -0.000536043 0.0114305 0.0702285 -0.00225076
internal_weight=461.574 458.529 2.30468 456.224 453.979 99.4585 67.3783 33.49 5.75506 27.735 33.8883 26.4223 4.98751 21.4348
internal_count=8500 8468 67 8401 8368 973 690 260 52 208 430 356 57 299
is_linear=0
shrinkage=0.08


Tree=210
num_leaves=15
num_cat=0
split_feature=5 5 0 2 18 3 2 11 16 4 0 11 11 10
split_gain=0.543981 2.128 3.84604 3.69575 2.86407 2.43561 2.11414 3.15304 2.55111 1.92515 4.72528 3.35792 2.35986 2.11782
threshold=4.0117226754631643 4.0530193984822249 0.9331139749037195 0.64587954310883677 38.009113566941792 0.031399323529744921 0.90218176561791374 5286.8846097827754 26.637976936110977 196.26326754437284 0.93416466385243069 1191.8022560765646 4710.4045834469061 2.5343446310571429
decision_type=2 2 2 2 2 2 2 2 2 2 2 2 2 2
left_child=9 2 3 -2 5 -5 7 8 -7 13 11 -11 -12 -1
right_child=1 -3 -4 4 -6 6 -8 -9 -10 10 12 -13 -14 -15
leaf_value=-0.018350019827831604 0.14913032079184446 0.00050660208331296047 -0.053013020583873569 0.14050932966670171 -0.059393501674215435 -0.04553503950364788 0.11532592022931061 -0.09261074027061561 0.11199705633250043 0.060634827306700043 0.14841794206879241 -0.079782530920797193 -0.0068644665541023053 0.0033096214115860495
leaf_weight=36.799312962597469 2.0971463951282194 263.96492503161426 2.6977496342733494 1.6071355312596987 1.7892636738251892 1.0680655194446447 1.3710332212503997 1.4932847759337162 1.7132778612431137 1.2594829097797617 1.1284591046860435 8.0977504180482338 1.4077221264597026 134.44279101247957
leaf_count=728 20 4522 31 15 39 14 17 34 34 41 23 353 27 2602
internal_value=-0.00012173 0.00210968 0.0326913 0.0534476 0.0312557 0.0536189 0.028884 0.00115881 0.0515031 -0.0035066 -0.0346301 -0.0608824 0.0622275 -0.00134496
internal_weight=460.937 277.802 13.837 11.1392 9.04206 7.2528 5.64566 4.27463 2.78134 183.136 11.8934 9.35723 2.53618 171.242
internal_count=8500 4726 204 173 153 114 99 82 48 3774 444 394 50 3330
is_linear=0
shrinkage=0.08


Tree=211
num_leaves=15
num_cat=0
split_feature=11 11 5 11 3 3 6 15 0 8 15 3 7 18
split_gain=0.552818 5.5744 4.95713 2.68006 2.35089 2.28908 2.24943 2.88183 2.08623 2.00846 1.87799 7.48823 3.87558 5.23098
threshold=3740.202663475307 3988.0085683635239 4.5508394773112135 3637.2506346225578 0.09171687705088867 0.20636860501229551 1.5000000000000002 1.0000000180025095e-35 0.87920839255860683 14.500000000000002 1.5000000000000002 0.054139339472305502 0.37688084694519319 18.551050071842049
decision_type=2 2 2 2 2 2 2 2 2 2 2 2 2 2
left_child=3 2 4 -1 6 10 -2 -8 -6 -4 -3 -12 -13 -14
right_child=1 5 9 -5 8 -7 7 -9 -10 -11 11 12 13 -15
leaf_value=-0.0021284863709989431 0.022770358962398773 -0.0031294226745609169 -0.096699424781411775 -0.067217712369401814 -0.087744451467471882 -0.067095730071607379 0.15342736989639494 0.049320213753519269 0.071816742221472676 0.033091148442777232 -0.027384157057810887 0.00059953085718859878 0.1014263264011321 0.023110245801487288
leaf_weight=169.60369972171611 2.3381929828319672 214.02278049681627 1.743222606746712 4.1476271913270457 0.98129261591384365 3.2693560406041788 4.3959341694135228 2.7765559693798423 1.1264162360457701 1.3570928473491219 18.817760990408715 13.259866371110546 9.2239796880166995 13.370299193673416
leaf_count=3162 33 3790 41 102 47 228 35 34 23 25 317 186 173 304
internal_value=-0.000121546 0.0020365 0.0499888 -0.00368223 0.0739716 -0.000558681 0.0909123 0.113126 -0.00247066 -0.0398865 0.000250912 0.0134838 0.0349331 0.0550823
internal_weight=460.434 286.683 14.7187 173.751 11.6184 271.964 9.51068 7.17249 2.10771 3.10032 268.695 54.6719 35.8541 22.5943
internal_count=8500 5236 238 3264 172 4998 102 69 70 66 4770 980 663 477
is_linear=0
shrinkage=0.08


Tree=212
num_leaves=15
num_cat=0
split_feature=7 11 10 0 1 8 10 10 0 9 3 15 16 7
split_gain=0.54557 1.79869 2.13725 1.75836 2.05247 3.68121 2.074 2.13638 2.00087 1.31239 1.54583 1.13917 1.10758 0.924436
threshold=0.88893903160978649 680.77227271422964 1.2898045167358083 0.85380262599989132 0.86354025655767319 17.500000000000004 3.7066266135536865 5.019847874406751 0.87163331133970634 1.0000000180025095e-35 0.054139339472305502 1.5000000000000002 16.153704618057251 0.86291901827358719
decision_type=2 2 2 2 2 2 2 2 2 2 2 2 2 2
left_child=13 -2 -3 9 8 6 -6 -8 11 10 -4 -5 -10 -1
right_child=1 2 3 4 5 -7 7 -9 12 -11 -12 -13 -14 -15
leaf_value=1.6247386338554131e-05 0.074780233129509446 0.061865786538037267 0.056897789605068944 -0.01597602648063073 -0.020733749489853955 -0.086408986186639669 0.15038701003429475 0.031086288807259849 -0.013756873866712878 -0.078136355582885453 -0.082140016344168801 0.11963130067480088 -0.084822097493961496 0.0264065598924344
leaf_weight=425.94769825451658 1.4574160522315676 2.0259730765828889 1.1899645773228287 0.9297082134289647 1.6958283237181602 1.5480033596977589 1.7621371101122352 2.1121422308497131 2.2384870647219941 5.1280208778334782 0.89796228122577293 0.69122781907208264 3.7632500414620154 8.6679578006442153
leaf_count=7378 25 35 28 33 35 47 17 39 31 355 74 14 158 231
internal_value=-0.000123951 -0.0115108 -0.0167546 -0.024009 -0.00816937 0.0227222 0.0530511 0.0853478 -0.0370161 -0.0563664 -0.0028987 0.041852 -0.0583167 0.000542575
internal_weight=460.056 25.4401 23.9827 21.9567 14.7408 7.11811 5.57011 3.87428 7.62267 7.21595 2.08793 1.62094 6.00174 434.616
internal_count=8500 891 866 831 374 138 91 56 236 457 102 47 189 7609
is_linear=0
shrinkage=0.08


Tree=213
num_leaves=15
num_cat=0
split_feature=3 3 5 10 10 16 8 3 10 0 0 11 2 11
split_gain=0.551068 0.754991 2.67615 2.38727 4.43455 0.713143 1.8052 0.903248 4.05805 0.843827 2.7203 2.54165 3.17341 4.54379
threshold=0.31927028517833789 0.20636860501229551 4.8962958342087406 1.9532667881507224 1.6701886393641172 1.806269467508246 16.500000000000004 0.2003894004885842 3.1088379496313503 0.93533926436581372 0.93782156662053306 1119.448351245788 0.72511354771532655 1386.5408298066293
decision_type=2 2 2 2 2 2 2 2 2 2 2 2 2 2
left_child=1 5 3 4 -3 6 -1 9 -9 -7 -11 -12 -13 -14
right_child=-2 2 -4 -5 -6 7 -8 8 -10 10 11 12 13 -15
leaf_value=-0.072414275298119044 0.045489633925397337 -0.084621435261256497 0.087423555870285719 -0.083607542315305483 0.23984398314640995 0.001867098904822478 0.018482818402477331 0.18479911777457148 -0.082959049016297845 -0.06837502628843177 -0.059290796419044889 -0.0240678078183812 0.11472618884744179 0.0060708761453939098
leaf_weight=2.8807834973558775 1.6890395439695556 0.65106732241110765 1.0483258999884126 3.7929162060754607 0.46008922636974603 364.60858444769838 2.7172627528198063 0.79787109652534016 0.66349648736650124 4.3964046990731722 4.9135644920170298 23.197809986653738 2.6053636465221635 45.136180391767994
leaf_count=34 33 39 19 325 13 6936 29 25 39 59 67 291 22 569
internal_value=-0.000121719 -0.000289975 -0.0285956 -0.0533966 0.0497278 8.28507e-05 -0.0282933 0.000438764 0.0632304 0.000232492 -0.00719426 -0.00364824 0.000205798 0.0120004
internal_weight=459.559 457.87 5.9524 4.90407 1.11116 451.917 5.59805 446.319 1.46137 444.858 80.2493 75.8529 70.9394 47.7415
internal_count=8500 8467 396 377 52 8071 63 8008 64 7944 1008 949 882 591
is_linear=0
shrinkage=0.08


Tree=214
num_leaves=15
num_cat=0
split_feature=16 10 18 16 17 10 10 11 11 16 8 16 1 2
split_gain=0.543686 1.61337 1.12001 1.66028 0.570722 2.30018 7.09892 2.55369 3.94845 2.44149 3.69939 2.77126 3.81315 3.37656
threshold=86.238251525583976 1.1928178989663423 37.648367052196527 88.80029996316334 1.0000000180025095e-35 3.021144840728196 3.3115649291319547 3389.1292103005312 3637.2506346225578 56.20716792147838 21.500000000000004 16.153704618057251 0.93659973830748922 0.78844243852485618
decision_type=2 2 2 2 2 2 2 2 2 2 2 2 2 2
left_child=4 -2 -3 -4 -1 7 -7 -6 -9 11 -11 -8 13 -13
right_child=1 2 3 -5 5 6 9 8 -10 10 -12 12 -14 -15
leaf_value=0.0014938732543842532 0.14038503303224745 -0.082407154350863737 -0.083590402739426375 0.099167920049823693 -0.065862603940771494 0.094058507368092584 0.0096462120776885114 0.15961118325893561 -0.018516142464642865 0.0076245664988555742 0.13320027531383427 -0.079474888824674059 0.030297782103987016 -0.016656705893137672
leaf_weight=369.4790431278816 0.32265282917069216 2.1228836583977686 0.60547845487599239 0.67034347436856478 7.4452599721262258 4.96123153247754 19.428166793251876 0.84116949420422216 14.972761146345873 8.8835319169884297 1.8067728530731972 9.8331948452396372 5.430836269631981 12.359360978443872
leaf_count=6459 9 266 59 28 157 82 206 14 295 318 68 232 56 251
internal_value=-0.000120946 -0.0305751 -0.046805 0.0124346 0.000127891 -0.00574331 0.00222691 -0.0272297 -0.00904125 -0.00566334 0.0288482 -0.0135045 -0.0297869 -0.0444905
internal_weight=459.163 3.72136 3.39871 1.27582 455.441 85.9623 62.7031 23.2592 15.8139 57.7419 10.6903 47.0516 27.6234 22.1926
internal_count=8500 362 353 87 8138 1679 1213 466 309 1131 386 745 539 483
is_linear=0
shrinkage=0.08


Tree=215
num_leaves=15
num_cat=0
split_feature=10 7 7 7 6 18 7 10 3 2 1 0 8 6
split_gain=0.539095 3.11647 2.98177 4.18666 2.40483 2.81021 2.0962 1.98276 1.86423 1.78181 6.06088 1.43902 1.63494 0.931055
threshold=7.6327349880525555 0.13717131514302972 0.78858079291221039 0.88893903160978649 1.5000000000000002 41.214036973325953 0.34186393707946339 7.6080890928547076 0.038504110284646391 0.63331494272106659 0.79101028058882805 0.88002909039280119 18.500000000000004 1.5000000000000002
decision_type=2 2 2 2 2 2 2 2 2 2 2 2 2 2
left_child=7 -2 4 9 6 11 -3 13 -8 -4 -11 12 -6 -1
right_child=1 2 3 -5 5 -7 8 -9 -10 10 -12 -13 -14 -15
leaf_value=-0.0070660886931773331 0.10431386569109899 0.080519348777055647 0.19113501550962742 -0.085512949917048151 -0.071804785723521475 0.021834723680007065 0.040756757824612605 0.091516335111743091 -0.087577594851060592 0.22093759795977636 -0.084982259127643761 -0.097792916672011773 0.011761094889340292 0.0020989624788417985
leaf_weight=89.413009439005691 1.3967195716686571 1.9832842019386667 0.92689635255374003 1.0754395767580716 4.0166022243210993 2.9465216276876172 1.3888281118124726 1.5273371299263079 1.5142926311818881 0.75448606710415311 0.91973057482391596 5.0326670531649143 2.3899639419978485 343.342692414677
leaf_count=2381 14 28 7 57 91 38 15 33 68 16 27 63 37 5625
internal_value=-0.000122927 -0.0117072 -0.0187686 0.047254 -0.0313637 -0.0478338 0.0171248 0.000526476 -0.0261835 0.102147 0.0528806 -0.065779 -0.0406306 0.000205343
internal_weight=458.628 24.3454 22.9487 3.67655 19.2722 14.3858 4.8864 434.283 2.90312 2.60111 1.67422 11.4392 6.40657 432.756
internal_count=8500 461 447 107 340 229 111 8039 83 50 43 191 128 8006
is_linear=0
shrinkage=0.08


Tree=216
num_leaves=15
num_cat=0
split_feature=10 5 5 10 9 18 7 1 1 1 15 18 2 5
split_gain=0.535332 3.02557 5.30019 3.99626 3.22312 2.95302 2.9067 2.51732 5.97517 2.55852 2.45972 2.36632 3.8287 2.70918
threshold=1.643920445488759 4.5938424272193439 4.4546643599311464 1.610074350164058 1.0000000180025095e-35 25.31776233159399 0.24296542183346179 0.79219424298358143 0.85158231388494499 0.95547248332063373 1.0000000180025095e-35 33.852840114629025 0.79588422618645094 3.7917625055052726
decision_type=2 2 2 2 2 2 2 2 2 2 2 2 2 2
left_child=1 2 3 4 11 -4 10 -8 -9 -10 -6 12 -1 -13
right_child=-2 -3 5 -5 6 -7 7 8 9 -11 -12 13 -14 -15
leaf_value=0.12856259490053462 -0.0010330939239052758 -0.029169584496526353 0.021044965760832542 0.13478231153795514 -0.044750907516655496 0.1416100550765852 -0.08820408546217598 0.07417363863137727 -0.069813663297516024 0.054543297170886955 0.086161737283977441 0.049232665096529321 -0.02106249713066799 -0.096593860670211099
leaf_weight=3.1953384201624484 412.44728443909844 10.684890774544327 2.1945352500770232 1.4700477137812402 1.3860822170972849 3.1903271495830268 4.0180240011977721 3.4219811419025055 7.1188524351455253 1.2438381607644258 2.7232144570443779 2.0134454161743638 1.6647513727657495 1.3702319948934016
leaf_count=42 7718 168 31 24 26 25 145 58 118 22 35 28 36 24
internal_value=-0.000122858 0.00809292 0.019465 0.00619453 -0.000519203 0.0924752 -0.0179353 -0.0335218 -0.0148777 -0.0513172 0.0420044 0.0415476 0.0773107 -0.0098203
internal_weight=458.143 45.6956 35.0107 29.6258 28.1558 5.38486 19.912 15.8027 11.7847 8.36269 4.1093 8.24377 4.86009 3.38368
internal_count=8500 782 614 558 534 56 404 343 198 140 61 130 78 52
is_linear=0
shrinkage=0.08


Tree=217
num_leaves=15
num_cat=0
split_feature=0 0 1 8 1 3 11 7 14 5 10 0 3 3
split_gain=0.517392 2.11523 5.63316 5.2876 2.71883 3.53256 3.38849 3.93315 5.41745 2.57243 2.56299 2.49736 2.30651 5.16142
threshold=0.83734467145539948 0.83115953803637688 0.79970545926753023 11.500000000000002 0.7216183512350004 0.097776225450951909 6322.6314297444396 0.6565624436977604 1.0000000180025095e-35 4.3319280394435689 6.9281643866760216 0.8197017487638979 0.062962770721296205 0.042086149237507794
decision_type=2 2 2 2 2 2 2 2 2 2 2 2 2 2
left_child=1 4 3 -3 5 -1 7 8 11 10 -9 -7 13 -6
right_child=-2 2 -4 -5 12 6 -8 9 -10 -11 -12 -13 -14 -15
leaf_value=-0.055688168017103704 0.0018473761175820849 0.12723827271343494 -0.074689127561781282 -0.057592745966677517 -0.0057405448701573812 -0.084308198940979226 -0.083405934661049189 -0.082378155749359652 0.25422541411419963 0.24624523742270715 0.25225765579129206 0.1549204052044314 -0.0081083972891550608 0.039354386435720617
leaf_weight=11.837266815971818 297.83434448142361 2.1398651830386366 8.025269739358917 1.8443628286477176 38.654149578040233 1.9671923710848203 1.4859315532085018 0.41256776788941329 0.44656554900575418 0.90043059215531684 0.22711979888845235 0.32548525615129609 63.334491441477439 28.018529917055275
leaf_count=589 4257 30 129 39 669 142 117 46 9 28 12 10 1932 491
internal_value=-0.000122239 -0.00379735 -0.0360839 0.041677 -0.00117053 -0.0306771 0.0206754 0.0568157 -0.000692829 0.1591 0.0364336 -0.0503456 0.00282457 0.0132102
internal_weight=457.454 159.619 12.0095 3.98423 147.61 17.6026 5.76529 4.27936 2.73924 1.54012 0.639688 2.29268 130.007 66.6727
internal_count=8500 4243 198 69 4045 953 364 247 161 86 58 152 3092 1160
is_linear=0
shrinkage=0.08


Tree=218
num_leaves=15
num_cat=0
split_feature=0 2 1 5 2 2 16 8 1 4 11 3 16 1
split_gain=0.512934 1.52682 0.886143 0.564326 1.91295 3.64483 3.14809 6.58794 3.74621 3.62391 2.38219 6.147 3.66223 3.30502
threshold=0.59586225355288491 0.62747647044037824 0.98445783137654186 4.0117226754631643 0.72199800222260135 0.70889741251650007 77.87878844734972 9.5000000000000018 0.91277530732811896 36.613341702973209 6620.5002186144502 0.065022262241886244 3.227163214761688 0.88627665349727847
decision_type=2 2 2 2 2 2 2 2 2 2 2 2 2 2
left_child=1 -1 -3 4 5 6 10 8 9 -8 -2 13 -13 -12
right_child=3 2 -4 -5 -6 -7 7 -9 -10 -11 11 12 -14 -15
leaf_value=0.066780981742455933 -0.026767525384993142 -0.081264254792341867 0.076263369587815003 0.0023800701943201301 0.0018037284937756158 -0.092092061102996933 0.3764008588793194 -0.08209077975871458 0.38894383240438402 -0.082196955645754188 0.086328201244849898 0.11868599049797171 -0.071352593035424891 -0.035254981376305596
leaf_weight=0.75175464083440546 31.374266098922817 2.1026091274979994 0.25641556829214085 273.89209265002864 128.88067969535768 3.7795979317161246 0.16821116488426813 0.75523950300703291 0.48924816766520962 0.32020577072398737 6.2316360463155416 0.73919887701049347 5.3184646249865182 1.8573814313858745
leaf_count=31 611 305 4 4537 2564 96 2 84 9 41 65 6 124 21
internal_value=-0.000128308 -0.0325028 -0.0641417 9.36143e-05 -0.00338717 -0.0164963 -0.0104498 0.0953813 0.232477 0.0757445 -0.0144786 0.0127755 -0.0481627 0.0584106
internal_weight=456.917 3.11078 2.35902 453.806 179.914 51.0334 47.2539 1.7329 0.977665 0.488417 45.5209 14.1467 6.05766 8.08902
internal_count=8500 340 309 8160 3623 1059 963 136 52 43 827 216 130 86
is_linear=0
shrinkage=0.08


Tree=219
num_leaves=15
num_cat=0
split_feature=16 9 1 18 18 2 18 16 16 5 16 10 10 3
split_gain=0.552181 1.75879 2.04159 1.97902 3.87844 1.92856 1.70157 1.62147 1.59574 1.3274 0.860653 5.09443 4.82905 4.27347
threshold=81.640565965435684 1.5000000000000002 0.79219424298358143 15.441427594993959 21.328016466116548 0.77976215893979173 37.648367052196527 81.047206761588441 79.383947360299985 4.3645375923087917 73.078067968270304 2.9327871549951596 3.2531063755757637 0.051107647982095793
decision_type=2 2 2 2 2 2 2 2 2 2 2 2 2 2
left_child=7 2 -2 -4 -5 6 -6 8 10 -9 -1 -12 -13 -14
right_child=1 -3 3 4 5 -7 -8 9 -10 -11 11 12 13 -15
leaf_value=-0.00052252662438913528 -0.081731988809740308 -0.081986356678610317 -0.083314708470710652 0.1512394100514213 -0.081786350588577236 -0.082500514911471229 0.09826323055487933 0.11967239644219445 -0.081702059261542795 -0.0034006173857458028 -0.071391366499617692 0.2033690813918512 0.069197714324474233 -0.020962189546827364
leaf_weight=425.68130383813696 1.5136035923205762 2.1968017588806106 0.91850701696239401 1.4821712717530315 0.4640891368617307 1.2559470029664224 1.2164458005427148 1.3189787344308563 1.5277484566613555 0.97578717069700349 3.3584736508491941 1.0478609831770871 6.8748138187220302 6.5896479372458998
leaf_count=6784 232 267 98 31 50 116 30 36 166 30 170 27 152 311
internal_value=-0.000131499 -0.0196982 0.000275472 0.0235326 0.0457429 -0.00750576 0.0485415 0.000264211 -8.16158e-05 0.0673389 0.000199514 0.0173985 0.0379464 0.0250725
internal_weight=456.422 9.04757 6.85076 5.33716 4.41865 2.93648 1.68053 447.375 445.08 2.29477 443.552 17.8708 14.5123 13.4645
internal_count=8500 824 557 325 227 196 80 7676 7610 66 7444 660 490 463
is_linear=0
shrinkage=0.08


end of trees

feature_importances:
distanceKm=302
firstTimeFixRate=294
slaHitRate=280
utilizationPct=278
reworkRate=253
notToExceedUsd=253
avgResponseMinutes=250
estimatedLabourHours=227
slaHoursRemaining=225
csat=214
acceptanceRate=179
openJobs=114
dataSufficiency=55
isRecall=33
slaSensitivity=33
riskTier=32
priority=30
isAfterHours=15
safetyRisk=13

parameters:
[boosting: gbdt]
[objective: binary]
[metric: binary_logloss]
[tree_learner: serial]
[device_type: cpu]
[data_sample_strategy: bagging]
[data: ]
[valid: ]
[num_iterations: 220]
[learning_rate: 0.08]
[num_leaves: 15]
[num_threads: 0]
[seed: 0]
[deterministic: 0]
[force_col_wise: 0]
[force_row_wise: 0]
[histogram_pool_size: -1]
[max_depth: -1]
[min_data_in_leaf: 20]
[min_sum_hessian_in_leaf: 0.001]
[bagging_fraction: 1]
[pos_bagging_fraction: 1]
[neg_bagging_fraction: 1]
[bagging_freq: 0]
[bagging_seed: 3]
[bagging_by_query: 0]
[feature_fraction: 1]
[feature_fraction_bynode: 1]
[feature_fraction_seed: 2]
[extra_trees: 0]
[extra_seed: 6]
[early_stopping_round: 0]
[early_stopping_min_delta: 0]
[first_metric_only: 0]
[max_delta_step: 0]
[lambda_l1: 0]
[lambda_l2: 0]
[linear_lambda: 0]
[min_gain_to_split: 0]
[drop_rate: 0.1]
[max_drop: 50]
[skip_drop: 0.5]
[xgboost_dart_mode: 0]
[uniform_drop: 0]
[drop_seed: 4]
[top_rate: 0.2]
[other_rate: 0.1]
[min_data_per_group: 100]
[max_cat_threshold: 32]
[cat_l2: 10]
[cat_smooth: 10]
[max_cat_to_onehot: 4]
[top_k: 20]
[monotone_constraints: ]
[monotone_constraints_method: basic]
[monotone_penalty: 0]
[feature_contri: ]
[forcedsplits_filename: ]
[refit_decay_rate: 0.9]
[cegb_tradeoff: 1]
[cegb_penalty_split: 0]
[cegb_penalty_feature_lazy: ]
[cegb_penalty_feature_coupled: ]
[path_smooth: 0]
[interaction_constraints: ]
[verbosity: -1]
[saved_feature_importance_type: 0]
[use_quantized_grad: 0]
[num_grad_quant_bins: 4]
[quant_train_renew_leaf: 0]
[stochastic_rounding: 1]
[linear_tree: 0]
[max_bin: 255]
[max_bin_by_feature: ]
[min_data_in_bin: 3]
[bin_construct_sample_cnt: 200000]
[data_random_seed: 1]
[is_enable_sparse: 1]
[enable_bundle: 1]
[use_missing: 1]
[zero_as_missing: 0]
[feature_pre_filter: 1]
[pre_partition: 0]
[two_round: 0]
[header: 0]
[label_column: ]
[weight_column: ]
[group_column: ]
[ignore_column: ]
[categorical_feature: ]
[forcedbins_filename: ]
[precise_float_parser: 0]
[parser_config_file: ]
[objective_seed: 5]
[num_class: 1]
[is_unbalance: 0]
[scale_pos_weight: 1]
[sigmoid: 1]
[boost_from_average: 1]
[reg_sqrt: 0]
[alpha: 0.9]
[fair_c: 1]
[poisson_max_delta_step: 0.7]
[tweedie_variance_power: 1.5]
[lambdarank_truncation_level: 30]
[lambdarank_norm: 1]
[label_gain: ]
[lambdarank_position_bias_regularization: 0]
[eval_at: ]
[multi_error_top_k: 1]
[auc_mu_weights: ]
[num_machines: 1]
[local_listen_port: 12400]
[time_out: 120]
[machine_list_filename: ]
[machines: ]
[gpu_platform_id: -1]
[gpu_device_id: -1]
[gpu_device_id_list: ]
[gpu_use_dp: 0]
[num_gpu: 1]

end of parameters

pandas_categorical:null
